receipt_id,purchase_order_id,actual_arrival_date,information_available_date,received_qty,data_origin
PO-SIM-0000001-R1,PO-SIM-0000001,2023-11-05,2023-11-05,23,simulation
PO-SIM-0000001-R2,PO-SIM-0000001,2023-11-07,2023-11-07,16,simulation
PO-SIM-0000002-R1,PO-SIM-0000002,2023-11-06,2023-11-06,62,simulation
PO-SIM-0000003-R1,PO-SIM-0000003,2023-11-05,2023-11-05,14,simulation
PO-SIM-0000004-R1,PO-SIM-0000004,2023-11-05,2023-11-05,52,simulation
PO-SIM-0000005-R1,PO-SIM-0000005,2023-11-04,2023-11-04,25,simulation
PO-SIM-0000006-R1,PO-SIM-0000006,2023-11-07,2023-11-07,13,simulation
PO-SIM-0000007-R1,PO-SIM-0000007,2023-11-06,2023-11-06,62,simulation
PO-SIM-0000008-R1,PO-SIM-0000008,2023-11-07,2023-11-07,44,simulation
PO-SIM-0000009-R1,PO-SIM-0000009,2023-11-05,2023-11-05,34,simulation
PO-SIM-0000010-R1,PO-SIM-0000010,2023-11-04,2023-11-04,131,simulation
PO-SIM-0000011-R1,PO-SIM-0000011,2023-11-05,2023-11-05,56,simulation
PO-SIM-0000012-R1,PO-SIM-0000012,2023-11-05,2023-11-05,3,simulation
PO-SIM-0000013-R1,PO-SIM-0000013,2023-11-04,2023-11-04,25,simulation
PO-SIM-0000013-R2,PO-SIM-0000013,2023-11-06,2023-11-06,14,simulation
PO-SIM-0000014-R1,PO-SIM-0000014,2023-11-08,2023-11-08,59,simulation
PO-SIM-0000015-R1,PO-SIM-0000015,2023-11-06,2023-11-06,73,simulation
PO-SIM-0000016-R1,PO-SIM-0000016,2023-11-03,2023-11-03,35,simulation
PO-SIM-0000017-R1,PO-SIM-0000017,2023-11-06,2023-11-06,10,simulation
PO-SIM-0000018-R1,PO-SIM-0000018,2023-11-06,2023-11-06,133,simulation
PO-SIM-0000019-R1,PO-SIM-0000019,2023-11-06,2023-11-06,1,simulation
PO-SIM-0000020-R1,PO-SIM-0000020,2023-11-04,2023-11-04,31,simulation
PO-SIM-0000021-R1,PO-SIM-0000021,2023-11-09,2023-11-09,66,simulation
PO-SIM-0000022-R1,PO-SIM-0000022,2023-11-05,2023-11-05,9,simulation
PO-SIM-0000023-R1,PO-SIM-0000023,2023-11-08,2023-11-08,29,simulation
PO-SIM-0000023-R2,PO-SIM-0000023,2023-11-09,2023-11-09,9,simulation
PO-SIM-0000024-R1,PO-SIM-0000024,2023-11-07,2023-11-07,98,simulation
PO-SIM-0000025-R1,PO-SIM-0000025,2023-11-04,2023-11-04,36,simulation
PO-SIM-0000026-R1,PO-SIM-0000026,2023-11-05,2023-11-05,18,simulation
PO-SIM-0000027-R1,PO-SIM-0000027,2023-11-07,2023-11-07,30,simulation
PO-SIM-0000027-R2,PO-SIM-0000027,2023-11-08,2023-11-08,36,simulation
PO-SIM-0000028-R1,PO-SIM-0000028,2023-11-05,2023-11-05,56,simulation
PO-SIM-0000029-R1,PO-SIM-0000029,2023-11-12,2023-11-12,33,simulation
PO-SIM-0000030-R1,PO-SIM-0000030,2023-11-06,2023-11-06,37,simulation
PO-SIM-0000030-R2,PO-SIM-0000030,2023-11-09,2023-11-09,30,simulation
PO-SIM-0000031-R1,PO-SIM-0000031,2023-11-05,2023-11-05,114,simulation
PO-SIM-0000032-R1,PO-SIM-0000032,2023-11-10,2023-11-10,100,simulation
PO-SIM-0000033-R1,PO-SIM-0000033,2023-11-07,2023-11-07,42,simulation
PO-SIM-0000034-R1,PO-SIM-0000034,2023-11-05,2023-11-05,35,simulation
PO-SIM-0000035-R1,PO-SIM-0000035,2023-11-08,2023-11-08,72,simulation
PO-SIM-0000036-R1,PO-SIM-0000036,2023-11-07,2023-11-07,181,simulation
PO-SIM-0000037-R1,PO-SIM-0000037,2023-11-08,2023-11-08,70,simulation
PO-SIM-0000038-R1,PO-SIM-0000038,2023-11-06,2023-11-06,40,simulation
PO-SIM-0000038-R2,PO-SIM-0000038,2023-11-09,2023-11-09,28,simulation
PO-SIM-0000039-R1,PO-SIM-0000039,2023-11-05,2023-11-05,42,simulation
PO-SIM-0000040-R1,PO-SIM-0000040,2023-11-09,2023-11-09,4,simulation
PO-SIM-0000041-R1,PO-SIM-0000041,2023-11-09,2023-11-09,40,simulation
PO-SIM-0000042-R1,PO-SIM-0000042,2023-11-05,2023-11-05,31,simulation
PO-SIM-0000043-R1,PO-SIM-0000043,2023-11-09,2023-11-09,70,simulation
PO-SIM-0000044-R1,PO-SIM-0000044,2023-11-08,2023-11-08,141,simulation
PO-SIM-0000045-R1,PO-SIM-0000045,2023-11-09,2023-11-09,89,simulation
PO-SIM-0000046-R1,PO-SIM-0000046,2023-11-08,2023-11-08,42,simulation
PO-SIM-0000047-R1,PO-SIM-0000047,2023-11-06,2023-11-06,16,simulation
PO-SIM-0000048-R1,PO-SIM-0000048,2023-11-04,2023-11-04,159,simulation
PO-SIM-0000049-R1,PO-SIM-0000049,2023-11-09,2023-11-09,10,simulation
PO-SIM-0000050-R1,PO-SIM-0000050,2023-11-06,2023-11-06,40,simulation
PO-SIM-0000051-R1,PO-SIM-0000051,2023-11-07,2023-11-07,123,simulation
PO-SIM-0000053-R1,PO-SIM-0000053,2023-11-08,2023-11-08,27,simulation
PO-SIM-0000054-R1,PO-SIM-0000054,2023-11-09,2023-11-09,3,simulation
PO-SIM-0000054-R2,PO-SIM-0000054,2023-11-12,2023-11-12,5,simulation
PO-SIM-0000055-R1,PO-SIM-0000055,2023-11-09,2023-11-09,35,simulation
PO-SIM-0000056-R1,PO-SIM-0000056,2023-11-09,2023-11-09,97,simulation
PO-SIM-0000057-R1,PO-SIM-0000057,2023-11-04,2023-11-04,57,simulation
PO-SIM-0000058-R1,PO-SIM-0000058,2023-11-05,2023-11-05,109,simulation
PO-SIM-0000059-R1,PO-SIM-0000059,2023-11-05,2023-11-05,56,simulation
PO-SIM-0000059-R2,PO-SIM-0000059,2023-11-08,2023-11-08,40,simulation
PO-SIM-0000060-R1,PO-SIM-0000060,2023-11-07,2023-11-07,64,simulation
PO-SIM-0000061-R1,PO-SIM-0000061,2023-11-08,2023-11-08,14,simulation
PO-SIM-0000062-R1,PO-SIM-0000062,2023-11-07,2023-11-07,18,simulation
PO-SIM-0000062-R2,PO-SIM-0000062,2023-11-10,2023-11-10,22,simulation
PO-SIM-0000063-R1,PO-SIM-0000063,2023-11-06,2023-11-06,4,simulation
PO-SIM-0000064-R1,PO-SIM-0000064,2023-11-05,2023-11-05,38,simulation
PO-SIM-0000065-R1,PO-SIM-0000065,2023-11-05,2023-11-05,8,simulation
PO-SIM-0000066-R1,PO-SIM-0000066,2023-11-09,2023-11-09,9,simulation
PO-SIM-0000067-R1,PO-SIM-0000067,2023-11-06,2023-11-06,23,simulation
PO-SIM-0000068-R1,PO-SIM-0000068,2023-11-08,2023-11-08,112,simulation
PO-SIM-0000069-R1,PO-SIM-0000069,2023-11-09,2023-11-09,26,simulation
PO-SIM-0000069-R2,PO-SIM-0000069,2023-11-11,2023-11-11,26,simulation
PO-SIM-0000070-R1,PO-SIM-0000070,2023-11-09,2023-11-09,58,simulation
PO-SIM-0000071-R1,PO-SIM-0000071,2023-11-06,2023-11-06,29,simulation
PO-SIM-0000071-R2,PO-SIM-0000071,2023-11-09,2023-11-09,10,simulation
PO-SIM-0000072-R1,PO-SIM-0000072,2023-11-13,2023-11-13,11,simulation
PO-SIM-0000072-R2,PO-SIM-0000072,2023-11-15,2023-11-15,13,simulation
PO-SIM-0000073-R1,PO-SIM-0000073,2023-11-07,2023-11-07,27,simulation
PO-SIM-0000074-R1,PO-SIM-0000074,2023-11-09,2023-11-09,1,simulation
PO-SIM-0000075-R1,PO-SIM-0000075,2023-11-08,2023-11-08,34,simulation
PO-SIM-0000076-R1,PO-SIM-0000076,2023-11-07,2023-11-07,75,simulation
PO-SIM-0000077-R1,PO-SIM-0000077,2023-11-07,2023-11-07,5,simulation
PO-SIM-0000078-R1,PO-SIM-0000078,2023-11-08,2023-11-08,24,simulation
PO-SIM-0000079-R1,PO-SIM-0000079,2023-11-09,2023-11-09,58,simulation
PO-SIM-0000080-R1,PO-SIM-0000080,2023-11-07,2023-11-07,39,simulation
PO-SIM-0000081-R1,PO-SIM-0000081,2023-11-06,2023-11-06,42,simulation
PO-SIM-0000082-R1,PO-SIM-0000082,2023-11-07,2023-11-07,83,simulation
PO-SIM-0000083-R1,PO-SIM-0000083,2023-11-07,2023-11-07,22,simulation
PO-SIM-0000084-R1,PO-SIM-0000084,2023-11-11,2023-11-11,51,simulation
PO-SIM-0000085-R1,PO-SIM-0000085,2023-11-10,2023-11-10,12,simulation
PO-SIM-0000086-R1,PO-SIM-0000086,2023-11-08,2023-11-08,51,simulation
PO-SIM-0000087-R1,PO-SIM-0000087,2023-11-06,2023-11-06,59,simulation
PO-SIM-0000087-R2,PO-SIM-0000087,2023-11-07,2023-11-07,24,simulation
PO-SIM-0000088-R1,PO-SIM-0000088,2023-11-08,2023-11-08,10,simulation
PO-SIM-0000089-R1,PO-SIM-0000089,2023-11-07,2023-11-07,3,simulation
PO-SIM-0000090-R1,PO-SIM-0000090,2023-11-09,2023-11-09,46,simulation
PO-SIM-0000091-R1,PO-SIM-0000091,2023-11-07,2023-11-07,28,simulation
PO-SIM-0000092-R1,PO-SIM-0000092,2023-11-06,2023-11-06,37,simulation
PO-SIM-0000093-R1,PO-SIM-0000093,2023-11-08,2023-11-08,32,simulation
PO-SIM-0000094-R1,PO-SIM-0000094,2023-11-08,2023-11-08,29,simulation
PO-SIM-0000095-R1,PO-SIM-0000095,2023-11-11,2023-11-11,115,simulation
PO-SIM-0000096-R1,PO-SIM-0000096,2023-11-10,2023-11-10,110,simulation
PO-SIM-0000097-R1,PO-SIM-0000097,2023-11-07,2023-11-07,77,simulation
PO-SIM-0000098-R1,PO-SIM-0000098,2023-11-13,2023-11-13,117,simulation
PO-SIM-0000099-R1,PO-SIM-0000099,2023-11-09,2023-11-09,49,simulation
PO-SIM-0000100-R1,PO-SIM-0000100,2023-11-09,2023-11-09,52,simulation
PO-SIM-0000101-R1,PO-SIM-0000101,2023-11-08,2023-11-08,1,simulation
PO-SIM-0000102-R1,PO-SIM-0000102,2023-11-09,2023-11-09,38,simulation
PO-SIM-0000103-R1,PO-SIM-0000103,2023-11-09,2023-11-09,149,simulation
PO-SIM-0000104-R1,PO-SIM-0000104,2023-11-10,2023-11-10,12,simulation
PO-SIM-0000105-R1,PO-SIM-0000105,2023-11-08,2023-11-08,8,simulation
PO-SIM-0000106-R1,PO-SIM-0000106,2023-11-07,2023-11-07,8,simulation
PO-SIM-0000107-R1,PO-SIM-0000107,2023-11-08,2023-11-08,9,simulation
PO-SIM-0000108-R1,PO-SIM-0000108,2023-11-09,2023-11-09,62,simulation
PO-SIM-0000109-R1,PO-SIM-0000109,2023-11-09,2023-11-09,31,simulation
PO-SIM-0000110-R1,PO-SIM-0000110,2023-11-08,2023-11-08,15,simulation
PO-SIM-0000111-R1,PO-SIM-0000111,2023-11-13,2023-11-13,82,simulation
PO-SIM-0000112-R1,PO-SIM-0000112,2023-11-08,2023-11-08,26,simulation
PO-SIM-0000113-R1,PO-SIM-0000113,2023-11-10,2023-11-10,40,simulation
PO-SIM-0000114-R1,PO-SIM-0000114,2023-11-08,2023-11-08,49,simulation
PO-SIM-0000115-R1,PO-SIM-0000115,2023-11-11,2023-11-11,89,simulation
PO-SIM-0000116-R1,PO-SIM-0000116,2023-11-10,2023-11-10,65,simulation
PO-SIM-0000117-R1,PO-SIM-0000117,2023-11-11,2023-11-11,66,simulation
PO-SIM-0000118-R1,PO-SIM-0000118,2023-11-10,2023-11-10,23,simulation
PO-SIM-0000119-R1,PO-SIM-0000119,2023-11-08,2023-11-08,5,simulation
PO-SIM-0000120-R1,PO-SIM-0000120,2023-11-11,2023-11-11,29,simulation
PO-SIM-0000121-R1,PO-SIM-0000121,2023-11-09,2023-11-09,118,simulation
PO-SIM-0000122-R1,PO-SIM-0000122,2023-11-11,2023-11-11,44,simulation
PO-SIM-0000122-R2,PO-SIM-0000122,2023-11-13,2023-11-13,44,simulation
PO-SIM-0000123-R1,PO-SIM-0000123,2023-11-09,2023-11-09,15,simulation
PO-SIM-0000124-R1,PO-SIM-0000124,2023-11-09,2023-11-09,26,simulation
PO-SIM-0000124-R2,PO-SIM-0000124,2023-11-10,2023-11-10,21,simulation
PO-SIM-0000125-R1,PO-SIM-0000125,2023-11-12,2023-11-12,36,simulation
PO-SIM-0000126-R1,PO-SIM-0000126,2023-11-11,2023-11-11,48,simulation
PO-SIM-0000126-R2,PO-SIM-0000126,2023-11-14,2023-11-14,25,simulation
PO-SIM-0000127-R1,PO-SIM-0000127,2023-11-09,2023-11-09,9,simulation
PO-SIM-0000127-R2,PO-SIM-0000127,2023-11-12,2023-11-12,3,simulation
PO-SIM-0000128-R1,PO-SIM-0000128,2023-11-09,2023-11-09,15,simulation
PO-SIM-0000129-R1,PO-SIM-0000129,2023-11-09,2023-11-09,56,simulation
PO-SIM-0000130-R1,PO-SIM-0000130,2023-11-13,2023-11-13,34,simulation
PO-SIM-0000131-R1,PO-SIM-0000131,2023-11-10,2023-11-10,47,simulation
PO-SIM-0000132-R1,PO-SIM-0000132,2023-11-13,2023-11-13,49,simulation
PO-SIM-0000133-R1,PO-SIM-0000133,2023-11-08,2023-11-08,4,simulation
PO-SIM-0000134-R1,PO-SIM-0000134,2023-11-12,2023-11-12,3,simulation
PO-SIM-0000135-R1,PO-SIM-0000135,2023-11-14,2023-11-14,63,simulation
PO-SIM-0000136-R1,PO-SIM-0000136,2023-11-11,2023-11-11,96,simulation
PO-SIM-0000137-R1,PO-SIM-0000137,2023-11-10,2023-11-10,35,simulation
PO-SIM-0000138-R1,PO-SIM-0000138,2023-11-14,2023-11-14,34,simulation
PO-SIM-0000139-R1,PO-SIM-0000139,2023-11-12,2023-11-12,60,simulation
PO-SIM-0000140-R1,PO-SIM-0000140,2023-11-12,2023-11-12,59,simulation
PO-SIM-0000141-R1,PO-SIM-0000141,2023-11-10,2023-11-10,5,simulation
PO-SIM-0000142-R1,PO-SIM-0000142,2023-11-10,2023-11-10,6,simulation
PO-SIM-0000143-R1,PO-SIM-0000143,2023-11-10,2023-11-10,48,simulation
PO-SIM-0000144-R1,PO-SIM-0000144,2023-11-09,2023-11-09,118,simulation
PO-SIM-0000145-R1,PO-SIM-0000145,2023-11-11,2023-11-11,13,simulation
PO-SIM-0000146-R1,PO-SIM-0000146,2023-11-09,2023-11-09,31,simulation
PO-SIM-0000147-R1,PO-SIM-0000147,2023-11-11,2023-11-11,1,simulation
PO-SIM-0000148-R1,PO-SIM-0000148,2023-11-10,2023-11-10,5,simulation
PO-SIM-0000149-R1,PO-SIM-0000149,2023-11-13,2023-11-13,19,simulation
PO-SIM-0000150-R1,PO-SIM-0000150,2023-11-09,2023-11-09,15,simulation
PO-SIM-0000151-R1,PO-SIM-0000151,2023-11-12,2023-11-12,45,simulation
PO-SIM-0000152-R1,PO-SIM-0000152,2023-11-10,2023-11-10,64,simulation
PO-SIM-0000153-R1,PO-SIM-0000153,2023-11-11,2023-11-11,46,simulation
PO-SIM-0000154-R1,PO-SIM-0000154,2023-11-15,2023-11-15,43,simulation
PO-SIM-0000155-R1,PO-SIM-0000155,2023-11-12,2023-11-12,66,simulation
PO-SIM-0000156-R1,PO-SIM-0000156,2023-11-12,2023-11-12,53,simulation
PO-SIM-0000157-R1,PO-SIM-0000157,2023-11-13,2023-11-13,42,simulation
PO-SIM-0000158-R1,PO-SIM-0000158,2023-11-12,2023-11-12,27,simulation
PO-SIM-0000158-R2,PO-SIM-0000158,2023-11-14,2023-11-14,16,simulation
PO-SIM-0000159-R1,PO-SIM-0000159,2023-11-10,2023-11-10,60,simulation
PO-SIM-0000160-R1,PO-SIM-0000160,2023-11-13,2023-11-13,16,simulation
PO-SIM-0000161-R1,PO-SIM-0000161,2023-11-16,2023-11-16,53,simulation
PO-SIM-0000162-R1,PO-SIM-0000162,2023-11-15,2023-11-15,20,simulation
PO-SIM-0000162-R2,PO-SIM-0000162,2023-11-18,2023-11-18,19,simulation
PO-SIM-0000163-R1,PO-SIM-0000163,2023-11-13,2023-11-13,60,simulation
PO-SIM-0000164-R1,PO-SIM-0000164,2023-11-12,2023-11-12,64,simulation
PO-SIM-0000165-R1,PO-SIM-0000165,2023-11-11,2023-11-11,33,simulation
PO-SIM-0000166-R1,PO-SIM-0000166,2023-11-12,2023-11-12,1,simulation
PO-SIM-0000166-R2,PO-SIM-0000166,2023-11-15,2023-11-15,1,simulation
PO-SIM-0000167-R1,PO-SIM-0000167,2023-11-16,2023-11-16,88,simulation
PO-SIM-0000168-R1,PO-SIM-0000168,2023-11-14,2023-11-14,28,simulation
PO-SIM-0000169-R1,PO-SIM-0000169,2023-11-12,2023-11-12,81,simulation
PO-SIM-0000170-R1,PO-SIM-0000170,2023-11-11,2023-11-11,13,simulation
PO-SIM-0000171-R1,PO-SIM-0000171,2023-11-10,2023-11-10,132,simulation
PO-SIM-0000172-R1,PO-SIM-0000172,2023-11-13,2023-11-13,73,simulation
PO-SIM-0000173-R1,PO-SIM-0000173,2023-11-11,2023-11-11,20,simulation
PO-SIM-0000174-R1,PO-SIM-0000174,2023-11-13,2023-11-13,82,simulation
PO-SIM-0000175-R1,PO-SIM-0000175,2023-11-14,2023-11-14,93,simulation
PO-SIM-0000176-R1,PO-SIM-0000176,2023-11-12,2023-11-12,14,simulation
PO-SIM-0000177-R1,PO-SIM-0000177,2023-11-12,2023-11-12,73,simulation
PO-SIM-0000178-R1,PO-SIM-0000178,2023-11-12,2023-11-12,100,simulation
PO-SIM-0000179-R1,PO-SIM-0000179,2023-11-11,2023-11-11,21,simulation
PO-SIM-0000180-R1,PO-SIM-0000180,2023-11-14,2023-11-14,81,simulation
PO-SIM-0000180-R2,PO-SIM-0000180,2023-11-15,2023-11-15,49,simulation
PO-SIM-0000181-R1,PO-SIM-0000181,2023-11-14,2023-11-14,134,simulation
PO-SIM-0000182-R1,PO-SIM-0000182,2023-11-11,2023-11-11,11,simulation
PO-SIM-0000183-R1,PO-SIM-0000183,2023-11-14,2023-11-14,19,simulation
PO-SIM-0000184-R1,PO-SIM-0000184,2023-11-13,2023-11-13,60,simulation
PO-SIM-0000185-R1,PO-SIM-0000185,2023-11-11,2023-11-11,25,simulation
PO-SIM-0000186-R1,PO-SIM-0000186,2023-11-12,2023-11-12,41,simulation
PO-SIM-0000187-R1,PO-SIM-0000187,2023-11-13,2023-11-13,28,simulation
PO-SIM-0000188-R1,PO-SIM-0000188,2023-11-14,2023-11-14,153,simulation
PO-SIM-0000189-R1,PO-SIM-0000189,2023-11-14,2023-11-14,34,simulation
PO-SIM-0000190-R1,PO-SIM-0000190,2023-11-11,2023-11-11,63,simulation
PO-SIM-0000191-R1,PO-SIM-0000191,2023-11-11,2023-11-11,109,simulation
PO-SIM-0000192-R1,PO-SIM-0000192,2023-11-11,2023-11-11,74,simulation
PO-SIM-0000193-R1,PO-SIM-0000193,2023-11-13,2023-11-13,40,simulation
PO-SIM-0000194-R1,PO-SIM-0000194,2023-11-12,2023-11-12,18,simulation
PO-SIM-0000195-R1,PO-SIM-0000195,2023-11-18,2023-11-18,113,simulation
PO-SIM-0000196-R1,PO-SIM-0000196,2023-11-15,2023-11-15,9,simulation
PO-SIM-0000197-R1,PO-SIM-0000197,2023-11-15,2023-11-15,87,simulation
PO-SIM-0000198-R1,PO-SIM-0000198,2023-11-15,2023-11-15,40,simulation
PO-SIM-0000199-R1,PO-SIM-0000199,2023-11-12,2023-11-12,42,simulation
PO-SIM-0000200-R1,PO-SIM-0000200,2023-11-12,2023-11-12,45,simulation
PO-SIM-0000201-R1,PO-SIM-0000201,2023-11-16,2023-11-16,63,simulation
PO-SIM-0000202-R1,PO-SIM-0000202,2023-11-12,2023-11-12,50,simulation
PO-SIM-0000203-R1,PO-SIM-0000203,2023-11-14,2023-11-14,49,simulation
PO-SIM-0000204-R1,PO-SIM-0000204,2023-11-14,2023-11-14,43,simulation
PO-SIM-0000206-R1,PO-SIM-0000206,2023-11-14,2023-11-14,22,simulation
PO-SIM-0000207-R1,PO-SIM-0000207,2023-11-16,2023-11-16,63,simulation
PO-SIM-0000208-R1,PO-SIM-0000208,2023-11-18,2023-11-18,46,simulation
PO-SIM-0000209-R1,PO-SIM-0000209,2023-11-12,2023-11-12,3,simulation
PO-SIM-0000210-R1,PO-SIM-0000210,2023-11-15,2023-11-15,82,simulation
PO-SIM-0000211-R1,PO-SIM-0000211,2023-11-13,2023-11-13,48,simulation
PO-SIM-0000212-R1,PO-SIM-0000212,2023-11-12,2023-11-12,17,simulation
PO-SIM-0000213-R1,PO-SIM-0000213,2023-11-12,2023-11-12,22,simulation
PO-SIM-0000214-R1,PO-SIM-0000214,2023-11-15,2023-11-15,24,simulation
PO-SIM-0000215-R1,PO-SIM-0000215,2023-11-13,2023-11-13,58,simulation
PO-SIM-0000216-R1,PO-SIM-0000216,2023-11-16,2023-11-16,32,simulation
PO-SIM-0000217-R1,PO-SIM-0000217,2023-11-12,2023-11-12,31,simulation
PO-SIM-0000218-R1,PO-SIM-0000218,2023-11-13,2023-11-13,13,simulation
PO-SIM-0000219-R1,PO-SIM-0000219,2023-11-13,2023-11-13,17,simulation
PO-SIM-0000220-R1,PO-SIM-0000220,2023-11-17,2023-11-17,27,simulation
PO-SIM-0000221-R1,PO-SIM-0000221,2023-11-18,2023-11-18,3,simulation
PO-SIM-0000222-R1,PO-SIM-0000222,2023-11-15,2023-11-15,124,simulation
PO-SIM-0000223-R1,PO-SIM-0000223,2023-11-16,2023-11-16,38,simulation
PO-SIM-0000224-R1,PO-SIM-0000224,2023-11-15,2023-11-15,33,simulation
PO-SIM-0000225-R1,PO-SIM-0000225,2023-11-19,2023-11-19,25,simulation
PO-SIM-0000226-R1,PO-SIM-0000226,2023-11-17,2023-11-17,82,simulation
PO-SIM-0000227-R1,PO-SIM-0000227,2023-11-15,2023-11-15,18,simulation
PO-SIM-0000228-R1,PO-SIM-0000228,2023-11-14,2023-11-14,8,simulation
PO-SIM-0000228-R2,PO-SIM-0000228,2023-11-16,2023-11-16,9,simulation
PO-SIM-0000229-R1,PO-SIM-0000229,2023-11-15,2023-11-15,31,simulation
PO-SIM-0000229-R2,PO-SIM-0000229,2023-11-18,2023-11-18,10,simulation
PO-SIM-0000230-R1,PO-SIM-0000230,2023-11-14,2023-11-14,37,simulation
PO-SIM-0000231-R1,PO-SIM-0000231,2023-11-15,2023-11-15,38,simulation
PO-SIM-0000232-R1,PO-SIM-0000232,2023-11-16,2023-11-16,2,simulation
PO-SIM-0000232-R2,PO-SIM-0000232,2023-11-19,2023-11-19,3,simulation
PO-SIM-0000233-R1,PO-SIM-0000233,2023-11-19,2023-11-19,54,simulation
PO-SIM-0000234-R1,PO-SIM-0000234,2023-11-16,2023-11-16,14,simulation
PO-SIM-0000235-R1,PO-SIM-0000235,2023-11-13,2023-11-13,68,simulation
PO-SIM-0000236-R1,PO-SIM-0000236,2023-11-13,2023-11-13,18,simulation
PO-SIM-0000236-R2,PO-SIM-0000236,2023-11-15,2023-11-15,8,simulation
PO-SIM-0000237-R1,PO-SIM-0000237,2023-11-14,2023-11-14,35,simulation
PO-SIM-0000238-R1,PO-SIM-0000238,2023-11-15,2023-11-15,24,simulation
PO-SIM-0000238-R2,PO-SIM-0000238,2023-11-16,2023-11-16,27,simulation
PO-SIM-0000240-R1,PO-SIM-0000240,2023-11-17,2023-11-17,16,simulation
PO-SIM-0000241-R1,PO-SIM-0000241,2023-11-14,2023-11-14,69,simulation
PO-SIM-0000242-R1,PO-SIM-0000242,2023-11-14,2023-11-14,56,simulation
PO-SIM-0000243-R1,PO-SIM-0000243,2023-11-18,2023-11-18,12,simulation
PO-SIM-0000243-R2,PO-SIM-0000243,2023-11-19,2023-11-19,5,simulation
PO-SIM-0000244-R1,PO-SIM-0000244,2023-11-15,2023-11-15,86,simulation
PO-SIM-0000245-R1,PO-SIM-0000245,2023-11-15,2023-11-15,38,simulation
PO-SIM-0000246-R1,PO-SIM-0000246,2023-11-17,2023-11-17,196,simulation
PO-SIM-0000247-R1,PO-SIM-0000247,2023-11-17,2023-11-17,57,simulation
PO-SIM-0000248-R1,PO-SIM-0000248,2023-11-15,2023-11-15,41,simulation
PO-SIM-0000249-R1,PO-SIM-0000249,2023-11-17,2023-11-17,40,simulation
PO-SIM-0000250-R1,PO-SIM-0000250,2023-11-20,2023-11-20,40,simulation
PO-SIM-0000250-R2,PO-SIM-0000250,2023-11-21,2023-11-21,14,simulation
PO-SIM-0000251-R1,PO-SIM-0000251,2023-11-18,2023-11-18,47,simulation
PO-SIM-0000251-R2,PO-SIM-0000251,2023-11-20,2023-11-20,26,simulation
PO-SIM-0000252-R1,PO-SIM-0000252,2023-11-17,2023-11-17,67,simulation
PO-SIM-0000253-R1,PO-SIM-0000253,2023-11-14,2023-11-14,27,simulation
PO-SIM-0000254-R1,PO-SIM-0000254,2023-11-19,2023-11-19,4,simulation
PO-SIM-0000255-R1,PO-SIM-0000255,2023-11-17,2023-11-17,67,simulation
PO-SIM-0000256-R1,PO-SIM-0000256,2023-11-14,2023-11-14,103,simulation
PO-SIM-0000257-R1,PO-SIM-0000257,2023-11-15,2023-11-15,102,simulation
PO-SIM-0000258-R1,PO-SIM-0000258,2023-11-17,2023-11-17,85,simulation
PO-SIM-0000259-R1,PO-SIM-0000259,2023-11-17,2023-11-17,31,simulation
PO-SIM-0000260-R1,PO-SIM-0000260,2023-11-17,2023-11-17,116,simulation
PO-SIM-0000261-R1,PO-SIM-0000261,2023-11-17,2023-11-17,76,simulation
PO-SIM-0000262-R1,PO-SIM-0000262,2023-11-14,2023-11-14,22,simulation
PO-SIM-0000263-R1,PO-SIM-0000263,2023-11-16,2023-11-16,64,simulation
PO-SIM-0000264-R1,PO-SIM-0000264,2023-11-17,2023-11-17,12,simulation
PO-SIM-0000265-R1,PO-SIM-0000265,2023-11-15,2023-11-15,67,simulation
PO-SIM-0000266-R1,PO-SIM-0000266,2023-11-16,2023-11-16,9,simulation
PO-SIM-0000267-R1,PO-SIM-0000267,2023-11-15,2023-11-15,28,simulation
PO-SIM-0000268-R1,PO-SIM-0000268,2023-11-19,2023-11-19,143,simulation
PO-SIM-0000269-R1,PO-SIM-0000269,2023-11-16,2023-11-16,25,simulation
PO-SIM-0000270-R1,PO-SIM-0000270,2023-11-18,2023-11-18,30,simulation
PO-SIM-0000270-R2,PO-SIM-0000270,2023-11-21,2023-11-21,21,simulation
PO-SIM-0000271-R1,PO-SIM-0000271,2023-11-14,2023-11-14,40,simulation
PO-SIM-0000272-R1,PO-SIM-0000272,2023-11-18,2023-11-18,110,simulation
PO-SIM-0000273-R1,PO-SIM-0000273,2023-11-17,2023-11-17,36,simulation
PO-SIM-0000273-R2,PO-SIM-0000273,2023-11-20,2023-11-20,31,simulation
PO-SIM-0000274-R1,PO-SIM-0000274,2023-11-14,2023-11-14,11,simulation
PO-SIM-0000275-R1,PO-SIM-0000275,2023-11-18,2023-11-18,83,simulation
PO-SIM-0000275-R2,PO-SIM-0000275,2023-11-20,2023-11-20,81,simulation
PO-SIM-0000276-R1,PO-SIM-0000276,2023-11-17,2023-11-17,67,simulation
PO-SIM-0000277-R1,PO-SIM-0000277,2023-11-15,2023-11-15,115,simulation
PO-SIM-0000278-R1,PO-SIM-0000278,2023-11-20,2023-11-20,11,simulation
PO-SIM-0000278-R2,PO-SIM-0000278,2023-11-23,2023-11-23,13,simulation
PO-SIM-0000279-R1,PO-SIM-0000279,2023-11-20,2023-11-20,52,simulation
PO-SIM-0000280-R1,PO-SIM-0000280,2023-11-18,2023-11-18,11,simulation
PO-SIM-0000281-R1,PO-SIM-0000281,2023-11-20,2023-11-20,60,simulation
PO-SIM-0000282-R1,PO-SIM-0000282,2023-11-16,2023-11-16,17,simulation
PO-SIM-0000283-R1,PO-SIM-0000283,2023-11-16,2023-11-16,21,simulation
PO-SIM-0000284-R1,PO-SIM-0000284,2023-11-16,2023-11-16,9,simulation
PO-SIM-0000285-R1,PO-SIM-0000285,2023-11-17,2023-11-17,1,simulation
PO-SIM-0000286-R1,PO-SIM-0000286,2023-11-22,2023-11-22,41,simulation
PO-SIM-0000287-R1,PO-SIM-0000287,2023-11-17,2023-11-17,127,simulation
PO-SIM-0000288-R1,PO-SIM-0000288,2023-11-15,2023-11-15,59,simulation
PO-SIM-0000289-R1,PO-SIM-0000289,2023-11-15,2023-11-15,36,simulation
PO-SIM-0000290-R1,PO-SIM-0000290,2023-11-14,2023-11-14,19,simulation
PO-SIM-0000290-R2,PO-SIM-0000290,2023-11-17,2023-11-17,9,simulation
PO-SIM-0000291-R1,PO-SIM-0000291,2023-11-21,2023-11-21,7,simulation
PO-SIM-0000292-R1,PO-SIM-0000292,2023-11-16,2023-11-16,20,simulation
PO-SIM-0000293-R1,PO-SIM-0000293,2023-11-15,2023-11-15,22,simulation
PO-SIM-0000294-R1,PO-SIM-0000294,2023-11-16,2023-11-16,5,simulation
PO-SIM-0000295-R1,PO-SIM-0000295,2023-11-16,2023-11-16,17,simulation
PO-SIM-0000296-R1,PO-SIM-0000296,2023-11-19,2023-11-19,16,simulation
PO-SIM-0000297-R1,PO-SIM-0000297,2023-11-19,2023-11-19,34,simulation
PO-SIM-0000297-R2,PO-SIM-0000297,2023-11-21,2023-11-21,30,simulation
PO-SIM-0000298-R1,PO-SIM-0000298,2023-11-18,2023-11-18,83,simulation
PO-SIM-0000299-R1,PO-SIM-0000299,2023-11-20,2023-11-20,43,simulation
PO-SIM-0000300-R1,PO-SIM-0000300,2023-11-18,2023-11-18,8,simulation
PO-SIM-0000301-R1,PO-SIM-0000301,2023-11-18,2023-11-18,24,simulation
PO-SIM-0000302-R1,PO-SIM-0000302,2023-11-23,2023-11-23,73,simulation
PO-SIM-0000303-R1,PO-SIM-0000303,2023-11-18,2023-11-18,55,simulation
PO-SIM-0000304-R1,PO-SIM-0000304,2023-11-17,2023-11-17,81,simulation
PO-SIM-0000305-R1,PO-SIM-0000305,2023-11-18,2023-11-18,75,simulation
PO-SIM-0000306-R1,PO-SIM-0000306,2023-11-19,2023-11-19,27,simulation
PO-SIM-0000307-R1,PO-SIM-0000307,2023-11-22,2023-11-22,43,simulation
PO-SIM-0000308-R1,PO-SIM-0000308,2023-11-18,2023-11-18,58,simulation
PO-SIM-0000309-R1,PO-SIM-0000309,2023-11-18,2023-11-18,58,simulation
PO-SIM-0000310-R1,PO-SIM-0000310,2023-11-16,2023-11-16,23,simulation
PO-SIM-0000311-R1,PO-SIM-0000311,2023-11-21,2023-11-21,73,simulation
PO-SIM-0000312-R1,PO-SIM-0000312,2023-11-20,2023-11-20,13,simulation
PO-SIM-0000313-R1,PO-SIM-0000313,2023-11-19,2023-11-19,26,simulation
PO-SIM-0000314-R1,PO-SIM-0000314,2023-11-16,2023-11-16,159,simulation
PO-SIM-0000315-R1,PO-SIM-0000315,2023-11-19,2023-11-19,33,simulation
PO-SIM-0000315-R2,PO-SIM-0000315,2023-11-21,2023-11-21,29,simulation
PO-SIM-0000316-R1,PO-SIM-0000316,2023-11-20,2023-11-20,106,simulation
PO-SIM-0000317-R1,PO-SIM-0000317,2023-11-18,2023-11-18,50,simulation
PO-SIM-0000318-R1,PO-SIM-0000318,2023-11-15,2023-11-15,5,simulation
PO-SIM-0000319-R1,PO-SIM-0000319,2023-11-17,2023-11-17,75,simulation
PO-SIM-0000320-R1,PO-SIM-0000320,2023-11-16,2023-11-16,28,simulation
PO-SIM-0000321-R1,PO-SIM-0000321,2023-11-18,2023-11-18,48,simulation
PO-SIM-0000322-R1,PO-SIM-0000322,2023-11-20,2023-11-20,19,simulation
PO-SIM-0000323-R1,PO-SIM-0000323,2023-11-21,2023-11-21,118,simulation
PO-SIM-0000324-R1,PO-SIM-0000324,2023-11-18,2023-11-18,17,simulation
PO-SIM-0000324-R2,PO-SIM-0000324,2023-11-19,2023-11-19,7,simulation
PO-SIM-0000325-R1,PO-SIM-0000325,2023-11-17,2023-11-17,9,simulation
PO-SIM-0000326-R1,PO-SIM-0000326,2023-11-18,2023-11-18,36,simulation
PO-SIM-0000327-R1,PO-SIM-0000327,2023-11-18,2023-11-18,15,simulation
PO-SIM-0000327-R2,PO-SIM-0000327,2023-11-21,2023-11-21,13,simulation
PO-SIM-0000328-R1,PO-SIM-0000328,2023-11-20,2023-11-20,60,simulation
PO-SIM-0000329-R1,PO-SIM-0000329,2023-11-20,2023-11-20,34,simulation
PO-SIM-0000330-R1,PO-SIM-0000330,2023-11-17,2023-11-17,28,simulation
PO-SIM-0000331-R1,PO-SIM-0000331,2023-11-19,2023-11-19,23,simulation
PO-SIM-0000332-R1,PO-SIM-0000332,2023-11-18,2023-11-18,14,simulation
PO-SIM-0000332-R2,PO-SIM-0000332,2023-11-21,2023-11-21,13,simulation
PO-SIM-0000333-R1,PO-SIM-0000333,2023-11-19,2023-11-19,130,simulation
PO-SIM-0000334-R1,PO-SIM-0000334,2023-11-20,2023-11-20,4,simulation
PO-SIM-0000334-R2,PO-SIM-0000334,2023-11-22,2023-11-22,4,simulation
PO-SIM-0000335-R1,PO-SIM-0000335,2023-11-17,2023-11-17,39,simulation
PO-SIM-0000336-R1,PO-SIM-0000336,2023-11-20,2023-11-20,6,simulation
PO-SIM-0000337-R1,PO-SIM-0000337,2023-11-20,2023-11-20,188,simulation
PO-SIM-0000338-R1,PO-SIM-0000338,2023-11-17,2023-11-17,52,simulation
PO-SIM-0000339-R1,PO-SIM-0000339,2023-11-20,2023-11-20,10,simulation
PO-SIM-0000339-R2,PO-SIM-0000339,2023-11-21,2023-11-21,5,simulation
PO-SIM-0000340-R1,PO-SIM-0000340,2023-11-19,2023-11-19,47,simulation
PO-SIM-0000341-R1,PO-SIM-0000341,2023-11-18,2023-11-18,43,simulation
PO-SIM-0000342-R1,PO-SIM-0000342,2023-11-17,2023-11-17,6,simulation
PO-SIM-0000343-R1,PO-SIM-0000343,2023-11-20,2023-11-20,16,simulation
PO-SIM-0000344-R1,PO-SIM-0000344,2023-11-18,2023-11-18,56,simulation
PO-SIM-0000345-R1,PO-SIM-0000345,2023-11-21,2023-11-21,78,simulation
PO-SIM-0000346-R1,PO-SIM-0000346,2023-11-20,2023-11-20,2,simulation
PO-SIM-0000346-R2,PO-SIM-0000346,2023-11-21,2023-11-21,1,simulation
PO-SIM-0000347-R1,PO-SIM-0000347,2023-11-22,2023-11-22,130,simulation
PO-SIM-0000348-R1,PO-SIM-0000348,2023-11-18,2023-11-18,72,simulation
PO-SIM-0000349-R1,PO-SIM-0000349,2023-11-19,2023-11-19,82,simulation
PO-SIM-0000350-R1,PO-SIM-0000350,2023-11-18,2023-11-18,83,simulation
PO-SIM-0000351-R1,PO-SIM-0000351,2023-11-20,2023-11-20,118,simulation
PO-SIM-0000352-R1,PO-SIM-0000352,2023-11-20,2023-11-20,127,simulation
PO-SIM-0000353-R1,PO-SIM-0000353,2023-11-19,2023-11-19,71,simulation
PO-SIM-0000354-R1,PO-SIM-0000354,2023-11-20,2023-11-20,82,simulation
PO-SIM-0000355-R1,PO-SIM-0000355,2023-11-19,2023-11-19,78,simulation
PO-SIM-0000356-R1,PO-SIM-0000356,2023-11-23,2023-11-23,118,simulation
PO-SIM-0000357-R1,PO-SIM-0000357,2023-11-17,2023-11-17,40,simulation
PO-SIM-0000358-R1,PO-SIM-0000358,2023-11-20,2023-11-20,8,simulation
PO-SIM-0000359-R1,PO-SIM-0000359,2023-11-19,2023-11-19,47,simulation
PO-SIM-0000360-R1,PO-SIM-0000360,2023-11-18,2023-11-18,81,simulation
PO-SIM-0000361-R1,PO-SIM-0000361,2023-11-20,2023-11-20,83,simulation
PO-SIM-0000362-R1,PO-SIM-0000362,2023-11-18,2023-11-18,25,simulation
PO-SIM-0000363-R1,PO-SIM-0000363,2023-11-18,2023-11-18,12,simulation
PO-SIM-0000364-R1,PO-SIM-0000364,2023-11-20,2023-11-20,39,simulation
PO-SIM-0000365-R1,PO-SIM-0000365,2023-11-20,2023-11-20,44,simulation
PO-SIM-0000366-R1,PO-SIM-0000366,2023-11-25,2023-11-25,23,simulation
PO-SIM-0000367-R1,PO-SIM-0000367,2023-11-18,2023-11-18,24,simulation
PO-SIM-0000368-R1,PO-SIM-0000368,2023-11-18,2023-11-18,29,simulation
PO-SIM-0000368-R2,PO-SIM-0000368,2023-11-20,2023-11-20,14,simulation
PO-SIM-0000369-R1,PO-SIM-0000369,2023-11-18,2023-11-18,66,simulation
PO-SIM-0000370-R1,PO-SIM-0000370,2023-11-22,2023-11-22,14,simulation
PO-SIM-0000370-R2,PO-SIM-0000370,2023-11-24,2023-11-24,7,simulation
PO-SIM-0000371-R1,PO-SIM-0000371,2023-11-22,2023-11-22,23,simulation
PO-SIM-0000371-R2,PO-SIM-0000371,2023-11-23,2023-11-23,9,simulation
PO-SIM-0000372-R1,PO-SIM-0000372,2023-11-19,2023-11-19,67,simulation
PO-SIM-0000373-R1,PO-SIM-0000373,2023-11-18,2023-11-18,53,simulation
PO-SIM-0000374-R1,PO-SIM-0000374,2023-11-20,2023-11-20,18,simulation
PO-SIM-0000375-R1,PO-SIM-0000375,2023-11-21,2023-11-21,114,simulation
PO-SIM-0000376-R1,PO-SIM-0000376,2023-11-23,2023-11-23,24,simulation
PO-SIM-0000377-R1,PO-SIM-0000377,2023-11-23,2023-11-23,71,simulation
PO-SIM-0000378-R1,PO-SIM-0000378,2023-11-18,2023-11-18,3,simulation
PO-SIM-0000378-R2,PO-SIM-0000378,2023-11-21,2023-11-21,5,simulation
PO-SIM-0000379-R1,PO-SIM-0000379,2023-11-23,2023-11-23,22,simulation
PO-SIM-0000380-R1,PO-SIM-0000380,2023-11-23,2023-11-23,89,simulation
PO-SIM-0000381-R1,PO-SIM-0000381,2023-11-21,2023-11-21,73,simulation
PO-SIM-0000382-R1,PO-SIM-0000382,2023-11-22,2023-11-22,17,simulation
PO-SIM-0000382-R2,PO-SIM-0000382,2023-11-23,2023-11-23,10,simulation
PO-SIM-0000383-R1,PO-SIM-0000383,2023-11-20,2023-11-20,35,simulation
PO-SIM-0000384-R1,PO-SIM-0000384,2023-11-21,2023-11-21,30,simulation
PO-SIM-0000385-R1,PO-SIM-0000385,2023-11-22,2023-11-22,5,simulation
PO-SIM-0000386-R1,PO-SIM-0000386,2023-11-25,2023-11-25,5,simulation
PO-SIM-0000387-R1,PO-SIM-0000387,2023-11-22,2023-11-22,70,simulation
PO-SIM-0000388-R1,PO-SIM-0000388,2023-11-24,2023-11-24,57,simulation
PO-SIM-0000388-R2,PO-SIM-0000388,2023-11-27,2023-11-27,63,simulation
PO-SIM-0000389-R1,PO-SIM-0000389,2023-11-22,2023-11-22,54,simulation
PO-SIM-0000390-R1,PO-SIM-0000390,2023-11-19,2023-11-19,14,simulation
PO-SIM-0000390-R2,PO-SIM-0000390,2023-11-20,2023-11-20,9,simulation
PO-SIM-0000391-R1,PO-SIM-0000391,2023-11-21,2023-11-21,62,simulation
PO-SIM-0000392-R1,PO-SIM-0000392,2023-11-19,2023-11-19,20,simulation
PO-SIM-0000392-R2,PO-SIM-0000392,2023-11-21,2023-11-21,20,simulation
PO-SIM-0000393-R1,PO-SIM-0000393,2023-11-22,2023-11-22,28,simulation
PO-SIM-0000394-R1,PO-SIM-0000394,2023-11-20,2023-11-20,52,simulation
PO-SIM-0000396-R1,PO-SIM-0000396,2023-11-21,2023-11-21,15,simulation
PO-SIM-0000396-R2,PO-SIM-0000396,2023-11-22,2023-11-22,18,simulation
PO-SIM-0000397-R1,PO-SIM-0000397,2023-11-21,2023-11-21,4,simulation
PO-SIM-0000398-R1,PO-SIM-0000398,2023-11-21,2023-11-21,16,simulation
PO-SIM-0000399-R1,PO-SIM-0000399,2023-11-24,2023-11-24,22,simulation
PO-SIM-0000400-R1,PO-SIM-0000400,2023-11-23,2023-11-23,7,simulation
PO-SIM-0000401-R1,PO-SIM-0000401,2023-11-22,2023-11-22,32,simulation
PO-SIM-0000402-R1,PO-SIM-0000402,2023-11-19,2023-11-19,3,simulation
PO-SIM-0000403-R1,PO-SIM-0000403,2023-11-24,2023-11-24,53,simulation
PO-SIM-0000404-R1,PO-SIM-0000404,2023-11-20,2023-11-20,47,simulation
PO-SIM-0000405-R1,PO-SIM-0000405,2023-11-22,2023-11-22,59,simulation
PO-SIM-0000406-R1,PO-SIM-0000406,2023-11-22,2023-11-22,38,simulation
PO-SIM-0000406-R2,PO-SIM-0000406,2023-11-24,2023-11-24,37,simulation
PO-SIM-0000407-R1,PO-SIM-0000407,2023-11-25,2023-11-25,117,simulation
PO-SIM-0000408-R1,PO-SIM-0000408,2023-11-24,2023-11-24,36,simulation
PO-SIM-0000409-R1,PO-SIM-0000409,2023-11-21,2023-11-21,44,simulation
PO-SIM-0000410-R1,PO-SIM-0000410,2023-11-23,2023-11-23,124,simulation
PO-SIM-0000410-R2,PO-SIM-0000410,2023-11-24,2023-11-24,69,simulation
PO-SIM-0000411-R1,PO-SIM-0000411,2023-11-22,2023-11-22,3,simulation
PO-SIM-0000412-R1,PO-SIM-0000412,2023-11-20,2023-11-20,31,simulation
PO-SIM-0000413-R1,PO-SIM-0000413,2023-11-23,2023-11-23,122,simulation
PO-SIM-0000414-R1,PO-SIM-0000414,2023-11-22,2023-11-22,1,simulation
PO-SIM-0000414-R2,PO-SIM-0000414,2023-11-25,2023-11-25,2,simulation
PO-SIM-0000415-R1,PO-SIM-0000415,2023-11-19,2023-11-19,20,simulation
PO-SIM-0000415-R2,PO-SIM-0000415,2023-11-20,2023-11-20,10,simulation
PO-SIM-0000416-R1,PO-SIM-0000416,2023-11-23,2023-11-23,7,simulation
PO-SIM-0000417-R1,PO-SIM-0000417,2023-11-20,2023-11-20,20,simulation
PO-SIM-0000418-R1,PO-SIM-0000418,2023-11-23,2023-11-23,33,simulation
PO-SIM-0000419-R1,PO-SIM-0000419,2023-11-21,2023-11-21,78,simulation
PO-SIM-0000420-R1,PO-SIM-0000420,2023-11-20,2023-11-20,34,simulation
PO-SIM-0000421-R1,PO-SIM-0000421,2023-11-21,2023-11-21,32,simulation
PO-SIM-0000422-R1,PO-SIM-0000422,2023-11-21,2023-11-21,67,simulation
PO-SIM-0000422-R2,PO-SIM-0000422,2023-11-22,2023-11-22,32,simulation
PO-SIM-0000424-R1,PO-SIM-0000424,2023-11-22,2023-11-22,12,simulation
PO-SIM-0000424-R2,PO-SIM-0000424,2023-11-23,2023-11-23,12,simulation
PO-SIM-0000425-R1,PO-SIM-0000425,2023-11-20,2023-11-20,33,simulation
PO-SIM-0000426-R1,PO-SIM-0000426,2023-11-27,2023-11-27,11,simulation
PO-SIM-0000427-R1,PO-SIM-0000427,2023-11-21,2023-11-21,50,simulation
PO-SIM-0000428-R1,PO-SIM-0000428,2023-11-24,2023-11-24,20,simulation
PO-SIM-0000429-R1,PO-SIM-0000429,2023-11-23,2023-11-23,21,simulation
PO-SIM-0000430-R1,PO-SIM-0000430,2023-11-21,2023-11-21,57,simulation
PO-SIM-0000430-R2,PO-SIM-0000430,2023-11-23,2023-11-23,17,simulation
PO-SIM-0000431-R1,PO-SIM-0000431,2023-11-24,2023-11-24,142,simulation
PO-SIM-0000432-R1,PO-SIM-0000432,2023-11-24,2023-11-24,86,simulation
PO-SIM-0000432-R2,PO-SIM-0000432,2023-11-25,2023-11-25,102,simulation
PO-SIM-0000433-R1,PO-SIM-0000433,2023-11-24,2023-11-24,1,simulation
PO-SIM-0000434-R1,PO-SIM-0000434,2023-11-23,2023-11-23,118,simulation
PO-SIM-0000435-R1,PO-SIM-0000435,2023-11-21,2023-11-21,23,simulation
PO-SIM-0000436-R1,PO-SIM-0000436,2023-11-24,2023-11-24,91,simulation
PO-SIM-0000437-R1,PO-SIM-0000437,2023-11-22,2023-11-22,36,simulation
PO-SIM-0000438-R1,PO-SIM-0000438,2023-11-23,2023-11-23,150,simulation
PO-SIM-0000439-R1,PO-SIM-0000439,2023-11-20,2023-11-20,40,simulation
PO-SIM-0000440-R1,PO-SIM-0000440,2023-11-25,2023-11-25,96,simulation
PO-SIM-0000441-R1,PO-SIM-0000441,2023-11-22,2023-11-22,9,simulation
PO-SIM-0000442-R1,PO-SIM-0000442,2023-11-24,2023-11-24,114,simulation
PO-SIM-0000443-R1,PO-SIM-0000443,2023-11-25,2023-11-25,66,simulation
PO-SIM-0000444-R1,PO-SIM-0000444,2023-11-24,2023-11-24,6,simulation
PO-SIM-0000445-R1,PO-SIM-0000445,2023-11-22,2023-11-22,41,simulation
PO-SIM-0000446-R1,PO-SIM-0000446,2023-11-24,2023-11-24,10,simulation
PO-SIM-0000447-R1,PO-SIM-0000447,2023-11-24,2023-11-24,47,simulation
PO-SIM-0000448-R1,PO-SIM-0000448,2023-11-21,2023-11-21,8,simulation
PO-SIM-0000449-R1,PO-SIM-0000449,2023-11-22,2023-11-22,34,simulation
PO-SIM-0000450-R1,PO-SIM-0000450,2023-11-27,2023-11-27,21,simulation
PO-SIM-0000450-R2,PO-SIM-0000450,2023-11-28,2023-11-28,26,simulation
PO-SIM-0000451-R1,PO-SIM-0000451,2023-11-21,2023-11-21,83,simulation
PO-SIM-0000452-R1,PO-SIM-0000452,2023-11-25,2023-11-25,29,simulation
PO-SIM-0000453-R1,PO-SIM-0000453,2023-11-21,2023-11-21,51,simulation
PO-SIM-0000454-R1,PO-SIM-0000454,2023-11-24,2023-11-24,31,simulation
PO-SIM-0000455-R1,PO-SIM-0000455,2023-11-24,2023-11-24,3,simulation
PO-SIM-0000456-R1,PO-SIM-0000456,2023-11-21,2023-11-21,6,simulation
PO-SIM-0000456-R2,PO-SIM-0000456,2023-11-23,2023-11-23,5,simulation
PO-SIM-0000457-R1,PO-SIM-0000457,2023-11-23,2023-11-23,3,simulation
PO-SIM-0000458-R1,PO-SIM-0000458,2023-11-24,2023-11-24,74,simulation
PO-SIM-0000459-R1,PO-SIM-0000459,2023-11-22,2023-11-22,6,simulation
PO-SIM-0000460-R1,PO-SIM-0000460,2023-11-21,2023-11-21,13,simulation
PO-SIM-0000461-R1,PO-SIM-0000461,2023-11-21,2023-11-21,67,simulation
PO-SIM-0000462-R1,PO-SIM-0000462,2023-11-26,2023-11-26,178,simulation
PO-SIM-0000463-R1,PO-SIM-0000463,2023-11-23,2023-11-23,55,simulation
PO-SIM-0000464-R1,PO-SIM-0000464,2023-11-25,2023-11-25,53,simulation
PO-SIM-0000465-R1,PO-SIM-0000465,2023-11-24,2023-11-24,40,simulation
PO-SIM-0000466-R1,PO-SIM-0000466,2023-11-28,2023-11-28,106,simulation
PO-SIM-0000467-R1,PO-SIM-0000467,2023-11-26,2023-11-26,112,simulation
PO-SIM-0000467-R2,PO-SIM-0000467,2023-11-27,2023-11-27,50,simulation
PO-SIM-0000468-R1,PO-SIM-0000468,2023-11-23,2023-11-23,10,simulation
PO-SIM-0000469-R1,PO-SIM-0000469,2023-11-24,2023-11-24,130,simulation
PO-SIM-0000470-R1,PO-SIM-0000470,2023-11-26,2023-11-26,31,simulation
PO-SIM-0000471-R1,PO-SIM-0000471,2023-11-26,2023-11-26,23,simulation
PO-SIM-0000472-R1,PO-SIM-0000472,2023-11-28,2023-11-28,77,simulation
PO-SIM-0000472-R2,PO-SIM-0000472,2023-11-30,2023-11-30,46,simulation
PO-SIM-0000473-R1,PO-SIM-0000473,2023-11-25,2023-11-25,121,simulation
PO-SIM-0000474-R1,PO-SIM-0000474,2023-11-22,2023-11-22,9,simulation
PO-SIM-0000475-R1,PO-SIM-0000475,2023-11-26,2023-11-26,90,simulation
PO-SIM-0000476-R1,PO-SIM-0000476,2023-11-25,2023-11-25,14,simulation
PO-SIM-0000477-R1,PO-SIM-0000477,2023-11-25,2023-11-25,164,simulation
PO-SIM-0000478-R1,PO-SIM-0000478,2023-11-23,2023-11-23,47,simulation
PO-SIM-0000479-R1,PO-SIM-0000479,2023-11-25,2023-11-25,47,simulation
PO-SIM-0000480-R1,PO-SIM-0000480,2023-11-26,2023-11-26,21,simulation
PO-SIM-0000481-R1,PO-SIM-0000481,2023-11-22,2023-11-22,121,simulation
PO-SIM-0000482-R1,PO-SIM-0000482,2023-11-21,2023-11-21,5,simulation
PO-SIM-0000483-R1,PO-SIM-0000483,2023-11-27,2023-11-27,48,simulation
PO-SIM-0000484-R1,PO-SIM-0000484,2023-11-24,2023-11-24,32,simulation
PO-SIM-0000484-R2,PO-SIM-0000484,2023-11-25,2023-11-25,24,simulation
PO-SIM-0000485-R1,PO-SIM-0000485,2023-11-24,2023-11-24,20,simulation
PO-SIM-0000486-R1,PO-SIM-0000486,2023-11-26,2023-11-26,17,simulation
PO-SIM-0000487-R1,PO-SIM-0000487,2023-11-23,2023-11-23,70,simulation
PO-SIM-0000488-R1,PO-SIM-0000488,2023-11-24,2023-11-24,27,simulation
PO-SIM-0000489-R1,PO-SIM-0000489,2023-11-25,2023-11-25,25,simulation
PO-SIM-0000490-R1,PO-SIM-0000490,2023-11-22,2023-11-22,31,simulation
PO-SIM-0000491-R1,PO-SIM-0000491,2023-11-25,2023-11-25,96,simulation
PO-SIM-0000492-R1,PO-SIM-0000492,2023-11-28,2023-11-28,107,simulation
PO-SIM-0000493-R1,PO-SIM-0000493,2023-11-23,2023-11-23,1,simulation
PO-SIM-0000494-R1,PO-SIM-0000494,2023-11-23,2023-11-23,32,simulation
PO-SIM-0000495-R1,PO-SIM-0000495,2023-11-23,2023-11-23,14,simulation
PO-SIM-0000496-R1,PO-SIM-0000496,2023-11-23,2023-11-23,34,simulation
PO-SIM-0000497-R1,PO-SIM-0000497,2023-11-26,2023-11-26,6,simulation
PO-SIM-0000498-R1,PO-SIM-0000498,2023-11-25,2023-11-25,25,simulation
PO-SIM-0000499-R1,PO-SIM-0000499,2023-11-27,2023-11-27,93,simulation
PO-SIM-0000500-R1,PO-SIM-0000500,2023-11-25,2023-11-25,14,simulation
PO-SIM-0000501-R1,PO-SIM-0000501,2023-11-24,2023-11-24,38,simulation
PO-SIM-0000502-R1,PO-SIM-0000502,2023-11-24,2023-11-24,35,simulation
PO-SIM-0000503-R1,PO-SIM-0000503,2023-11-24,2023-11-24,69,simulation
PO-SIM-0000504-R1,PO-SIM-0000504,2023-11-29,2023-11-29,42,simulation
PO-SIM-0000505-R1,PO-SIM-0000505,2023-11-28,2023-11-28,38,simulation
PO-SIM-0000506-R1,PO-SIM-0000506,2023-11-24,2023-11-24,66,simulation
PO-SIM-0000507-R1,PO-SIM-0000507,2023-11-24,2023-11-24,38,simulation
PO-SIM-0000508-R1,PO-SIM-0000508,2023-11-24,2023-11-24,46,simulation
PO-SIM-0000509-R1,PO-SIM-0000509,2023-11-26,2023-11-26,9,simulation
PO-SIM-0000510-R1,PO-SIM-0000510,2023-11-27,2023-11-27,78,simulation
PO-SIM-0000511-R1,PO-SIM-0000511,2023-11-28,2023-11-28,62,simulation
PO-SIM-0000512-R1,PO-SIM-0000512,2023-11-24,2023-11-24,32,simulation
PO-SIM-0000513-R1,PO-SIM-0000513,2023-11-25,2023-11-25,56,simulation
PO-SIM-0000514-R1,PO-SIM-0000514,2023-11-28,2023-11-28,115,simulation
PO-SIM-0000515-R1,PO-SIM-0000515,2023-11-26,2023-11-26,40,simulation
PO-SIM-0000516-R1,PO-SIM-0000516,2023-11-28,2023-11-28,65,simulation
PO-SIM-0000517-R1,PO-SIM-0000517,2023-11-26,2023-11-26,18,simulation
PO-SIM-0000518-R1,PO-SIM-0000518,2023-11-29,2023-11-29,6,simulation
PO-SIM-0000520-R1,PO-SIM-0000520,2023-11-26,2023-11-26,11,simulation
PO-SIM-0000520-R2,PO-SIM-0000520,2023-11-27,2023-11-27,14,simulation
PO-SIM-0000521-R1,PO-SIM-0000521,2023-11-29,2023-11-29,111,simulation
PO-SIM-0000522-R1,PO-SIM-0000522,2023-11-27,2023-11-27,7,simulation
PO-SIM-0000523-R1,PO-SIM-0000523,2023-11-25,2023-11-25,89,simulation
PO-SIM-0000524-R1,PO-SIM-0000524,2023-11-26,2023-11-26,21,simulation
PO-SIM-0000525-R1,PO-SIM-0000525,2023-11-25,2023-11-25,40,simulation
PO-SIM-0000526-R1,PO-SIM-0000526,2023-11-27,2023-11-27,22,simulation
PO-SIM-0000527-R1,PO-SIM-0000527,2023-11-27,2023-11-27,15,simulation
PO-SIM-0000528-R1,PO-SIM-0000528,2023-11-25,2023-11-25,14,simulation
PO-SIM-0000529-R1,PO-SIM-0000529,2023-11-25,2023-11-25,27,simulation
PO-SIM-0000530-R1,PO-SIM-0000530,2023-11-29,2023-11-29,52,simulation
PO-SIM-0000531-R1,PO-SIM-0000531,2023-11-27,2023-11-27,33,simulation
PO-SIM-0000532-R1,PO-SIM-0000532,2023-11-28,2023-11-28,38,simulation
PO-SIM-0000533-R1,PO-SIM-0000533,2023-11-25,2023-11-25,87,simulation
PO-SIM-0000534-R1,PO-SIM-0000534,2023-11-28,2023-11-28,61,simulation
PO-SIM-0000536-R1,PO-SIM-0000536,2023-11-26,2023-11-26,56,simulation
PO-SIM-0000537-R1,PO-SIM-0000537,2023-11-27,2023-11-27,35,simulation
PO-SIM-0000538-R1,PO-SIM-0000538,2023-11-24,2023-11-24,57,simulation
PO-SIM-0000539-R1,PO-SIM-0000539,2023-11-27,2023-11-27,142,simulation
PO-SIM-0000540-R1,PO-SIM-0000540,2023-11-29,2023-11-29,38,simulation
PO-SIM-0000540-R2,PO-SIM-0000540,2023-12-01,2023-12-01,16,simulation
PO-SIM-0000541-R1,PO-SIM-0000541,2023-11-28,2023-11-28,85,simulation
PO-SIM-0000542-R1,PO-SIM-0000542,2023-11-29,2023-11-29,41,simulation
PO-SIM-0000543-R1,PO-SIM-0000543,2023-11-29,2023-11-29,57,simulation
PO-SIM-0000544-R1,PO-SIM-0000544,2023-11-28,2023-11-28,35,simulation
PO-SIM-0000545-R1,PO-SIM-0000545,2023-11-27,2023-11-27,13,simulation
PO-SIM-0000545-R2,PO-SIM-0000545,2023-11-29,2023-11-29,16,simulation
PO-SIM-0000546-R1,PO-SIM-0000546,2023-11-28,2023-11-28,69,simulation
PO-SIM-0000547-R1,PO-SIM-0000547,2023-11-27,2023-11-27,17,simulation
PO-SIM-0000548-R1,PO-SIM-0000548,2023-11-27,2023-11-27,19,simulation
PO-SIM-0000549-R1,PO-SIM-0000549,2023-11-28,2023-11-28,4,simulation
PO-SIM-0000549-R2,PO-SIM-0000549,2023-12-01,2023-12-01,4,simulation
PO-SIM-0000550-R1,PO-SIM-0000550,2023-11-28,2023-11-28,189,simulation
PO-SIM-0000551-R1,PO-SIM-0000551,2023-11-24,2023-11-24,82,simulation
PO-SIM-0000552-R1,PO-SIM-0000552,2023-11-24,2023-11-24,4,simulation
PO-SIM-0000553-R1,PO-SIM-0000553,2023-11-27,2023-11-27,24,simulation
PO-SIM-0000554-R1,PO-SIM-0000554,2023-11-30,2023-11-30,71,simulation
PO-SIM-0000555-R1,PO-SIM-0000555,2023-11-26,2023-11-26,22,simulation
PO-SIM-0000556-R1,PO-SIM-0000556,2023-11-25,2023-11-25,51,simulation
PO-SIM-0000557-R1,PO-SIM-0000557,2023-11-27,2023-11-27,66,simulation
PO-SIM-0000558-R1,PO-SIM-0000558,2023-11-27,2023-11-27,13,simulation
PO-SIM-0000559-R1,PO-SIM-0000559,2023-12-02,2023-12-02,31,simulation
PO-SIM-0000560-R1,PO-SIM-0000560,2023-11-29,2023-11-29,78,simulation
PO-SIM-0000561-R1,PO-SIM-0000561,2023-12-01,2023-12-01,43,simulation
PO-SIM-0000562-R1,PO-SIM-0000562,2023-11-26,2023-11-26,70,simulation
PO-SIM-0000563-R1,PO-SIM-0000563,2023-11-27,2023-11-27,28,simulation
PO-SIM-0000563-R2,PO-SIM-0000563,2023-11-29,2023-11-29,11,simulation
PO-SIM-0000564-R1,PO-SIM-0000564,2023-11-28,2023-11-28,13,simulation
PO-SIM-0000565-R1,PO-SIM-0000565,2023-11-29,2023-11-29,52,simulation
PO-SIM-0000566-R1,PO-SIM-0000566,2023-11-26,2023-11-26,31,simulation
PO-SIM-0000567-R1,PO-SIM-0000567,2023-11-30,2023-11-30,18,simulation
PO-SIM-0000568-R1,PO-SIM-0000568,2023-11-29,2023-11-29,4,simulation
PO-SIM-0000568-R2,PO-SIM-0000568,2023-12-02,2023-12-02,4,simulation
PO-SIM-0000569-R1,PO-SIM-0000569,2023-11-27,2023-11-27,19,simulation
PO-SIM-0000569-R2,PO-SIM-0000569,2023-11-30,2023-11-30,18,simulation
PO-SIM-0000570-R1,PO-SIM-0000570,2023-11-29,2023-11-29,84,simulation
PO-SIM-0000571-R1,PO-SIM-0000571,2023-11-29,2023-11-29,131,simulation
PO-SIM-0000572-R1,PO-SIM-0000572,2023-12-01,2023-12-01,81,simulation
PO-SIM-0000573-R1,PO-SIM-0000573,2023-11-27,2023-11-27,108,simulation
PO-SIM-0000574-R1,PO-SIM-0000574,2023-11-27,2023-11-27,43,simulation
PO-SIM-0000575-R1,PO-SIM-0000575,2023-11-28,2023-11-28,17,simulation
PO-SIM-0000576-R1,PO-SIM-0000576,2023-11-27,2023-11-27,48,simulation
PO-SIM-0000577-R1,PO-SIM-0000577,2023-11-30,2023-11-30,89,simulation
PO-SIM-0000578-R1,PO-SIM-0000578,2023-11-29,2023-11-29,76,simulation
PO-SIM-0000579-R1,PO-SIM-0000579,2023-11-26,2023-11-26,10,simulation
PO-SIM-0000580-R1,PO-SIM-0000580,2023-11-25,2023-11-25,115,simulation
PO-SIM-0000581-R1,PO-SIM-0000581,2023-11-27,2023-11-27,23,simulation
PO-SIM-0000582-R1,PO-SIM-0000582,2023-11-29,2023-11-29,77,simulation
PO-SIM-0000583-R1,PO-SIM-0000583,2023-12-01,2023-12-01,8,simulation
PO-SIM-0000584-R1,PO-SIM-0000584,2023-11-29,2023-11-29,38,simulation
PO-SIM-0000584-R2,PO-SIM-0000584,2023-12-02,2023-12-02,26,simulation
PO-SIM-0000585-R1,PO-SIM-0000585,2023-12-01,2023-12-01,35,simulation
PO-SIM-0000586-R1,PO-SIM-0000586,2023-11-27,2023-11-27,52,simulation
PO-SIM-0000587-R1,PO-SIM-0000587,2023-11-29,2023-11-29,56,simulation
PO-SIM-0000588-R1,PO-SIM-0000588,2023-11-28,2023-11-28,105,simulation
PO-SIM-0000589-R1,PO-SIM-0000589,2023-11-27,2023-11-27,4,simulation
PO-SIM-0000590-R1,PO-SIM-0000590,2023-12-01,2023-12-01,38,simulation
PO-SIM-0000591-R1,PO-SIM-0000591,2023-12-01,2023-12-01,42,simulation
PO-SIM-0000592-R1,PO-SIM-0000592,2023-11-30,2023-11-30,188,simulation
PO-SIM-0000593-R1,PO-SIM-0000593,2023-11-29,2023-11-29,58,simulation
PO-SIM-0000594-R1,PO-SIM-0000594,2023-11-28,2023-11-28,5,simulation
PO-SIM-0000596-R1,PO-SIM-0000596,2023-11-28,2023-11-28,77,simulation
PO-SIM-0000597-R1,PO-SIM-0000597,2023-11-28,2023-11-28,1,simulation
PO-SIM-0000598-R1,PO-SIM-0000598,2023-11-27,2023-11-27,30,simulation
PO-SIM-0000599-R1,PO-SIM-0000599,2023-11-30,2023-11-30,86,simulation
PO-SIM-0000600-R1,PO-SIM-0000600,2023-11-30,2023-11-30,127,simulation
PO-SIM-0000601-R1,PO-SIM-0000601,2023-11-29,2023-11-29,26,simulation
PO-SIM-0000602-R1,PO-SIM-0000602,2023-11-30,2023-11-30,26,simulation
PO-SIM-0000603-R1,PO-SIM-0000603,2023-11-29,2023-11-29,34,simulation
PO-SIM-0000603-R2,PO-SIM-0000603,2023-12-01,2023-12-01,15,simulation
PO-SIM-0000604-R1,PO-SIM-0000604,2023-12-02,2023-12-02,151,simulation
PO-SIM-0000605-R1,PO-SIM-0000605,2023-12-02,2023-12-02,42,simulation
PO-SIM-0000605-R2,PO-SIM-0000605,2023-12-05,2023-12-05,25,simulation
PO-SIM-0000606-R1,PO-SIM-0000606,2023-11-28,2023-11-28,8,simulation
PO-SIM-0000607-R1,PO-SIM-0000607,2023-11-28,2023-11-28,55,simulation
PO-SIM-0000608-R1,PO-SIM-0000608,2023-11-28,2023-11-28,51,simulation
PO-SIM-0000609-R1,PO-SIM-0000609,2023-12-01,2023-12-01,33,simulation
PO-SIM-0000609-R2,PO-SIM-0000609,2023-12-02,2023-12-02,30,simulation
PO-SIM-0000610-R1,PO-SIM-0000610,2023-12-03,2023-12-03,41,simulation
PO-SIM-0000611-R1,PO-SIM-0000611,2023-12-01,2023-12-01,44,simulation
PO-SIM-0000612-R1,PO-SIM-0000612,2023-11-28,2023-11-28,64,simulation
PO-SIM-0000613-R1,PO-SIM-0000613,2023-11-29,2023-11-29,37,simulation
PO-SIM-0000614-R1,PO-SIM-0000614,2023-12-01,2023-12-01,62,simulation
PO-SIM-0000615-R1,PO-SIM-0000615,2023-12-03,2023-12-03,45,simulation
PO-SIM-0000616-R1,PO-SIM-0000616,2023-11-29,2023-11-29,6,simulation
PO-SIM-0000617-R1,PO-SIM-0000617,2023-11-30,2023-11-30,57,simulation
PO-SIM-0000618-R1,PO-SIM-0000618,2023-12-01,2023-12-01,21,simulation
PO-SIM-0000619-R1,PO-SIM-0000619,2023-12-04,2023-12-04,70,simulation
PO-SIM-0000620-R1,PO-SIM-0000620,2023-11-29,2023-11-29,71,simulation
PO-SIM-0000621-R1,PO-SIM-0000621,2023-12-02,2023-12-02,1,simulation
PO-SIM-0000622-R1,PO-SIM-0000622,2023-11-29,2023-11-29,14,simulation
PO-SIM-0000623-R1,PO-SIM-0000623,2023-12-01,2023-12-01,10,simulation
PO-SIM-0000624-R1,PO-SIM-0000624,2023-11-30,2023-11-30,64,simulation
PO-SIM-0000624-R2,PO-SIM-0000624,2023-12-01,2023-12-01,60,simulation
PO-SIM-0000625-R1,PO-SIM-0000625,2023-11-28,2023-11-28,28,simulation
PO-SIM-0000625-R2,PO-SIM-0000625,2023-11-29,2023-11-29,28,simulation
PO-SIM-0000626-R1,PO-SIM-0000626,2023-11-28,2023-11-28,15,simulation
PO-SIM-0000627-R1,PO-SIM-0000627,2023-11-30,2023-11-30,90,simulation
PO-SIM-0000628-R1,PO-SIM-0000628,2023-12-03,2023-12-03,31,simulation
PO-SIM-0000628-R2,PO-SIM-0000628,2023-12-05,2023-12-05,21,simulation
PO-SIM-0000629-R1,PO-SIM-0000629,2023-12-01,2023-12-01,20,simulation
PO-SIM-0000630-R1,PO-SIM-0000630,2023-11-29,2023-11-29,39,simulation
PO-SIM-0000631-R1,PO-SIM-0000631,2023-11-29,2023-11-29,86,simulation
PO-SIM-0000632-R1,PO-SIM-0000632,2023-12-02,2023-12-02,101,simulation
PO-SIM-0000633-R1,PO-SIM-0000633,2023-12-01,2023-12-01,32,simulation
PO-SIM-0000634-R1,PO-SIM-0000634,2023-11-29,2023-11-29,6,simulation
PO-SIM-0000635-R1,PO-SIM-0000635,2023-12-02,2023-12-02,10,simulation
PO-SIM-0000636-R1,PO-SIM-0000636,2023-11-29,2023-11-29,11,simulation
PO-SIM-0000637-R1,PO-SIM-0000637,2023-12-02,2023-12-02,69,simulation
PO-SIM-0000637-R2,PO-SIM-0000637,2023-12-05,2023-12-05,26,simulation
PO-SIM-0000638-R1,PO-SIM-0000638,2023-12-02,2023-12-02,9,simulation
PO-SIM-0000639-R1,PO-SIM-0000639,2023-12-02,2023-12-02,60,simulation
PO-SIM-0000640-R1,PO-SIM-0000640,2023-11-30,2023-11-30,66,simulation
PO-SIM-0000641-R1,PO-SIM-0000641,2023-11-30,2023-11-30,47,simulation
PO-SIM-0000642-R1,PO-SIM-0000642,2023-12-01,2023-12-01,13,simulation
PO-SIM-0000643-R1,PO-SIM-0000643,2023-11-29,2023-11-29,64,simulation
PO-SIM-0000644-R1,PO-SIM-0000644,2023-11-29,2023-11-29,55,simulation
PO-SIM-0000645-R1,PO-SIM-0000645,2023-12-01,2023-12-01,37,simulation
PO-SIM-0000646-R1,PO-SIM-0000646,2023-12-01,2023-12-01,30,simulation
PO-SIM-0000646-R2,PO-SIM-0000646,2023-12-03,2023-12-03,15,simulation
PO-SIM-0000648-R1,PO-SIM-0000648,2023-11-29,2023-11-29,24,simulation
PO-SIM-0000649-R1,PO-SIM-0000649,2023-11-30,2023-11-30,37,simulation
PO-SIM-0000650-R1,PO-SIM-0000650,2023-11-29,2023-11-29,48,simulation
PO-SIM-0000651-R1,PO-SIM-0000651,2023-11-30,2023-11-30,8,simulation
PO-SIM-0000651-R2,PO-SIM-0000651,2023-12-02,2023-12-02,10,simulation
PO-SIM-0000652-R1,PO-SIM-0000652,2023-12-02,2023-12-02,40,simulation
PO-SIM-0000652-R2,PO-SIM-0000652,2023-12-03,2023-12-03,12,simulation
PO-SIM-0000653-R1,PO-SIM-0000653,2023-11-29,2023-11-29,63,simulation
PO-SIM-0000654-R1,PO-SIM-0000654,2023-11-30,2023-11-30,56,simulation
PO-SIM-0000655-R1,PO-SIM-0000655,2023-11-30,2023-11-30,19,simulation
PO-SIM-0000655-R2,PO-SIM-0000655,2023-12-01,2023-12-01,6,simulation
PO-SIM-0000656-R1,PO-SIM-0000656,2023-12-03,2023-12-03,10,simulation
PO-SIM-0000657-R1,PO-SIM-0000657,2023-12-07,2023-12-07,137,simulation
PO-SIM-0000658-R1,PO-SIM-0000658,2023-11-30,2023-11-30,93,simulation
PO-SIM-0000659-R1,PO-SIM-0000659,2023-12-03,2023-12-03,60,simulation
PO-SIM-0000660-R1,PO-SIM-0000660,2023-12-02,2023-12-02,68,simulation
PO-SIM-0000661-R1,PO-SIM-0000661,2023-12-03,2023-12-03,6,simulation
PO-SIM-0000662-R1,PO-SIM-0000662,2023-12-03,2023-12-03,34,simulation
PO-SIM-0000663-R1,PO-SIM-0000663,2023-11-29,2023-11-29,8,simulation
PO-SIM-0000664-R1,PO-SIM-0000664,2023-12-02,2023-12-02,34,simulation
PO-SIM-0000665-R1,PO-SIM-0000665,2023-11-29,2023-11-29,54,simulation
PO-SIM-0000666-R1,PO-SIM-0000666,2023-12-03,2023-12-03,46,simulation
PO-SIM-0000667-R1,PO-SIM-0000667,2023-12-03,2023-12-03,73,simulation
PO-SIM-0000668-R1,PO-SIM-0000668,2023-12-01,2023-12-01,66,simulation
PO-SIM-0000669-R1,PO-SIM-0000669,2023-12-03,2023-12-03,94,simulation
PO-SIM-0000670-R1,PO-SIM-0000670,2023-12-01,2023-12-01,24,simulation
PO-SIM-0000671-R1,PO-SIM-0000671,2023-11-30,2023-11-30,78,simulation
PO-SIM-0000672-R1,PO-SIM-0000672,2023-12-06,2023-12-06,76,simulation
PO-SIM-0000673-R1,PO-SIM-0000673,2023-12-03,2023-12-03,27,simulation
PO-SIM-0000674-R1,PO-SIM-0000674,2023-12-03,2023-12-03,21,simulation
PO-SIM-0000675-R1,PO-SIM-0000675,2023-12-02,2023-12-02,54,simulation
PO-SIM-0000676-R1,PO-SIM-0000676,2023-11-30,2023-11-30,18,simulation
PO-SIM-0000676-R2,PO-SIM-0000676,2023-12-03,2023-12-03,20,simulation
PO-SIM-0000677-R1,PO-SIM-0000677,2023-12-01,2023-12-01,63,simulation
PO-SIM-0000678-R1,PO-SIM-0000678,2023-12-02,2023-12-02,17,simulation
PO-SIM-0000679-R1,PO-SIM-0000679,2023-12-06,2023-12-06,21,simulation
PO-SIM-0000680-R1,PO-SIM-0000680,2023-11-30,2023-11-30,7,simulation
PO-SIM-0000681-R1,PO-SIM-0000681,2023-12-01,2023-12-01,29,simulation
PO-SIM-0000682-R1,PO-SIM-0000682,2023-12-04,2023-12-04,46,simulation
PO-SIM-0000684-R1,PO-SIM-0000684,2023-12-01,2023-12-01,35,simulation
PO-SIM-0000684-R2,PO-SIM-0000684,2023-12-03,2023-12-03,25,simulation
PO-SIM-0000685-R1,PO-SIM-0000685,2023-12-03,2023-12-03,58,simulation
PO-SIM-0000686-R1,PO-SIM-0000686,2023-12-05,2023-12-05,44,simulation
PO-SIM-0000686-R2,PO-SIM-0000686,2023-12-07,2023-12-07,28,simulation
PO-SIM-0000687-R1,PO-SIM-0000687,2023-12-05,2023-12-05,51,simulation
PO-SIM-0000688-R1,PO-SIM-0000688,2023-12-01,2023-12-01,22,simulation
PO-SIM-0000689-R1,PO-SIM-0000689,2023-12-03,2023-12-03,3,simulation
PO-SIM-0000689-R2,PO-SIM-0000689,2023-12-04,2023-12-04,4,simulation
PO-SIM-0000690-R1,PO-SIM-0000690,2023-12-04,2023-12-04,1,simulation
PO-SIM-0000691-R1,PO-SIM-0000691,2023-12-01,2023-12-01,26,simulation
PO-SIM-0000692-R1,PO-SIM-0000692,2023-12-06,2023-12-06,21,simulation
PO-SIM-0000693-R1,PO-SIM-0000693,2023-12-01,2023-12-01,1,simulation
PO-SIM-0000694-R1,PO-SIM-0000694,2023-12-04,2023-12-04,60,simulation
PO-SIM-0000695-R1,PO-SIM-0000695,2023-12-03,2023-12-03,32,simulation
PO-SIM-0000696-R1,PO-SIM-0000696,2023-12-05,2023-12-05,24,simulation
PO-SIM-0000697-R1,PO-SIM-0000697,2023-12-08,2023-12-08,61,simulation
PO-SIM-0000698-R1,PO-SIM-0000698,2023-12-04,2023-12-04,18,simulation
PO-SIM-0000698-R2,PO-SIM-0000698,2023-12-05,2023-12-05,12,simulation
PO-SIM-0000699-R1,PO-SIM-0000699,2023-11-30,2023-11-30,28,simulation
PO-SIM-0000700-R1,PO-SIM-0000700,2023-11-30,2023-11-30,14,simulation
PO-SIM-0000701-R1,PO-SIM-0000701,2023-12-01,2023-12-01,57,simulation
PO-SIM-0000702-R1,PO-SIM-0000702,2023-12-02,2023-12-02,20,simulation
PO-SIM-0000703-R1,PO-SIM-0000703,2023-12-03,2023-12-03,33,simulation
PO-SIM-0000704-R1,PO-SIM-0000704,2023-12-05,2023-12-05,16,simulation
PO-SIM-0000705-R1,PO-SIM-0000705,2023-12-07,2023-12-07,25,simulation
PO-SIM-0000706-R1,PO-SIM-0000706,2023-12-02,2023-12-02,19,simulation
PO-SIM-0000707-R1,PO-SIM-0000707,2023-12-04,2023-12-04,22,simulation
PO-SIM-0000708-R1,PO-SIM-0000708,2023-12-05,2023-12-05,11,simulation
PO-SIM-0000709-R1,PO-SIM-0000709,2023-12-05,2023-12-05,59,simulation
PO-SIM-0000710-R1,PO-SIM-0000710,2023-12-04,2023-12-04,66,simulation
PO-SIM-0000711-R1,PO-SIM-0000711,2023-12-03,2023-12-03,74,simulation
PO-SIM-0000712-R1,PO-SIM-0000712,2023-12-05,2023-12-05,2,simulation
PO-SIM-0000713-R1,PO-SIM-0000713,2023-12-04,2023-12-04,38,simulation
PO-SIM-0000714-R1,PO-SIM-0000714,2023-12-04,2023-12-04,97,simulation
PO-SIM-0000715-R1,PO-SIM-0000715,2023-12-04,2023-12-04,28,simulation
PO-SIM-0000716-R1,PO-SIM-0000716,2023-12-05,2023-12-05,20,simulation
PO-SIM-0000716-R2,PO-SIM-0000716,2023-12-08,2023-12-08,7,simulation
PO-SIM-0000717-R1,PO-SIM-0000717,2023-12-02,2023-12-02,42,simulation
PO-SIM-0000718-R1,PO-SIM-0000718,2023-12-02,2023-12-02,46,simulation
PO-SIM-0000719-R1,PO-SIM-0000719,2023-12-03,2023-12-03,65,simulation
PO-SIM-0000720-R1,PO-SIM-0000720,2023-12-04,2023-12-04,79,simulation
PO-SIM-0000721-R1,PO-SIM-0000721,2023-12-03,2023-12-03,34,simulation
PO-SIM-0000722-R1,PO-SIM-0000722,2023-12-05,2023-12-05,3,simulation
PO-SIM-0000723-R1,PO-SIM-0000723,2023-12-03,2023-12-03,32,simulation
PO-SIM-0000724-R1,PO-SIM-0000724,2023-12-08,2023-12-08,12,simulation
PO-SIM-0000724-R2,PO-SIM-0000724,2023-12-10,2023-12-10,5,simulation
PO-SIM-0000725-R1,PO-SIM-0000725,2023-12-06,2023-12-06,65,simulation
PO-SIM-0000726-R1,PO-SIM-0000726,2023-12-03,2023-12-03,38,simulation
PO-SIM-0000727-R1,PO-SIM-0000727,2023-12-03,2023-12-03,4,simulation
PO-SIM-0000728-R1,PO-SIM-0000728,2023-12-05,2023-12-05,33,simulation
PO-SIM-0000729-R1,PO-SIM-0000729,2023-12-06,2023-12-06,42,simulation
PO-SIM-0000730-R1,PO-SIM-0000730,2023-12-04,2023-12-04,52,simulation
PO-SIM-0000731-R1,PO-SIM-0000731,2023-12-06,2023-12-06,133,simulation
PO-SIM-0000732-R1,PO-SIM-0000732,2023-12-06,2023-12-06,33,simulation
PO-SIM-0000733-R1,PO-SIM-0000733,2023-12-05,2023-12-05,13,simulation
PO-SIM-0000733-R2,PO-SIM-0000733,2023-12-07,2023-12-07,13,simulation
PO-SIM-0000734-R1,PO-SIM-0000734,2023-12-09,2023-12-09,43,simulation
PO-SIM-0000735-R1,PO-SIM-0000735,2023-12-04,2023-12-04,10,simulation
PO-SIM-0000736-R1,PO-SIM-0000736,2023-12-05,2023-12-05,14,simulation
PO-SIM-0000737-R1,PO-SIM-0000737,2023-12-06,2023-12-06,160,simulation
PO-SIM-0000738-R1,PO-SIM-0000738,2023-12-03,2023-12-03,38,simulation
PO-SIM-0000739-R1,PO-SIM-0000739,2023-12-03,2023-12-03,94,simulation
PO-SIM-0000740-R1,PO-SIM-0000740,2023-12-07,2023-12-07,39,simulation
PO-SIM-0000742-R1,PO-SIM-0000742,2023-12-05,2023-12-05,11,simulation
PO-SIM-0000743-R1,PO-SIM-0000743,2023-12-04,2023-12-04,95,simulation
PO-SIM-0000745-R1,PO-SIM-0000745,2023-12-08,2023-12-08,76,simulation
PO-SIM-0000746-R1,PO-SIM-0000746,2023-12-08,2023-12-08,17,simulation
PO-SIM-0000747-R1,PO-SIM-0000747,2023-12-04,2023-12-04,49,simulation
PO-SIM-0000748-R1,PO-SIM-0000748,2023-12-07,2023-12-07,6,simulation
PO-SIM-0000749-R1,PO-SIM-0000749,2023-12-07,2023-12-07,48,simulation
PO-SIM-0000750-R1,PO-SIM-0000750,2023-12-08,2023-12-08,18,simulation
PO-SIM-0000751-R1,PO-SIM-0000751,2023-12-04,2023-12-04,40,simulation
PO-SIM-0000752-R1,PO-SIM-0000752,2023-12-04,2023-12-04,25,simulation
PO-SIM-0000753-R1,PO-SIM-0000753,2023-12-04,2023-12-04,148,simulation
PO-SIM-0000754-R1,PO-SIM-0000754,2023-12-06,2023-12-06,101,simulation
PO-SIM-0000755-R1,PO-SIM-0000755,2023-12-04,2023-12-04,34,simulation
PO-SIM-0000756-R1,PO-SIM-0000756,2023-12-06,2023-12-06,54,simulation
PO-SIM-0000756-R2,PO-SIM-0000756,2023-12-08,2023-12-08,40,simulation
PO-SIM-0000757-R1,PO-SIM-0000757,2023-12-07,2023-12-07,22,simulation
PO-SIM-0000757-R2,PO-SIM-0000757,2023-12-08,2023-12-08,10,simulation
PO-SIM-0000758-R1,PO-SIM-0000758,2023-12-06,2023-12-06,50,simulation
PO-SIM-0000759-R1,PO-SIM-0000759,2023-12-04,2023-12-04,39,simulation
PO-SIM-0000760-R1,PO-SIM-0000760,2023-12-06,2023-12-06,16,simulation
PO-SIM-0000760-R2,PO-SIM-0000760,2023-12-08,2023-12-08,6,simulation
PO-SIM-0000761-R1,PO-SIM-0000761,2023-12-10,2023-12-10,125,simulation
PO-SIM-0000762-R1,PO-SIM-0000762,2023-12-04,2023-12-04,23,simulation
PO-SIM-0000763-R1,PO-SIM-0000763,2023-12-06,2023-12-06,14,simulation
PO-SIM-0000764-R1,PO-SIM-0000764,2023-12-07,2023-12-07,25,simulation
PO-SIM-0000764-R2,PO-SIM-0000764,2023-12-09,2023-12-09,18,simulation
PO-SIM-0000765-R1,PO-SIM-0000765,2023-12-04,2023-12-04,40,simulation
PO-SIM-0000767-R1,PO-SIM-0000767,2023-12-07,2023-12-07,93,simulation
PO-SIM-0000768-R1,PO-SIM-0000768,2023-12-08,2023-12-08,158,simulation
PO-SIM-0000769-R1,PO-SIM-0000769,2023-12-07,2023-12-07,142,simulation
PO-SIM-0000770-R1,PO-SIM-0000770,2023-12-05,2023-12-05,34,simulation
PO-SIM-0000771-R1,PO-SIM-0000771,2023-12-08,2023-12-08,77,simulation
PO-SIM-0000772-R1,PO-SIM-0000772,2023-12-04,2023-12-04,30,simulation
PO-SIM-0000773-R1,PO-SIM-0000773,2023-12-10,2023-12-10,34,simulation
PO-SIM-0000773-R2,PO-SIM-0000773,2023-12-11,2023-12-11,22,simulation
PO-SIM-0000774-R1,PO-SIM-0000774,2023-12-07,2023-12-07,13,simulation
PO-SIM-0000776-R1,PO-SIM-0000776,2023-12-05,2023-12-05,106,simulation
PO-SIM-0000777-R1,PO-SIM-0000777,2023-12-06,2023-12-06,22,simulation
PO-SIM-0000778-R1,PO-SIM-0000778,2023-12-06,2023-12-06,10,simulation
PO-SIM-0000778-R2,PO-SIM-0000778,2023-12-07,2023-12-07,10,simulation
PO-SIM-0000779-R1,PO-SIM-0000779,2023-12-12,2023-12-12,32,simulation
PO-SIM-0000780-R1,PO-SIM-0000780,2023-12-08,2023-12-08,10,simulation
PO-SIM-0000781-R1,PO-SIM-0000781,2023-12-09,2023-12-09,39,simulation
PO-SIM-0000782-R1,PO-SIM-0000782,2023-12-08,2023-12-08,68,simulation
PO-SIM-0000783-R1,PO-SIM-0000783,2023-12-08,2023-12-08,74,simulation
PO-SIM-0000783-R2,PO-SIM-0000783,2023-12-09,2023-12-09,41,simulation
PO-SIM-0000784-R1,PO-SIM-0000784,2023-12-07,2023-12-07,46,simulation
PO-SIM-0000784-R2,PO-SIM-0000784,2023-12-08,2023-12-08,13,simulation
PO-SIM-0000785-R1,PO-SIM-0000785,2023-12-05,2023-12-05,33,simulation
PO-SIM-0000785-R2,PO-SIM-0000785,2023-12-07,2023-12-07,26,simulation
PO-SIM-0000786-R1,PO-SIM-0000786,2023-12-05,2023-12-05,68,simulation
PO-SIM-0000787-R1,PO-SIM-0000787,2023-12-06,2023-12-06,15,simulation
PO-SIM-0000788-R1,PO-SIM-0000788,2023-12-04,2023-12-04,10,simulation
PO-SIM-0000789-R1,PO-SIM-0000789,2023-12-10,2023-12-10,46,simulation
PO-SIM-0000790-R1,PO-SIM-0000790,2023-12-11,2023-12-11,83,simulation
PO-SIM-0000791-R1,PO-SIM-0000791,2023-12-09,2023-12-09,100,simulation
PO-SIM-0000792-R1,PO-SIM-0000792,2023-12-09,2023-12-09,50,simulation
PO-SIM-0000793-R1,PO-SIM-0000793,2023-12-06,2023-12-06,5,simulation
PO-SIM-0000794-R1,PO-SIM-0000794,2023-12-05,2023-12-05,12,simulation
PO-SIM-0000795-R1,PO-SIM-0000795,2023-12-07,2023-12-07,21,simulation
PO-SIM-0000796-R1,PO-SIM-0000796,2023-12-04,2023-12-04,22,simulation
PO-SIM-0000798-R1,PO-SIM-0000798,2023-12-07,2023-12-07,58,simulation
PO-SIM-0000799-R1,PO-SIM-0000799,2023-12-04,2023-12-04,12,simulation
PO-SIM-0000799-R2,PO-SIM-0000799,2023-12-06,2023-12-06,15,simulation
PO-SIM-0000800-R1,PO-SIM-0000800,2023-12-05,2023-12-05,85,simulation
PO-SIM-0000801-R1,PO-SIM-0000801,2023-12-07,2023-12-07,93,simulation
PO-SIM-0000802-R1,PO-SIM-0000802,2023-12-06,2023-12-06,54,simulation
PO-SIM-0000803-R1,PO-SIM-0000803,2023-12-07,2023-12-07,97,simulation
PO-SIM-0000804-R1,PO-SIM-0000804,2023-12-06,2023-12-06,162,simulation
PO-SIM-0000805-R1,PO-SIM-0000805,2023-12-07,2023-12-07,35,simulation
PO-SIM-0000806-R1,PO-SIM-0000806,2023-12-06,2023-12-06,86,simulation
PO-SIM-0000807-R1,PO-SIM-0000807,2023-12-12,2023-12-12,32,simulation
PO-SIM-0000808-R1,PO-SIM-0000808,2023-12-08,2023-12-08,67,simulation
PO-SIM-0000809-R1,PO-SIM-0000809,2023-12-13,2023-12-13,43,simulation
PO-SIM-0000810-R1,PO-SIM-0000810,2023-12-11,2023-12-11,4,simulation
PO-SIM-0000813-R1,PO-SIM-0000813,2023-12-10,2023-12-10,52,simulation
PO-SIM-0000814-R1,PO-SIM-0000814,2023-12-10,2023-12-10,70,simulation
PO-SIM-0000815-R1,PO-SIM-0000815,2023-12-11,2023-12-11,38,simulation
PO-SIM-0000815-R2,PO-SIM-0000815,2023-12-12,2023-12-12,20,simulation
PO-SIM-0000816-R1,PO-SIM-0000816,2023-12-07,2023-12-07,128,simulation
PO-SIM-0000817-R1,PO-SIM-0000817,2023-12-09,2023-12-09,31,simulation
PO-SIM-0000818-R1,PO-SIM-0000818,2023-12-07,2023-12-07,48,simulation
PO-SIM-0000819-R1,PO-SIM-0000819,2023-12-09,2023-12-09,3,simulation
PO-SIM-0000820-R1,PO-SIM-0000820,2023-12-08,2023-12-08,97,simulation
PO-SIM-0000821-R1,PO-SIM-0000821,2023-12-07,2023-12-07,49,simulation
PO-SIM-0000822-R1,PO-SIM-0000822,2023-12-05,2023-12-05,30,simulation
PO-SIM-0000823-R1,PO-SIM-0000823,2023-12-09,2023-12-09,83,simulation
PO-SIM-0000824-R1,PO-SIM-0000824,2023-12-10,2023-12-10,69,simulation
PO-SIM-0000825-R1,PO-SIM-0000825,2023-12-09,2023-12-09,48,simulation
PO-SIM-0000827-R1,PO-SIM-0000827,2023-12-06,2023-12-06,65,simulation
PO-SIM-0000828-R1,PO-SIM-0000828,2023-12-07,2023-12-07,21,simulation
PO-SIM-0000828-R2,PO-SIM-0000828,2023-12-10,2023-12-10,20,simulation
PO-SIM-0000829-R1,PO-SIM-0000829,2023-12-10,2023-12-10,62,simulation
PO-SIM-0000830-R1,PO-SIM-0000830,2023-12-10,2023-12-10,69,simulation
PO-SIM-0000830-R2,PO-SIM-0000830,2023-12-13,2023-12-13,20,simulation
PO-SIM-0000831-R1,PO-SIM-0000831,2023-12-12,2023-12-12,34,simulation
PO-SIM-0000832-R1,PO-SIM-0000832,2023-12-09,2023-12-09,37,simulation
PO-SIM-0000832-R2,PO-SIM-0000832,2023-12-12,2023-12-12,44,simulation
PO-SIM-0000833-R1,PO-SIM-0000833,2023-12-07,2023-12-07,4,simulation
PO-SIM-0000833-R2,PO-SIM-0000833,2023-12-10,2023-12-10,5,simulation
PO-SIM-0000834-R1,PO-SIM-0000834,2023-12-07,2023-12-07,60,simulation
PO-SIM-0000835-R1,PO-SIM-0000835,2023-12-11,2023-12-11,81,simulation
PO-SIM-0000836-R1,PO-SIM-0000836,2023-12-07,2023-12-07,13,simulation
PO-SIM-0000837-R1,PO-SIM-0000837,2023-12-08,2023-12-08,107,simulation
PO-SIM-0000838-R1,PO-SIM-0000838,2023-12-08,2023-12-08,71,simulation
PO-SIM-0000839-R1,PO-SIM-0000839,2023-12-11,2023-12-11,84,simulation
PO-SIM-0000840-R1,PO-SIM-0000840,2023-12-11,2023-12-11,47,simulation
PO-SIM-0000842-R1,PO-SIM-0000842,2023-12-07,2023-12-07,21,simulation
PO-SIM-0000843-R1,PO-SIM-0000843,2023-12-08,2023-12-08,1,simulation
PO-SIM-0000844-R1,PO-SIM-0000844,2023-12-10,2023-12-10,45,simulation
PO-SIM-0000845-R1,PO-SIM-0000845,2023-12-08,2023-12-08,7,simulation
PO-SIM-0000846-R1,PO-SIM-0000846,2023-12-08,2023-12-08,8,simulation
PO-SIM-0000846-R2,PO-SIM-0000846,2023-12-09,2023-12-09,5,simulation
PO-SIM-0000847-R1,PO-SIM-0000847,2023-12-11,2023-12-11,15,simulation
PO-SIM-0000848-R1,PO-SIM-0000848,2023-12-07,2023-12-07,9,simulation
PO-SIM-0000849-R1,PO-SIM-0000849,2023-12-10,2023-12-10,69,simulation
PO-SIM-0000850-R1,PO-SIM-0000850,2023-12-09,2023-12-09,67,simulation
PO-SIM-0000851-R1,PO-SIM-0000851,2023-12-09,2023-12-09,32,simulation
PO-SIM-0000852-R1,PO-SIM-0000852,2023-12-08,2023-12-08,38,simulation
PO-SIM-0000853-R1,PO-SIM-0000853,2023-12-06,2023-12-06,77,simulation
PO-SIM-0000854-R1,PO-SIM-0000854,2023-12-07,2023-12-07,81,simulation
PO-SIM-0000855-R1,PO-SIM-0000855,2023-12-08,2023-12-08,77,simulation
PO-SIM-0000856-R1,PO-SIM-0000856,2023-12-11,2023-12-11,195,simulation
PO-SIM-0000857-R1,PO-SIM-0000857,2023-12-12,2023-12-12,37,simulation
PO-SIM-0000858-R1,PO-SIM-0000858,2023-12-11,2023-12-11,34,simulation
PO-SIM-0000858-R2,PO-SIM-0000858,2023-12-14,2023-12-14,29,simulation
PO-SIM-0000859-R1,PO-SIM-0000859,2023-12-08,2023-12-08,8,simulation
PO-SIM-0000860-R1,PO-SIM-0000860,2023-12-08,2023-12-08,85,simulation
PO-SIM-0000861-R1,PO-SIM-0000861,2023-12-12,2023-12-12,78,simulation
PO-SIM-0000861-R2,PO-SIM-0000861,2023-12-13,2023-12-13,33,simulation
PO-SIM-0000862-R1,PO-SIM-0000862,2023-12-07,2023-12-07,115,simulation
PO-SIM-0000863-R1,PO-SIM-0000863,2023-12-09,2023-12-09,28,simulation
PO-SIM-0000863-R2,PO-SIM-0000863,2023-12-10,2023-12-10,17,simulation
PO-SIM-0000864-R1,PO-SIM-0000864,2023-12-11,2023-12-11,5,simulation
PO-SIM-0000865-R1,PO-SIM-0000865,2023-12-10,2023-12-10,30,simulation
PO-SIM-0000866-R1,PO-SIM-0000866,2023-12-11,2023-12-11,16,simulation
PO-SIM-0000866-R2,PO-SIM-0000866,2023-12-12,2023-12-12,15,simulation
PO-SIM-0000867-R1,PO-SIM-0000867,2023-12-12,2023-12-12,100,simulation
PO-SIM-0000868-R1,PO-SIM-0000868,2023-12-10,2023-12-10,31,simulation
PO-SIM-0000869-R1,PO-SIM-0000869,2023-12-07,2023-12-07,41,simulation
PO-SIM-0000870-R1,PO-SIM-0000870,2023-12-11,2023-12-11,30,simulation
PO-SIM-0000871-R1,PO-SIM-0000871,2023-12-10,2023-12-10,35,simulation
PO-SIM-0000872-R1,PO-SIM-0000872,2023-12-07,2023-12-07,41,simulation
PO-SIM-0000873-R1,PO-SIM-0000873,2023-12-14,2023-12-14,35,simulation
PO-SIM-0000874-R1,PO-SIM-0000874,2023-12-08,2023-12-08,25,simulation
PO-SIM-0000875-R1,PO-SIM-0000875,2023-12-12,2023-12-12,61,simulation
PO-SIM-0000876-R1,PO-SIM-0000876,2023-12-12,2023-12-12,74,simulation
PO-SIM-0000877-R1,PO-SIM-0000877,2023-12-11,2023-12-11,56,simulation
PO-SIM-0000878-R1,PO-SIM-0000878,2023-12-11,2023-12-11,2,simulation
PO-SIM-0000878-R2,PO-SIM-0000878,2023-12-14,2023-12-14,1,simulation
PO-SIM-0000879-R1,PO-SIM-0000879,2023-12-08,2023-12-08,21,simulation
PO-SIM-0000880-R1,PO-SIM-0000880,2023-12-08,2023-12-08,118,simulation
PO-SIM-0000881-R1,PO-SIM-0000881,2023-12-09,2023-12-09,80,simulation
PO-SIM-0000882-R1,PO-SIM-0000882,2023-12-11,2023-12-11,54,simulation
PO-SIM-0000883-R1,PO-SIM-0000883,2023-12-09,2023-12-09,58,simulation
PO-SIM-0000884-R1,PO-SIM-0000884,2023-12-13,2023-12-13,101,simulation
PO-SIM-0000885-R1,PO-SIM-0000885,2023-12-09,2023-12-09,73,simulation
PO-SIM-0000886-R1,PO-SIM-0000886,2023-12-12,2023-12-12,17,simulation
PO-SIM-0000887-R1,PO-SIM-0000887,2023-12-12,2023-12-12,12,simulation
PO-SIM-0000888-R1,PO-SIM-0000888,2023-12-09,2023-12-09,4,simulation
PO-SIM-0000889-R1,PO-SIM-0000889,2023-12-13,2023-12-13,18,simulation
PO-SIM-0000889-R2,PO-SIM-0000889,2023-12-16,2023-12-16,15,simulation
PO-SIM-0000890-R1,PO-SIM-0000890,2023-12-09,2023-12-09,13,simulation
PO-SIM-0000891-R1,PO-SIM-0000891,2023-12-10,2023-12-10,38,simulation
PO-SIM-0000892-R1,PO-SIM-0000892,2023-12-08,2023-12-08,77,simulation
PO-SIM-0000893-R1,PO-SIM-0000893,2023-12-12,2023-12-12,121,simulation
PO-SIM-0000894-R1,PO-SIM-0000894,2023-12-16,2023-12-16,81,simulation
PO-SIM-0000895-R1,PO-SIM-0000895,2023-12-10,2023-12-10,21,simulation
PO-SIM-0000895-R2,PO-SIM-0000895,2023-12-12,2023-12-12,16,simulation
PO-SIM-0000896-R1,PO-SIM-0000896,2023-12-12,2023-12-12,41,simulation
PO-SIM-0000897-R1,PO-SIM-0000897,2023-12-11,2023-12-11,21,simulation
PO-SIM-0000898-R1,PO-SIM-0000898,2023-12-13,2023-12-13,62,simulation
PO-SIM-0000898-R2,PO-SIM-0000898,2023-12-16,2023-12-16,66,simulation
PO-SIM-0000899-R1,PO-SIM-0000899,2023-12-10,2023-12-10,16,simulation
PO-SIM-0000900-R1,PO-SIM-0000900,2023-12-11,2023-12-11,29,simulation
PO-SIM-0000901-R1,PO-SIM-0000901,2023-12-12,2023-12-12,7,simulation
PO-SIM-0000902-R1,PO-SIM-0000902,2023-12-11,2023-12-11,37,simulation
PO-SIM-0000903-R1,PO-SIM-0000903,2023-12-08,2023-12-08,32,simulation
PO-SIM-0000904-R1,PO-SIM-0000904,2023-12-10,2023-12-10,7,simulation
PO-SIM-0000905-R1,PO-SIM-0000905,2023-12-09,2023-12-09,7,simulation
PO-SIM-0000906-R1,PO-SIM-0000906,2023-12-12,2023-12-12,111,simulation
PO-SIM-0000907-R1,PO-SIM-0000907,2023-12-13,2023-12-13,34,simulation
PO-SIM-0000908-R1,PO-SIM-0000908,2023-12-12,2023-12-12,52,simulation
PO-SIM-0000909-R1,PO-SIM-0000909,2023-12-10,2023-12-10,1,simulation
PO-SIM-0000910-R1,PO-SIM-0000910,2023-12-10,2023-12-10,22,simulation
PO-SIM-0000911-R1,PO-SIM-0000911,2023-12-10,2023-12-10,9,simulation
PO-SIM-0000912-R1,PO-SIM-0000912,2023-12-11,2023-12-11,56,simulation
PO-SIM-0000913-R1,PO-SIM-0000913,2023-12-10,2023-12-10,8,simulation
PO-SIM-0000914-R1,PO-SIM-0000914,2023-12-14,2023-12-14,107,simulation
PO-SIM-0000915-R1,PO-SIM-0000915,2023-12-09,2023-12-09,62,simulation
PO-SIM-0000916-R1,PO-SIM-0000916,2023-12-10,2023-12-10,96,simulation
PO-SIM-0000916-R2,PO-SIM-0000916,2023-12-12,2023-12-12,42,simulation
PO-SIM-0000917-R1,PO-SIM-0000917,2023-12-14,2023-12-14,95,simulation
PO-SIM-0000918-R1,PO-SIM-0000918,2023-12-12,2023-12-12,61,simulation
PO-SIM-0000919-R1,PO-SIM-0000919,2023-12-12,2023-12-12,6,simulation
PO-SIM-0000919-R2,PO-SIM-0000919,2023-12-15,2023-12-15,4,simulation
PO-SIM-0000920-R1,PO-SIM-0000920,2023-12-10,2023-12-10,2,simulation
PO-SIM-0000921-R1,PO-SIM-0000921,2023-12-14,2023-12-14,39,simulation
PO-SIM-0000922-R1,PO-SIM-0000922,2023-12-11,2023-12-11,156,simulation
PO-SIM-0000923-R1,PO-SIM-0000923,2023-12-14,2023-12-14,43,simulation
PO-SIM-0000923-R2,PO-SIM-0000923,2023-12-16,2023-12-16,20,simulation
PO-SIM-0000924-R1,PO-SIM-0000924,2023-12-14,2023-12-14,118,simulation
PO-SIM-0000925-R1,PO-SIM-0000925,2023-12-11,2023-12-11,61,simulation
PO-SIM-0000926-R1,PO-SIM-0000926,2023-12-11,2023-12-11,36,simulation
PO-SIM-0000927-R1,PO-SIM-0000927,2023-12-14,2023-12-14,83,simulation
PO-SIM-0000928-R1,PO-SIM-0000928,2023-12-14,2023-12-14,156,simulation
PO-SIM-0000929-R1,PO-SIM-0000929,2023-12-13,2023-12-13,88,simulation
PO-SIM-0000930-R1,PO-SIM-0000930,2023-12-12,2023-12-12,56,simulation
PO-SIM-0000931-R1,PO-SIM-0000931,2023-12-11,2023-12-11,11,simulation
PO-SIM-0000932-R1,PO-SIM-0000932,2023-12-12,2023-12-12,12,simulation
PO-SIM-0000933-R1,PO-SIM-0000933,2023-12-12,2023-12-12,61,simulation
PO-SIM-0000934-R1,PO-SIM-0000934,2023-12-12,2023-12-12,32,simulation
PO-SIM-0000934-R2,PO-SIM-0000934,2023-12-13,2023-12-13,9,simulation
PO-SIM-0000935-R1,PO-SIM-0000935,2023-12-11,2023-12-11,50,simulation
PO-SIM-0000936-R1,PO-SIM-0000936,2023-12-11,2023-12-11,71,simulation
PO-SIM-0000937-R1,PO-SIM-0000937,2023-12-12,2023-12-12,3,simulation
PO-SIM-0000938-R1,PO-SIM-0000938,2023-12-10,2023-12-10,56,simulation
PO-SIM-0000939-R1,PO-SIM-0000939,2023-12-14,2023-12-14,1,simulation
PO-SIM-0000940-R1,PO-SIM-0000940,2023-12-15,2023-12-15,31,simulation
PO-SIM-0000941-R1,PO-SIM-0000941,2023-12-17,2023-12-17,30,simulation
PO-SIM-0000942-R1,PO-SIM-0000942,2023-12-11,2023-12-11,47,simulation
PO-SIM-0000943-R1,PO-SIM-0000943,2023-12-11,2023-12-11,72,simulation
PO-SIM-0000944-R1,PO-SIM-0000944,2023-12-14,2023-12-14,49,simulation
PO-SIM-0000945-R1,PO-SIM-0000945,2023-12-15,2023-12-15,144,simulation
PO-SIM-0000946-R1,PO-SIM-0000946,2023-12-11,2023-12-11,103,simulation
PO-SIM-0000947-R1,PO-SIM-0000947,2023-12-14,2023-12-14,16,simulation
PO-SIM-0000947-R2,PO-SIM-0000947,2023-12-15,2023-12-15,11,simulation
PO-SIM-0000948-R1,PO-SIM-0000948,2023-12-15,2023-12-15,47,simulation
PO-SIM-0000949-R1,PO-SIM-0000949,2023-12-13,2023-12-13,2,simulation
PO-SIM-0000950-R1,PO-SIM-0000950,2023-12-12,2023-12-12,54,simulation
PO-SIM-0000951-R1,PO-SIM-0000951,2023-12-14,2023-12-14,50,simulation
PO-SIM-0000951-R2,PO-SIM-0000951,2023-12-16,2023-12-16,53,simulation
PO-SIM-0000952-R1,PO-SIM-0000952,2023-12-11,2023-12-11,8,simulation
PO-SIM-0000953-R1,PO-SIM-0000953,2023-12-18,2023-12-18,40,simulation
PO-SIM-0000954-R1,PO-SIM-0000954,2023-12-11,2023-12-11,20,simulation
PO-SIM-0000955-R1,PO-SIM-0000955,2023-12-10,2023-12-10,87,simulation
PO-SIM-0000956-R1,PO-SIM-0000956,2023-12-10,2023-12-10,17,simulation
PO-SIM-0000957-R1,PO-SIM-0000957,2023-12-15,2023-12-15,30,simulation
PO-SIM-0000958-R1,PO-SIM-0000958,2023-12-16,2023-12-16,45,simulation
PO-SIM-0000959-R1,PO-SIM-0000959,2023-12-19,2023-12-19,84,simulation
PO-SIM-0000960-R1,PO-SIM-0000960,2023-12-17,2023-12-17,37,simulation
PO-SIM-0000960-R2,PO-SIM-0000960,2023-12-20,2023-12-20,38,simulation
PO-SIM-0000961-R1,PO-SIM-0000961,2023-12-14,2023-12-14,215,simulation
PO-SIM-0000962-R1,PO-SIM-0000962,2023-12-14,2023-12-14,25,simulation
PO-SIM-0000963-R1,PO-SIM-0000963,2023-12-12,2023-12-12,69,simulation
PO-SIM-0000964-R1,PO-SIM-0000964,2023-12-12,2023-12-12,114,simulation
PO-SIM-0000965-R1,PO-SIM-0000965,2023-12-13,2023-12-13,36,simulation
PO-SIM-0000966-R1,PO-SIM-0000966,2023-12-12,2023-12-12,22,simulation
PO-SIM-0000967-R1,PO-SIM-0000967,2023-12-15,2023-12-15,48,simulation
PO-SIM-0000968-R1,PO-SIM-0000968,2023-12-11,2023-12-11,74,simulation
PO-SIM-0000969-R1,PO-SIM-0000969,2023-12-14,2023-12-14,8,simulation
PO-SIM-0000970-R1,PO-SIM-0000970,2023-12-13,2023-12-13,89,simulation
PO-SIM-0000971-R1,PO-SIM-0000971,2023-12-16,2023-12-16,18,simulation
PO-SIM-0000972-R1,PO-SIM-0000972,2023-12-17,2023-12-17,105,simulation
PO-SIM-0000973-R1,PO-SIM-0000973,2023-12-12,2023-12-12,27,simulation
PO-SIM-0000974-R1,PO-SIM-0000974,2023-12-14,2023-12-14,77,simulation
PO-SIM-0000975-R1,PO-SIM-0000975,2023-12-13,2023-12-13,86,simulation
PO-SIM-0000976-R1,PO-SIM-0000976,2023-12-12,2023-12-12,24,simulation
PO-SIM-0000977-R1,PO-SIM-0000977,2023-12-17,2023-12-17,30,simulation
PO-SIM-0000978-R1,PO-SIM-0000978,2023-12-13,2023-12-13,74,simulation
PO-SIM-0000979-R1,PO-SIM-0000979,2023-12-15,2023-12-15,16,simulation
PO-SIM-0000980-R1,PO-SIM-0000980,2023-12-16,2023-12-16,23,simulation
PO-SIM-0000981-R1,PO-SIM-0000981,2023-12-13,2023-12-13,22,simulation
PO-SIM-0000982-R1,PO-SIM-0000982,2023-12-12,2023-12-12,73,simulation
PO-SIM-0000983-R1,PO-SIM-0000983,2023-12-16,2023-12-16,41,simulation
PO-SIM-0000984-R1,PO-SIM-0000984,2023-12-14,2023-12-14,27,simulation
PO-SIM-0000984-R2,PO-SIM-0000984,2023-12-15,2023-12-15,14,simulation
PO-SIM-0000985-R1,PO-SIM-0000985,2023-12-12,2023-12-12,93,simulation
PO-SIM-0000986-R1,PO-SIM-0000986,2023-12-16,2023-12-16,40,simulation
PO-SIM-0000986-R2,PO-SIM-0000986,2023-12-18,2023-12-18,48,simulation
PO-SIM-0000987-R1,PO-SIM-0000987,2023-12-14,2023-12-14,56,simulation
PO-SIM-0000988-R1,PO-SIM-0000988,2023-12-17,2023-12-17,66,simulation
PO-SIM-0000989-R1,PO-SIM-0000989,2023-12-13,2023-12-13,56,simulation
PO-SIM-0000990-R1,PO-SIM-0000990,2023-12-16,2023-12-16,51,simulation
PO-SIM-0000991-R1,PO-SIM-0000991,2023-12-16,2023-12-16,51,simulation
PO-SIM-0000991-R2,PO-SIM-0000991,2023-12-17,2023-12-17,15,simulation
PO-SIM-0000992-R1,PO-SIM-0000992,2023-12-16,2023-12-16,53,simulation
PO-SIM-0000993-R1,PO-SIM-0000993,2023-12-15,2023-12-15,9,simulation
PO-SIM-0000994-R1,PO-SIM-0000994,2023-12-13,2023-12-13,39,simulation
PO-SIM-0000995-R1,PO-SIM-0000995,2023-12-16,2023-12-16,35,simulation
PO-SIM-0000996-R1,PO-SIM-0000996,2023-12-14,2023-12-14,30,simulation
PO-SIM-0000996-R2,PO-SIM-0000996,2023-12-17,2023-12-17,20,simulation
PO-SIM-0000997-R1,PO-SIM-0000997,2023-12-16,2023-12-16,45,simulation
PO-SIM-0000999-R1,PO-SIM-0000999,2023-12-20,2023-12-20,34,simulation
PO-SIM-0001000-R1,PO-SIM-0001000,2023-12-16,2023-12-16,1,simulation
PO-SIM-0001001-R1,PO-SIM-0001001,2023-12-14,2023-12-14,4,simulation
PO-SIM-0001002-R1,PO-SIM-0001002,2023-12-14,2023-12-14,80,simulation
PO-SIM-0001003-R1,PO-SIM-0001003,2023-12-14,2023-12-14,1,simulation
PO-SIM-0001004-R1,PO-SIM-0001004,2023-12-18,2023-12-18,21,simulation
PO-SIM-0001005-R1,PO-SIM-0001005,2023-12-18,2023-12-18,4,simulation
PO-SIM-0001006-R1,PO-SIM-0001006,2023-12-13,2023-12-13,11,simulation
PO-SIM-0001007-R1,PO-SIM-0001007,2023-12-15,2023-12-15,4,simulation
PO-SIM-0001008-R1,PO-SIM-0001008,2023-12-13,2023-12-13,2,simulation
PO-SIM-0001009-R1,PO-SIM-0001009,2023-12-13,2023-12-13,23,simulation
PO-SIM-0001009-R2,PO-SIM-0001009,2023-12-14,2023-12-14,15,simulation
PO-SIM-0001010-R1,PO-SIM-0001010,2023-12-18,2023-12-18,20,simulation
PO-SIM-0001011-R1,PO-SIM-0001011,2023-12-14,2023-12-14,24,simulation
PO-SIM-0001012-R1,PO-SIM-0001012,2023-12-13,2023-12-13,26,simulation
PO-SIM-0001013-R1,PO-SIM-0001013,2023-12-14,2023-12-14,5,simulation
PO-SIM-0001014-R1,PO-SIM-0001014,2023-12-16,2023-12-16,69,simulation
PO-SIM-0001015-R1,PO-SIM-0001015,2023-12-16,2023-12-16,56,simulation
PO-SIM-0001016-R1,PO-SIM-0001016,2023-12-17,2023-12-17,18,simulation
PO-SIM-0001017-R1,PO-SIM-0001017,2023-12-17,2023-12-17,126,simulation
PO-SIM-0001018-R1,PO-SIM-0001018,2023-12-14,2023-12-14,33,simulation
PO-SIM-0001019-R1,PO-SIM-0001019,2023-12-17,2023-12-17,97,simulation
PO-SIM-0001020-R1,PO-SIM-0001020,2023-12-14,2023-12-14,22,simulation
PO-SIM-0001021-R1,PO-SIM-0001021,2023-12-17,2023-12-17,38,simulation
PO-SIM-0001022-R1,PO-SIM-0001022,2023-12-14,2023-12-14,17,simulation
PO-SIM-0001022-R2,PO-SIM-0001022,2023-12-17,2023-12-17,22,simulation
PO-SIM-0001023-R1,PO-SIM-0001023,2023-12-21,2023-12-21,103,simulation
PO-SIM-0001024-R1,PO-SIM-0001024,2023-12-16,2023-12-16,6,simulation
PO-SIM-0001025-R1,PO-SIM-0001025,2023-12-14,2023-12-14,25,simulation
PO-SIM-0001026-R1,PO-SIM-0001026,2023-12-16,2023-12-16,15,simulation
PO-SIM-0001027-R1,PO-SIM-0001027,2023-12-18,2023-12-18,75,simulation
PO-SIM-0001028-R1,PO-SIM-0001028,2023-12-15,2023-12-15,193,simulation
PO-SIM-0001029-R1,PO-SIM-0001029,2023-12-20,2023-12-20,116,simulation
PO-SIM-0001030-R1,PO-SIM-0001030,2023-12-15,2023-12-15,59,simulation
PO-SIM-0001031-R1,PO-SIM-0001031,2023-12-18,2023-12-18,31,simulation
PO-SIM-0001032-R1,PO-SIM-0001032,2023-12-15,2023-12-15,28,simulation
PO-SIM-0001033-R1,PO-SIM-0001033,2023-12-16,2023-12-16,13,simulation
PO-SIM-0001033-R2,PO-SIM-0001033,2023-12-18,2023-12-18,11,simulation
PO-SIM-0001034-R1,PO-SIM-0001034,2023-12-18,2023-12-18,77,simulation
PO-SIM-0001035-R1,PO-SIM-0001035,2023-12-17,2023-12-17,66,simulation
PO-SIM-0001036-R1,PO-SIM-0001036,2023-12-15,2023-12-15,2,simulation
PO-SIM-0001037-R1,PO-SIM-0001037,2023-12-18,2023-12-18,49,simulation
PO-SIM-0001038-R1,PO-SIM-0001038,2023-12-18,2023-12-18,209,simulation
PO-SIM-0001039-R1,PO-SIM-0001039,2023-12-20,2023-12-20,12,simulation
PO-SIM-0001040-R1,PO-SIM-0001040,2023-12-15,2023-12-15,108,simulation
PO-SIM-0001041-R1,PO-SIM-0001041,2023-12-18,2023-12-18,47,simulation
PO-SIM-0001041-R2,PO-SIM-0001041,2023-12-21,2023-12-21,21,simulation
PO-SIM-0001042-R1,PO-SIM-0001042,2023-12-16,2023-12-16,37,simulation
PO-SIM-0001043-R1,PO-SIM-0001043,2023-12-15,2023-12-15,30,simulation
PO-SIM-0001044-R1,PO-SIM-0001044,2023-12-18,2023-12-18,5,simulation
PO-SIM-0001046-R1,PO-SIM-0001046,2023-12-19,2023-12-19,45,simulation
PO-SIM-0001047-R1,PO-SIM-0001047,2023-12-15,2023-12-15,32,simulation
PO-SIM-0001048-R1,PO-SIM-0001048,2023-12-18,2023-12-18,13,simulation
PO-SIM-0001049-R1,PO-SIM-0001049,2023-12-15,2023-12-15,43,simulation
PO-SIM-0001050-R1,PO-SIM-0001050,2023-12-15,2023-12-15,24,simulation
PO-SIM-0001051-R1,PO-SIM-0001051,2023-12-14,2023-12-14,6,simulation
PO-SIM-0001051-R2,PO-SIM-0001051,2023-12-15,2023-12-15,4,simulation
PO-SIM-0001052-R1,PO-SIM-0001052,2023-12-15,2023-12-15,85,simulation
PO-SIM-0001053-R1,PO-SIM-0001053,2023-12-18,2023-12-18,37,simulation
PO-SIM-0001054-R1,PO-SIM-0001054,2023-12-18,2023-12-18,100,simulation
PO-SIM-0001055-R1,PO-SIM-0001055,2023-12-18,2023-12-18,166,simulation
PO-SIM-0001056-R1,PO-SIM-0001056,2023-12-14,2023-12-14,97,simulation
PO-SIM-0001057-R1,PO-SIM-0001057,2023-12-16,2023-12-16,40,simulation
PO-SIM-0001058-R1,PO-SIM-0001058,2023-12-15,2023-12-15,55,simulation
PO-SIM-0001059-R1,PO-SIM-0001059,2023-12-17,2023-12-17,36,simulation
PO-SIM-0001060-R1,PO-SIM-0001060,2023-12-16,2023-12-16,47,simulation
PO-SIM-0001061-R1,PO-SIM-0001061,2023-12-20,2023-12-20,56,simulation
PO-SIM-0001062-R1,PO-SIM-0001062,2023-12-19,2023-12-19,41,simulation
PO-SIM-0001063-R1,PO-SIM-0001063,2023-12-18,2023-12-18,43,simulation
PO-SIM-0001064-R1,PO-SIM-0001064,2023-12-15,2023-12-15,39,simulation
PO-SIM-0001065-R1,PO-SIM-0001065,2023-12-18,2023-12-18,43,simulation
PO-SIM-0001066-R1,PO-SIM-0001066,2023-12-19,2023-12-19,42,simulation
PO-SIM-0001067-R1,PO-SIM-0001067,2023-12-16,2023-12-16,115,simulation
PO-SIM-0001068-R1,PO-SIM-0001068,2023-12-17,2023-12-17,46,simulation
PO-SIM-0001069-R1,PO-SIM-0001069,2023-12-16,2023-12-16,3,simulation
PO-SIM-0001070-R1,PO-SIM-0001070,2023-12-17,2023-12-17,11,simulation
PO-SIM-0001071-R1,PO-SIM-0001071,2023-12-22,2023-12-22,36,simulation
PO-SIM-0001072-R1,PO-SIM-0001072,2023-12-16,2023-12-16,35,simulation
PO-SIM-0001073-R1,PO-SIM-0001073,2023-12-19,2023-12-19,24,simulation
PO-SIM-0001074-R1,PO-SIM-0001074,2023-12-21,2023-12-21,71,simulation
PO-SIM-0001075-R1,PO-SIM-0001075,2023-12-20,2023-12-20,42,simulation
PO-SIM-0001076-R1,PO-SIM-0001076,2023-12-15,2023-12-15,14,simulation
PO-SIM-0001077-R1,PO-SIM-0001077,2023-12-15,2023-12-15,24,simulation
PO-SIM-0001078-R1,PO-SIM-0001078,2023-12-18,2023-12-18,10,simulation
PO-SIM-0001079-R1,PO-SIM-0001079,2023-12-16,2023-12-16,4,simulation
PO-SIM-0001080-R1,PO-SIM-0001080,2023-12-17,2023-12-17,20,simulation
PO-SIM-0001081-R1,PO-SIM-0001081,2023-12-19,2023-12-19,53,simulation
PO-SIM-0001082-R1,PO-SIM-0001082,2023-12-19,2023-12-19,76,simulation
PO-SIM-0001082-R2,PO-SIM-0001082,2023-12-21,2023-12-21,92,simulation
PO-SIM-0001083-R1,PO-SIM-0001083,2023-12-20,2023-12-20,73,simulation
PO-SIM-0001084-R1,PO-SIM-0001084,2023-12-18,2023-12-18,25,simulation
PO-SIM-0001085-R1,PO-SIM-0001085,2023-12-19,2023-12-19,84,simulation
PO-SIM-0001086-R1,PO-SIM-0001086,2023-12-16,2023-12-16,98,simulation
PO-SIM-0001087-R1,PO-SIM-0001087,2023-12-16,2023-12-16,52,simulation
PO-SIM-0001088-R1,PO-SIM-0001088,2023-12-21,2023-12-21,87,simulation
PO-SIM-0001089-R1,PO-SIM-0001089,2023-12-17,2023-12-17,35,simulation
PO-SIM-0001090-R1,PO-SIM-0001090,2023-12-17,2023-12-17,100,simulation
PO-SIM-0001091-R1,PO-SIM-0001091,2023-12-17,2023-12-17,66,simulation
PO-SIM-0001092-R1,PO-SIM-0001092,2023-12-19,2023-12-19,39,simulation
PO-SIM-0001093-R1,PO-SIM-0001093,2023-12-20,2023-12-20,6,simulation
PO-SIM-0001094-R1,PO-SIM-0001094,2023-12-17,2023-12-17,73,simulation
PO-SIM-0001095-R1,PO-SIM-0001095,2023-12-18,2023-12-18,29,simulation
PO-SIM-0001096-R1,PO-SIM-0001096,2023-12-18,2023-12-18,6,simulation
PO-SIM-0001097-R1,PO-SIM-0001097,2023-12-20,2023-12-20,21,simulation
PO-SIM-0001098-R1,PO-SIM-0001098,2023-12-19,2023-12-19,73,simulation
PO-SIM-0001099-R1,PO-SIM-0001099,2023-12-21,2023-12-21,109,simulation
PO-SIM-0001100-R1,PO-SIM-0001100,2023-12-17,2023-12-17,46,simulation
PO-SIM-0001102-R1,PO-SIM-0001102,2023-12-19,2023-12-19,87,simulation
PO-SIM-0001103-R1,PO-SIM-0001103,2023-12-19,2023-12-19,56,simulation
PO-SIM-0001104-R1,PO-SIM-0001104,2023-12-20,2023-12-20,102,simulation
PO-SIM-0001105-R1,PO-SIM-0001105,2023-12-19,2023-12-19,157,simulation
PO-SIM-0001106-R1,PO-SIM-0001106,2023-12-21,2023-12-21,11,simulation
PO-SIM-0001107-R1,PO-SIM-0001107,2023-12-21,2023-12-21,3,simulation
PO-SIM-0001108-R1,PO-SIM-0001108,2023-12-19,2023-12-19,2,simulation
PO-SIM-0001108-R2,PO-SIM-0001108,2023-12-21,2023-12-21,1,simulation
PO-SIM-0001109-R1,PO-SIM-0001109,2023-12-17,2023-12-17,132,simulation
PO-SIM-0001110-R1,PO-SIM-0001110,2023-12-17,2023-12-17,32,simulation
PO-SIM-0001111-R1,PO-SIM-0001111,2023-12-20,2023-12-20,41,simulation
PO-SIM-0001112-R1,PO-SIM-0001112,2023-12-18,2023-12-18,27,simulation
PO-SIM-0001113-R1,PO-SIM-0001113,2023-12-19,2023-12-19,21,simulation
PO-SIM-0001114-R1,PO-SIM-0001114,2023-12-21,2023-12-21,107,simulation
PO-SIM-0001115-R1,PO-SIM-0001115,2023-12-21,2023-12-21,37,simulation
PO-SIM-0001116-R1,PO-SIM-0001116,2023-12-19,2023-12-19,59,simulation
PO-SIM-0001117-R1,PO-SIM-0001117,2023-12-19,2023-12-19,3,simulation
PO-SIM-0001118-R1,PO-SIM-0001118,2023-12-19,2023-12-19,44,simulation
PO-SIM-0001119-R1,PO-SIM-0001119,2023-12-21,2023-12-21,20,simulation
PO-SIM-0001120-R1,PO-SIM-0001120,2023-12-24,2023-12-24,5,simulation
PO-SIM-0001121-R1,PO-SIM-0001121,2023-12-19,2023-12-19,26,simulation
PO-SIM-0001122-R1,PO-SIM-0001122,2023-12-19,2023-12-19,73,simulation
PO-SIM-0001123-R1,PO-SIM-0001123,2023-12-21,2023-12-21,84,simulation
PO-SIM-0001124-R1,PO-SIM-0001124,2023-12-17,2023-12-17,40,simulation
PO-SIM-0001125-R1,PO-SIM-0001125,2023-12-19,2023-12-19,3,simulation
PO-SIM-0001126-R1,PO-SIM-0001126,2023-12-19,2023-12-19,70,simulation
PO-SIM-0001127-R1,PO-SIM-0001127,2023-12-19,2023-12-19,12,simulation
PO-SIM-0001127-R2,PO-SIM-0001127,2023-12-22,2023-12-22,7,simulation
PO-SIM-0001128-R1,PO-SIM-0001128,2023-12-22,2023-12-22,63,simulation
PO-SIM-0001129-R1,PO-SIM-0001129,2023-12-21,2023-12-21,27,simulation
PO-SIM-0001130-R1,PO-SIM-0001130,2023-12-22,2023-12-22,136,simulation
PO-SIM-0001131-R1,PO-SIM-0001131,2023-12-20,2023-12-20,1,simulation
PO-SIM-0001132-R1,PO-SIM-0001132,2023-12-24,2023-12-24,35,simulation
PO-SIM-0001133-R1,PO-SIM-0001133,2023-12-19,2023-12-19,55,simulation
PO-SIM-0001133-R2,PO-SIM-0001133,2023-12-22,2023-12-22,33,simulation
PO-SIM-0001134-R1,PO-SIM-0001134,2023-12-19,2023-12-19,36,simulation
PO-SIM-0001135-R1,PO-SIM-0001135,2023-12-18,2023-12-18,55,simulation
PO-SIM-0001136-R1,PO-SIM-0001136,2023-12-21,2023-12-21,17,simulation
PO-SIM-0001137-R1,PO-SIM-0001137,2023-12-21,2023-12-21,22,simulation
PO-SIM-0001138-R1,PO-SIM-0001138,2023-12-22,2023-12-22,101,simulation
PO-SIM-0001139-R1,PO-SIM-0001139,2023-12-17,2023-12-17,39,simulation
PO-SIM-0001140-R1,PO-SIM-0001140,2023-12-22,2023-12-22,79,simulation
PO-SIM-0001140-R2,PO-SIM-0001140,2023-12-23,2023-12-23,72,simulation
PO-SIM-0001141-R1,PO-SIM-0001141,2023-12-19,2023-12-19,65,simulation
PO-SIM-0001142-R1,PO-SIM-0001142,2023-12-19,2023-12-19,46,simulation
PO-SIM-0001143-R1,PO-SIM-0001143,2023-12-19,2023-12-19,42,simulation
PO-SIM-0001144-R1,PO-SIM-0001144,2023-12-21,2023-12-21,51,simulation
PO-SIM-0001145-R1,PO-SIM-0001145,2023-12-21,2023-12-21,5,simulation
PO-SIM-0001145-R2,PO-SIM-0001145,2023-12-23,2023-12-23,4,simulation
PO-SIM-0001146-R1,PO-SIM-0001146,2023-12-18,2023-12-18,47,simulation
PO-SIM-0001146-R2,PO-SIM-0001146,2023-12-19,2023-12-19,37,simulation
PO-SIM-0001147-R1,PO-SIM-0001147,2023-12-20,2023-12-20,60,simulation
PO-SIM-0001148-R1,PO-SIM-0001148,2023-12-22,2023-12-22,11,simulation
PO-SIM-0001149-R1,PO-SIM-0001149,2023-12-26,2023-12-26,17,simulation
PO-SIM-0001150-R1,PO-SIM-0001150,2023-12-20,2023-12-20,34,simulation
PO-SIM-0001151-R1,PO-SIM-0001151,2023-12-22,2023-12-22,2,simulation
PO-SIM-0001152-R1,PO-SIM-0001152,2023-12-18,2023-12-18,68,simulation
PO-SIM-0001153-R1,PO-SIM-0001153,2023-12-23,2023-12-23,44,simulation
PO-SIM-0001154-R1,PO-SIM-0001154,2023-12-20,2023-12-20,23,simulation
PO-SIM-0001155-R1,PO-SIM-0001155,2023-12-22,2023-12-22,2,simulation
PO-SIM-0001156-R1,PO-SIM-0001156,2023-12-22,2023-12-22,17,simulation
PO-SIM-0001157-R1,PO-SIM-0001157,2023-12-20,2023-12-20,41,simulation
PO-SIM-0001157-R2,PO-SIM-0001157,2023-12-23,2023-12-23,14,simulation
PO-SIM-0001159-R1,PO-SIM-0001159,2023-12-23,2023-12-23,76,simulation
PO-SIM-0001160-R1,PO-SIM-0001160,2023-12-19,2023-12-19,9,simulation
PO-SIM-0001161-R1,PO-SIM-0001161,2023-12-19,2023-12-19,50,simulation
PO-SIM-0001162-R1,PO-SIM-0001162,2023-12-19,2023-12-19,14,simulation
PO-SIM-0001163-R1,PO-SIM-0001163,2023-12-21,2023-12-21,114,simulation
PO-SIM-0001164-R1,PO-SIM-0001164,2023-12-20,2023-12-20,83,simulation
PO-SIM-0001165-R1,PO-SIM-0001165,2023-12-24,2023-12-24,45,simulation
PO-SIM-0001166-R1,PO-SIM-0001166,2023-12-24,2023-12-24,13,simulation
PO-SIM-0001166-R2,PO-SIM-0001166,2023-12-26,2023-12-26,15,simulation
PO-SIM-0001167-R1,PO-SIM-0001167,2023-12-26,2023-12-26,4,simulation
PO-SIM-0001167-R2,PO-SIM-0001167,2023-12-29,2023-12-29,3,simulation
PO-SIM-0001168-R1,PO-SIM-0001168,2023-12-23,2023-12-23,89,simulation
PO-SIM-0001169-R1,PO-SIM-0001169,2023-12-23,2023-12-23,55,simulation
PO-SIM-0001170-R1,PO-SIM-0001170,2023-12-22,2023-12-22,11,simulation
PO-SIM-0001171-R1,PO-SIM-0001171,2023-12-22,2023-12-22,8,simulation
PO-SIM-0001172-R1,PO-SIM-0001172,2023-12-24,2023-12-24,48,simulation
PO-SIM-0001172-R2,PO-SIM-0001172,2023-12-27,2023-12-27,30,simulation
PO-SIM-0001173-R1,PO-SIM-0001173,2023-12-25,2023-12-25,57,simulation
PO-SIM-0001173-R2,PO-SIM-0001173,2023-12-26,2023-12-26,55,simulation
PO-SIM-0001174-R1,PO-SIM-0001174,2023-12-23,2023-12-23,57,simulation
PO-SIM-0001175-R1,PO-SIM-0001175,2023-12-23,2023-12-23,79,simulation
PO-SIM-0001176-R1,PO-SIM-0001176,2023-12-20,2023-12-20,141,simulation
PO-SIM-0001177-R1,PO-SIM-0001177,2023-12-26,2023-12-26,112,simulation
PO-SIM-0001178-R1,PO-SIM-0001178,2023-12-24,2023-12-24,61,simulation
PO-SIM-0001179-R1,PO-SIM-0001179,2023-12-24,2023-12-24,136,simulation
PO-SIM-0001180-R1,PO-SIM-0001180,2023-12-21,2023-12-21,76,simulation
PO-SIM-0001181-R1,PO-SIM-0001181,2023-12-22,2023-12-22,27,simulation
PO-SIM-0001182-R1,PO-SIM-0001182,2023-12-21,2023-12-21,9,simulation
PO-SIM-0001182-R2,PO-SIM-0001182,2023-12-22,2023-12-22,9,simulation
PO-SIM-0001183-R1,PO-SIM-0001183,2023-12-23,2023-12-23,31,simulation
PO-SIM-0001184-R1,PO-SIM-0001184,2023-12-20,2023-12-20,5,simulation
PO-SIM-0001185-R1,PO-SIM-0001185,2023-12-23,2023-12-23,42,simulation
PO-SIM-0001186-R1,PO-SIM-0001186,2023-12-23,2023-12-23,66,simulation
PO-SIM-0001187-R1,PO-SIM-0001187,2023-12-19,2023-12-19,19,simulation
PO-SIM-0001187-R2,PO-SIM-0001187,2023-12-22,2023-12-22,16,simulation
PO-SIM-0001188-R1,PO-SIM-0001188,2023-12-23,2023-12-23,38,simulation
PO-SIM-0001189-R1,PO-SIM-0001189,2023-12-21,2023-12-21,36,simulation
PO-SIM-0001190-R1,PO-SIM-0001190,2023-12-23,2023-12-23,36,simulation
PO-SIM-0001191-R1,PO-SIM-0001191,2023-12-22,2023-12-22,53,simulation
PO-SIM-0001192-R1,PO-SIM-0001192,2023-12-24,2023-12-24,2,simulation
PO-SIM-0001193-R1,PO-SIM-0001193,2023-12-21,2023-12-21,91,simulation
PO-SIM-0001194-R1,PO-SIM-0001194,2023-12-23,2023-12-23,35,simulation
PO-SIM-0001195-R1,PO-SIM-0001195,2023-12-22,2023-12-22,16,simulation
PO-SIM-0001196-R1,PO-SIM-0001196,2023-12-24,2023-12-24,66,simulation
PO-SIM-0001197-R1,PO-SIM-0001197,2023-12-21,2023-12-21,101,simulation
PO-SIM-0001198-R1,PO-SIM-0001198,2023-12-21,2023-12-21,12,simulation
PO-SIM-0001199-R1,PO-SIM-0001199,2023-12-24,2023-12-24,78,simulation
PO-SIM-0001200-R1,PO-SIM-0001200,2023-12-25,2023-12-25,21,simulation
PO-SIM-0001200-R2,PO-SIM-0001200,2023-12-26,2023-12-26,13,simulation
PO-SIM-0001201-R1,PO-SIM-0001201,2023-12-21,2023-12-21,35,simulation
PO-SIM-0001202-R1,PO-SIM-0001202,2023-12-23,2023-12-23,73,simulation
PO-SIM-0001203-R1,PO-SIM-0001203,2023-12-21,2023-12-21,11,simulation
PO-SIM-0001204-R1,PO-SIM-0001204,2023-12-24,2023-12-24,49,simulation
PO-SIM-0001205-R1,PO-SIM-0001205,2023-12-24,2023-12-24,90,simulation
PO-SIM-0001206-R1,PO-SIM-0001206,2023-12-23,2023-12-23,127,simulation
PO-SIM-0001206-R2,PO-SIM-0001206,2023-12-25,2023-12-25,38,simulation
PO-SIM-0001207-R1,PO-SIM-0001207,2023-12-22,2023-12-22,100,simulation
PO-SIM-0001207-R2,PO-SIM-0001207,2023-12-23,2023-12-23,49,simulation
PO-SIM-0001208-R1,PO-SIM-0001208,2023-12-24,2023-12-24,12,simulation
PO-SIM-0001209-R1,PO-SIM-0001209,2023-12-25,2023-12-25,69,simulation
PO-SIM-0001210-R1,PO-SIM-0001210,2023-12-22,2023-12-22,20,simulation
PO-SIM-0001211-R1,PO-SIM-0001211,2023-12-21,2023-12-21,37,simulation
PO-SIM-0001212-R1,PO-SIM-0001212,2023-12-24,2023-12-24,56,simulation
PO-SIM-0001213-R1,PO-SIM-0001213,2023-12-20,2023-12-20,44,simulation
PO-SIM-0001214-R1,PO-SIM-0001214,2023-12-21,2023-12-21,47,simulation
PO-SIM-0001215-R1,PO-SIM-0001215,2023-12-22,2023-12-22,14,simulation
PO-SIM-0001215-R2,PO-SIM-0001215,2023-12-25,2023-12-25,5,simulation
PO-SIM-0001216-R1,PO-SIM-0001216,2023-12-23,2023-12-23,46,simulation
PO-SIM-0001216-R2,PO-SIM-0001216,2023-12-26,2023-12-26,20,simulation
PO-SIM-0001217-R1,PO-SIM-0001217,2023-12-22,2023-12-22,26,simulation
PO-SIM-0001218-R1,PO-SIM-0001218,2023-12-23,2023-12-23,56,simulation
PO-SIM-0001219-R1,PO-SIM-0001219,2023-12-22,2023-12-22,91,simulation
PO-SIM-0001220-R1,PO-SIM-0001220,2023-12-22,2023-12-22,19,simulation
PO-SIM-0001222-R1,PO-SIM-0001222,2023-12-25,2023-12-25,82,simulation
PO-SIM-0001223-R1,PO-SIM-0001223,2023-12-24,2023-12-24,108,simulation
PO-SIM-0001224-R1,PO-SIM-0001224,2023-12-21,2023-12-21,129,simulation
PO-SIM-0001225-R1,PO-SIM-0001225,2023-12-22,2023-12-22,7,simulation
PO-SIM-0001226-R1,PO-SIM-0001226,2023-12-22,2023-12-22,79,simulation
PO-SIM-0001227-R1,PO-SIM-0001227,2023-12-24,2023-12-24,21,simulation
PO-SIM-0001227-R2,PO-SIM-0001227,2023-12-27,2023-12-27,12,simulation
PO-SIM-0001228-R1,PO-SIM-0001228,2023-12-22,2023-12-22,44,simulation
PO-SIM-0001229-R1,PO-SIM-0001229,2023-12-23,2023-12-23,90,simulation
PO-SIM-0001230-R1,PO-SIM-0001230,2023-12-25,2023-12-25,125,simulation
PO-SIM-0001231-R1,PO-SIM-0001231,2023-12-22,2023-12-22,110,simulation
PO-SIM-0001232-R1,PO-SIM-0001232,2023-12-23,2023-12-23,2,simulation
PO-SIM-0001232-R2,PO-SIM-0001232,2023-12-26,2023-12-26,3,simulation
PO-SIM-0001233-R1,PO-SIM-0001233,2023-12-22,2023-12-22,148,simulation
PO-SIM-0001234-R1,PO-SIM-0001234,2023-12-24,2023-12-24,141,simulation
PO-SIM-0001235-R1,PO-SIM-0001235,2023-12-21,2023-12-21,19,simulation
PO-SIM-0001236-R1,PO-SIM-0001236,2023-12-22,2023-12-22,37,simulation
PO-SIM-0001237-R1,PO-SIM-0001237,2023-12-23,2023-12-23,7,simulation
PO-SIM-0001238-R1,PO-SIM-0001238,2023-12-24,2023-12-24,55,simulation
PO-SIM-0001239-R1,PO-SIM-0001239,2023-12-26,2023-12-26,71,simulation
PO-SIM-0001240-R1,PO-SIM-0001240,2023-12-25,2023-12-25,5,simulation
PO-SIM-0001241-R1,PO-SIM-0001241,2023-12-25,2023-12-25,166,simulation
PO-SIM-0001242-R1,PO-SIM-0001242,2023-12-26,2023-12-26,89,simulation
PO-SIM-0001243-R1,PO-SIM-0001243,2023-12-22,2023-12-22,78,simulation
PO-SIM-0001244-R1,PO-SIM-0001244,2023-12-25,2023-12-25,62,simulation
PO-SIM-0001245-R1,PO-SIM-0001245,2023-12-24,2023-12-24,145,simulation
PO-SIM-0001246-R1,PO-SIM-0001246,2023-12-24,2023-12-24,60,simulation
PO-SIM-0001247-R1,PO-SIM-0001247,2023-12-27,2023-12-27,32,simulation
PO-SIM-0001248-R1,PO-SIM-0001248,2023-12-27,2023-12-27,44,simulation
PO-SIM-0001249-R1,PO-SIM-0001249,2023-12-22,2023-12-22,13,simulation
PO-SIM-0001250-R1,PO-SIM-0001250,2023-12-26,2023-12-26,6,simulation
PO-SIM-0001251-R1,PO-SIM-0001251,2023-12-26,2023-12-26,17,simulation
PO-SIM-0001251-R2,PO-SIM-0001251,2023-12-29,2023-12-29,6,simulation
PO-SIM-0001252-R1,PO-SIM-0001252,2023-12-25,2023-12-25,77,simulation
PO-SIM-0001253-R1,PO-SIM-0001253,2023-12-30,2023-12-30,63,simulation
PO-SIM-0001254-R1,PO-SIM-0001254,2023-12-25,2023-12-25,77,simulation
PO-SIM-0001255-R1,PO-SIM-0001255,2023-12-23,2023-12-23,19,simulation
PO-SIM-0001256-R1,PO-SIM-0001256,2023-12-25,2023-12-25,18,simulation
PO-SIM-0001257-R1,PO-SIM-0001257,2023-12-26,2023-12-26,12,simulation
PO-SIM-0001258-R1,PO-SIM-0001258,2023-12-25,2023-12-25,34,simulation
PO-SIM-0001259-R1,PO-SIM-0001259,2023-12-22,2023-12-22,85,simulation
PO-SIM-0001260-R1,PO-SIM-0001260,2023-12-23,2023-12-23,48,simulation
PO-SIM-0001260-R2,PO-SIM-0001260,2023-12-24,2023-12-24,23,simulation
PO-SIM-0001261-R1,PO-SIM-0001261,2023-12-27,2023-12-27,46,simulation
PO-SIM-0001262-R1,PO-SIM-0001262,2023-12-27,2023-12-27,91,simulation
PO-SIM-0001263-R1,PO-SIM-0001263,2023-12-26,2023-12-26,190,simulation
PO-SIM-0001264-R1,PO-SIM-0001264,2023-12-27,2023-12-27,20,simulation
PO-SIM-0001265-R1,PO-SIM-0001265,2023-12-28,2023-12-28,2,simulation
PO-SIM-0001266-R1,PO-SIM-0001266,2023-12-27,2023-12-27,51,simulation
PO-SIM-0001266-R2,PO-SIM-0001266,2023-12-28,2023-12-28,47,simulation
PO-SIM-0001267-R1,PO-SIM-0001267,2023-12-23,2023-12-23,6,simulation
PO-SIM-0001268-R1,PO-SIM-0001268,2023-12-24,2023-12-24,27,simulation
PO-SIM-0001269-R1,PO-SIM-0001269,2023-12-22,2023-12-22,24,simulation
PO-SIM-0001270-R1,PO-SIM-0001270,2023-12-24,2023-12-24,30,simulation
PO-SIM-0001271-R1,PO-SIM-0001271,2023-12-25,2023-12-25,28,simulation
PO-SIM-0001272-R1,PO-SIM-0001272,2023-12-25,2023-12-25,18,simulation
PO-SIM-0001273-R1,PO-SIM-0001273,2023-12-27,2023-12-27,38,simulation
PO-SIM-0001274-R1,PO-SIM-0001274,2023-12-27,2023-12-27,11,simulation
PO-SIM-0001275-R1,PO-SIM-0001275,2023-12-31,2023-12-31,70,simulation
PO-SIM-0001276-R1,PO-SIM-0001276,2023-12-27,2023-12-27,15,simulation
PO-SIM-0001276-R2,PO-SIM-0001276,2023-12-29,2023-12-29,8,simulation
PO-SIM-0001277-R1,PO-SIM-0001277,2023-12-25,2023-12-25,5,simulation
PO-SIM-0001278-R1,PO-SIM-0001278,2023-12-24,2023-12-24,81,simulation
PO-SIM-0001279-R1,PO-SIM-0001279,2023-12-27,2023-12-27,97,simulation
PO-SIM-0001280-R1,PO-SIM-0001280,2023-12-24,2023-12-24,63,simulation
PO-SIM-0001281-R1,PO-SIM-0001281,2023-12-28,2023-12-28,10,simulation
PO-SIM-0001282-R1,PO-SIM-0001282,2023-12-27,2023-12-27,87,simulation
PO-SIM-0001283-R1,PO-SIM-0001283,2023-12-27,2023-12-27,110,simulation
PO-SIM-0001284-R1,PO-SIM-0001284,2023-12-24,2023-12-24,96,simulation
PO-SIM-0001285-R1,PO-SIM-0001285,2023-12-27,2023-12-27,3,simulation
PO-SIM-0001286-R1,PO-SIM-0001286,2023-12-26,2023-12-26,30,simulation
PO-SIM-0001287-R1,PO-SIM-0001287,2023-12-26,2023-12-26,19,simulation
PO-SIM-0001288-R1,PO-SIM-0001288,2023-12-24,2023-12-24,75,simulation
PO-SIM-0001289-R1,PO-SIM-0001289,2023-12-26,2023-12-26,5,simulation
PO-SIM-0001290-R1,PO-SIM-0001290,2023-12-27,2023-12-27,118,simulation
PO-SIM-0001291-R1,PO-SIM-0001291,2023-12-25,2023-12-25,8,simulation
PO-SIM-0001292-R1,PO-SIM-0001292,2023-12-25,2023-12-25,68,simulation
PO-SIM-0001293-R1,PO-SIM-0001293,2023-12-25,2023-12-25,86,simulation
PO-SIM-0001294-R1,PO-SIM-0001294,2023-12-26,2023-12-26,96,simulation
PO-SIM-0001295-R1,PO-SIM-0001295,2023-12-26,2023-12-26,30,simulation
PO-SIM-0001295-R2,PO-SIM-0001295,2023-12-27,2023-12-27,23,simulation
PO-SIM-0001296-R1,PO-SIM-0001296,2023-12-29,2023-12-29,32,simulation
PO-SIM-0001297-R1,PO-SIM-0001297,2023-12-25,2023-12-25,87,simulation
PO-SIM-0001298-R1,PO-SIM-0001298,2023-12-28,2023-12-28,26,simulation
PO-SIM-0001299-R1,PO-SIM-0001299,2023-12-27,2023-12-27,2,simulation
PO-SIM-0001299-R2,PO-SIM-0001299,2023-12-30,2023-12-30,3,simulation
PO-SIM-0001300-R1,PO-SIM-0001300,2023-12-26,2023-12-26,49,simulation
PO-SIM-0001301-R1,PO-SIM-0001301,2023-12-31,2023-12-31,73,simulation
PO-SIM-0001302-R1,PO-SIM-0001302,2023-12-27,2023-12-27,11,simulation
PO-SIM-0001302-R2,PO-SIM-0001302,2023-12-29,2023-12-29,7,simulation
PO-SIM-0001303-R1,PO-SIM-0001303,2023-12-26,2023-12-26,78,simulation
PO-SIM-0001303-R2,PO-SIM-0001303,2023-12-28,2023-12-28,21,simulation
PO-SIM-0001304-R1,PO-SIM-0001304,2023-12-28,2023-12-28,69,simulation
PO-SIM-0001305-R1,PO-SIM-0001305,2023-12-25,2023-12-25,9,simulation
PO-SIM-0001306-R1,PO-SIM-0001306,2023-12-26,2023-12-26,56,simulation
PO-SIM-0001307-R1,PO-SIM-0001307,2023-12-25,2023-12-25,61,simulation
PO-SIM-0001308-R1,PO-SIM-0001308,2023-12-27,2023-12-27,123,simulation
PO-SIM-0001309-R1,PO-SIM-0001309,2023-12-28,2023-12-28,10,simulation
PO-SIM-0001310-R1,PO-SIM-0001310,2023-12-30,2023-12-30,89,simulation
PO-SIM-0001311-R1,PO-SIM-0001311,2023-12-25,2023-12-25,12,simulation
PO-SIM-0001312-R1,PO-SIM-0001312,2023-12-29,2023-12-29,47,simulation
PO-SIM-0001313-R1,PO-SIM-0001313,2023-12-28,2023-12-28,172,simulation
PO-SIM-0001315-R1,PO-SIM-0001315,2023-12-24,2023-12-24,72,simulation
PO-SIM-0001316-R1,PO-SIM-0001316,2023-12-24,2023-12-24,114,simulation
PO-SIM-0001317-R1,PO-SIM-0001317,2023-12-25,2023-12-25,70,simulation
PO-SIM-0001318-R1,PO-SIM-0001318,2023-12-29,2023-12-29,62,simulation
PO-SIM-0001319-R1,PO-SIM-0001319,2023-12-29,2023-12-29,134,simulation
PO-SIM-0001320-R1,PO-SIM-0001320,2023-12-25,2023-12-25,91,simulation
PO-SIM-0001321-R1,PO-SIM-0001321,2023-12-26,2023-12-26,41,simulation
PO-SIM-0001321-R2,PO-SIM-0001321,2023-12-27,2023-12-27,27,simulation
PO-SIM-0001322-R1,PO-SIM-0001322,2023-12-29,2023-12-29,24,simulation
PO-SIM-0001324-R1,PO-SIM-0001324,2023-12-30,2023-12-30,94,simulation
PO-SIM-0001325-R1,PO-SIM-0001325,2023-12-26,2023-12-26,14,simulation
PO-SIM-0001325-R2,PO-SIM-0001325,2023-12-27,2023-12-27,12,simulation
PO-SIM-0001326-R1,PO-SIM-0001326,2023-12-31,2023-12-31,55,simulation
PO-SIM-0001327-R1,PO-SIM-0001327,2024-01-02,2024-01-02,97,simulation
PO-SIM-0001328-R1,PO-SIM-0001328,2023-12-28,2023-12-28,9,simulation
PO-SIM-0001329-R1,PO-SIM-0001329,2023-12-29,2023-12-29,22,simulation
PO-SIM-0001330-R1,PO-SIM-0001330,2023-12-28,2023-12-28,23,simulation
PO-SIM-0001331-R1,PO-SIM-0001331,2023-12-26,2023-12-26,50,simulation
PO-SIM-0001332-R1,PO-SIM-0001332,2023-12-29,2023-12-29,12,simulation
PO-SIM-0001332-R2,PO-SIM-0001332,2023-12-30,2023-12-30,9,simulation
PO-SIM-0001333-R1,PO-SIM-0001333,2023-12-25,2023-12-25,22,simulation
PO-SIM-0001334-R1,PO-SIM-0001334,2023-12-27,2023-12-27,74,simulation
PO-SIM-0001335-R1,PO-SIM-0001335,2023-12-27,2023-12-27,68,simulation
PO-SIM-0001336-R1,PO-SIM-0001336,2023-12-27,2023-12-27,84,simulation
PO-SIM-0001337-R1,PO-SIM-0001337,2023-12-26,2023-12-26,35,simulation
PO-SIM-0001337-R2,PO-SIM-0001337,2023-12-27,2023-12-27,21,simulation
PO-SIM-0001338-R1,PO-SIM-0001338,2023-12-26,2023-12-26,51,simulation
PO-SIM-0001339-R1,PO-SIM-0001339,2023-12-27,2023-12-27,15,simulation
PO-SIM-0001340-R1,PO-SIM-0001340,2023-12-28,2023-12-28,123,simulation
PO-SIM-0001341-R1,PO-SIM-0001341,2023-12-30,2023-12-30,152,simulation
PO-SIM-0001342-R1,PO-SIM-0001342,2023-12-27,2023-12-27,34,simulation
PO-SIM-0001343-R1,PO-SIM-0001343,2024-01-03,2024-01-03,75,simulation
PO-SIM-0001344-R1,PO-SIM-0001344,2023-12-29,2023-12-29,56,simulation
PO-SIM-0001345-R1,PO-SIM-0001345,2023-12-28,2023-12-28,24,simulation
PO-SIM-0001346-R1,PO-SIM-0001346,2023-12-29,2023-12-29,1,simulation
PO-SIM-0001346-R2,PO-SIM-0001346,2023-12-31,2023-12-31,1,simulation
PO-SIM-0001347-R1,PO-SIM-0001347,2023-12-29,2023-12-29,111,simulation
PO-SIM-0001348-R1,PO-SIM-0001348,2023-12-27,2023-12-27,56,simulation
PO-SIM-0001349-R1,PO-SIM-0001349,2023-12-29,2023-12-29,117,simulation
PO-SIM-0001350-R1,PO-SIM-0001350,2023-12-28,2023-12-28,1,simulation
PO-SIM-0001351-R1,PO-SIM-0001351,2023-12-28,2023-12-28,50,simulation
PO-SIM-0001352-R1,PO-SIM-0001352,2024-01-01,2024-01-01,16,simulation
PO-SIM-0001352-R2,PO-SIM-0001352,2024-01-04,2024-01-04,20,simulation
PO-SIM-0001353-R1,PO-SIM-0001353,2023-12-27,2023-12-27,48,simulation
PO-SIM-0001354-R1,PO-SIM-0001354,2023-12-27,2023-12-27,96,simulation
PO-SIM-0001355-R1,PO-SIM-0001355,2024-01-01,2024-01-01,12,simulation
PO-SIM-0001356-R1,PO-SIM-0001356,2023-12-29,2023-12-29,162,simulation
PO-SIM-0001357-R1,PO-SIM-0001357,2023-12-28,2023-12-28,6,simulation
PO-SIM-0001358-R1,PO-SIM-0001358,2023-12-27,2023-12-27,26,simulation
PO-SIM-0001359-R1,PO-SIM-0001359,2024-01-01,2024-01-01,12,simulation
PO-SIM-0001360-R1,PO-SIM-0001360,2024-01-01,2024-01-01,1,simulation
PO-SIM-0001360-R2,PO-SIM-0001360,2024-01-04,2024-01-04,1,simulation
PO-SIM-0001361-R1,PO-SIM-0001361,2024-01-01,2024-01-01,54,simulation
PO-SIM-0001362-R1,PO-SIM-0001362,2023-12-28,2023-12-28,106,simulation
PO-SIM-0001363-R1,PO-SIM-0001363,2023-12-29,2023-12-29,53,simulation
PO-SIM-0001364-R1,PO-SIM-0001364,2023-12-28,2023-12-28,21,simulation
PO-SIM-0001365-R1,PO-SIM-0001365,2024-01-01,2024-01-01,16,simulation
PO-SIM-0001366-R1,PO-SIM-0001366,2023-12-27,2023-12-27,23,simulation
PO-SIM-0001367-R1,PO-SIM-0001367,2023-12-30,2023-12-30,108,simulation
PO-SIM-0001368-R1,PO-SIM-0001368,2023-12-30,2023-12-30,80,simulation
PO-SIM-0001369-R1,PO-SIM-0001369,2024-01-03,2024-01-03,26,simulation
PO-SIM-0001370-R1,PO-SIM-0001370,2023-12-30,2023-12-30,22,simulation
PO-SIM-0001371-R1,PO-SIM-0001371,2024-01-01,2024-01-01,50,simulation
PO-SIM-0001372-R1,PO-SIM-0001372,2023-12-31,2023-12-31,50,simulation
PO-SIM-0001372-R2,PO-SIM-0001372,2024-01-03,2024-01-03,26,simulation
PO-SIM-0001373-R1,PO-SIM-0001373,2024-01-03,2024-01-03,4,simulation
PO-SIM-0001374-R1,PO-SIM-0001374,2023-12-31,2023-12-31,43,simulation
PO-SIM-0001374-R2,PO-SIM-0001374,2024-01-02,2024-01-02,13,simulation
PO-SIM-0001375-R1,PO-SIM-0001375,2023-12-29,2023-12-29,20,simulation
PO-SIM-0001376-R1,PO-SIM-0001376,2023-12-31,2023-12-31,32,simulation
PO-SIM-0001377-R1,PO-SIM-0001377,2023-12-29,2023-12-29,62,simulation
PO-SIM-0001378-R1,PO-SIM-0001378,2023-12-28,2023-12-28,20,simulation
PO-SIM-0001379-R1,PO-SIM-0001379,2023-12-30,2023-12-30,18,simulation
PO-SIM-0001380-R1,PO-SIM-0001380,2024-01-01,2024-01-01,59,simulation
PO-SIM-0001381-R1,PO-SIM-0001381,2024-01-01,2024-01-01,70,simulation
PO-SIM-0001381-R2,PO-SIM-0001381,2024-01-04,2024-01-04,18,simulation
PO-SIM-0001382-R1,PO-SIM-0001382,2023-12-30,2023-12-30,34,simulation
PO-SIM-0001383-R1,PO-SIM-0001383,2023-12-29,2023-12-29,74,simulation
PO-SIM-0001384-R1,PO-SIM-0001384,2023-12-29,2023-12-29,25,simulation
PO-SIM-0001385-R1,PO-SIM-0001385,2023-12-29,2023-12-29,21,simulation
PO-SIM-0001386-R1,PO-SIM-0001386,2024-01-02,2024-01-02,38,simulation
PO-SIM-0001386-R2,PO-SIM-0001386,2024-01-03,2024-01-03,15,simulation
PO-SIM-0001387-R1,PO-SIM-0001387,2024-01-01,2024-01-01,121,simulation
PO-SIM-0001388-R1,PO-SIM-0001388,2023-12-30,2023-12-30,64,simulation
PO-SIM-0001389-R1,PO-SIM-0001389,2024-01-01,2024-01-01,57,simulation
PO-SIM-0001390-R1,PO-SIM-0001390,2024-01-01,2024-01-01,124,simulation
PO-SIM-0001391-R1,PO-SIM-0001391,2023-12-29,2023-12-29,17,simulation
PO-SIM-0001392-R1,PO-SIM-0001392,2023-12-31,2023-12-31,64,simulation
PO-SIM-0001393-R1,PO-SIM-0001393,2024-01-04,2024-01-04,7,simulation
PO-SIM-0001394-R1,PO-SIM-0001394,2023-12-29,2023-12-29,23,simulation
PO-SIM-0001395-R1,PO-SIM-0001395,2024-01-01,2024-01-01,62,simulation
PO-SIM-0001396-R1,PO-SIM-0001396,2023-12-31,2023-12-31,22,simulation
PO-SIM-0001397-R1,PO-SIM-0001397,2023-12-29,2023-12-29,51,simulation
PO-SIM-0001398-R1,PO-SIM-0001398,2024-01-04,2024-01-04,18,simulation
PO-SIM-0001399-R1,PO-SIM-0001399,2023-12-30,2023-12-30,103,simulation
PO-SIM-0001400-R1,PO-SIM-0001400,2023-12-30,2023-12-30,147,simulation
PO-SIM-0001401-R1,PO-SIM-0001401,2023-12-31,2023-12-31,22,simulation
PO-SIM-0001402-R1,PO-SIM-0001402,2023-12-30,2023-12-30,45,simulation
PO-SIM-0001402-R2,PO-SIM-0001402,2024-01-01,2024-01-01,15,simulation
PO-SIM-0001403-R1,PO-SIM-0001403,2024-01-01,2024-01-01,49,simulation
PO-SIM-0001404-R1,PO-SIM-0001404,2024-01-02,2024-01-02,40,simulation
PO-SIM-0001405-R1,PO-SIM-0001405,2024-01-02,2024-01-02,138,simulation
PO-SIM-0001406-R1,PO-SIM-0001406,2024-01-02,2024-01-02,43,simulation
PO-SIM-0001407-R1,PO-SIM-0001407,2023-12-30,2023-12-30,20,simulation
PO-SIM-0001408-R1,PO-SIM-0001408,2023-12-29,2023-12-29,78,simulation
PO-SIM-0001409-R1,PO-SIM-0001409,2024-01-06,2024-01-06,2,simulation
PO-SIM-0001409-R2,PO-SIM-0001409,2024-01-07,2024-01-07,1,simulation
PO-SIM-0001410-R1,PO-SIM-0001410,2023-12-30,2023-12-30,47,simulation
PO-SIM-0001411-R1,PO-SIM-0001411,2023-12-31,2023-12-31,120,simulation
PO-SIM-0001412-R1,PO-SIM-0001412,2024-01-05,2024-01-05,65,simulation
PO-SIM-0001413-R1,PO-SIM-0001413,2024-01-03,2024-01-03,38,simulation
PO-SIM-0001414-R1,PO-SIM-0001414,2023-12-31,2023-12-31,2,simulation
PO-SIM-0001414-R2,PO-SIM-0001414,2024-01-03,2024-01-03,2,simulation
PO-SIM-0001415-R1,PO-SIM-0001415,2023-12-31,2023-12-31,76,simulation
PO-SIM-0001415-R2,PO-SIM-0001415,2024-01-01,2024-01-01,76,simulation
PO-SIM-0001416-R1,PO-SIM-0001416,2024-01-04,2024-01-04,6,simulation
PO-SIM-0001417-R1,PO-SIM-0001417,2024-01-05,2024-01-05,36,simulation
PO-SIM-0001418-R1,PO-SIM-0001418,2024-01-03,2024-01-03,10,simulation
PO-SIM-0001419-R1,PO-SIM-0001419,2023-12-31,2023-12-31,156,simulation
PO-SIM-0001420-R1,PO-SIM-0001420,2024-01-01,2024-01-01,82,simulation
PO-SIM-0001421-R1,PO-SIM-0001421,2024-01-03,2024-01-03,9,simulation
PO-SIM-0001422-R1,PO-SIM-0001422,2024-01-02,2024-01-02,78,simulation
PO-SIM-0001423-R1,PO-SIM-0001423,2024-01-02,2024-01-02,6,simulation
PO-SIM-0001424-R1,PO-SIM-0001424,2024-01-07,2024-01-07,8,simulation
PO-SIM-0001424-R2,PO-SIM-0001424,2024-01-10,2024-01-10,4,simulation
PO-SIM-0001425-R1,PO-SIM-0001425,2024-01-02,2024-01-02,46,simulation
PO-SIM-0001426-R1,PO-SIM-0001426,2024-01-02,2024-01-02,26,simulation
PO-SIM-0001426-R2,PO-SIM-0001426,2024-01-05,2024-01-05,10,simulation
PO-SIM-0001427-R1,PO-SIM-0001427,2024-01-04,2024-01-04,24,simulation
PO-SIM-0001428-R1,PO-SIM-0001428,2024-01-04,2024-01-04,29,simulation
PO-SIM-0001428-R2,PO-SIM-0001428,2024-01-05,2024-01-05,9,simulation
PO-SIM-0001429-R1,PO-SIM-0001429,2024-01-04,2024-01-04,44,simulation
PO-SIM-0001430-R1,PO-SIM-0001430,2024-01-02,2024-01-02,78,simulation
PO-SIM-0001431-R1,PO-SIM-0001431,2024-01-03,2024-01-03,99,simulation
PO-SIM-0001432-R1,PO-SIM-0001432,2024-01-02,2024-01-02,13,simulation
PO-SIM-0001433-R1,PO-SIM-0001433,2024-01-03,2024-01-03,63,simulation
PO-SIM-0001434-R1,PO-SIM-0001434,2024-01-02,2024-01-02,132,simulation
PO-SIM-0001435-R1,PO-SIM-0001435,2024-01-05,2024-01-05,1,simulation
PO-SIM-0001436-R1,PO-SIM-0001436,2024-01-03,2024-01-03,54,simulation
PO-SIM-0001436-R2,PO-SIM-0001436,2024-01-05,2024-01-05,14,simulation
PO-SIM-0001437-R1,PO-SIM-0001437,2024-01-03,2024-01-03,14,simulation
PO-SIM-0001438-R1,PO-SIM-0001438,2024-01-02,2024-01-02,79,simulation
PO-SIM-0001439-R1,PO-SIM-0001439,2024-01-02,2024-01-02,49,simulation
PO-SIM-0001440-R1,PO-SIM-0001440,2024-01-03,2024-01-03,55,simulation
PO-SIM-0001441-R1,PO-SIM-0001441,2024-01-07,2024-01-07,31,simulation
PO-SIM-0001442-R1,PO-SIM-0001442,2024-01-05,2024-01-05,22,simulation
PO-SIM-0001442-R2,PO-SIM-0001442,2024-01-06,2024-01-06,11,simulation
PO-SIM-0001443-R1,PO-SIM-0001443,2024-01-06,2024-01-06,59,simulation
PO-SIM-0001444-R1,PO-SIM-0001444,2024-01-06,2024-01-06,35,simulation
PO-SIM-0001445-R1,PO-SIM-0001445,2024-01-09,2024-01-09,38,simulation
PO-SIM-0001446-R1,PO-SIM-0001446,2024-01-06,2024-01-06,39,simulation
PO-SIM-0001446-R2,PO-SIM-0001446,2024-01-07,2024-01-07,19,simulation
PO-SIM-0001447-R1,PO-SIM-0001447,2024-01-05,2024-01-05,104,simulation
PO-SIM-0001448-R1,PO-SIM-0001448,2024-01-05,2024-01-05,10,simulation
PO-SIM-0001449-R1,PO-SIM-0001449,2024-01-06,2024-01-06,21,simulation
PO-SIM-0001450-R1,PO-SIM-0001450,2024-01-04,2024-01-04,20,simulation
PO-SIM-0001451-R1,PO-SIM-0001451,2024-01-05,2024-01-05,5,simulation
PO-SIM-0001451-R2,PO-SIM-0001451,2024-01-07,2024-01-07,4,simulation
PO-SIM-0001452-R1,PO-SIM-0001452,2024-01-08,2024-01-08,15,simulation
PO-SIM-0001453-R1,PO-SIM-0001453,2024-01-04,2024-01-04,62,simulation
PO-SIM-0001454-R1,PO-SIM-0001454,2024-01-07,2024-01-07,33,simulation
PO-SIM-0001455-R1,PO-SIM-0001455,2024-01-07,2024-01-07,61,simulation
PO-SIM-0001456-R1,PO-SIM-0001456,2024-01-05,2024-01-05,80,simulation
PO-SIM-0001457-R1,PO-SIM-0001457,2024-01-06,2024-01-06,59,simulation
PO-SIM-0001458-R1,PO-SIM-0001458,2024-01-07,2024-01-07,42,simulation
PO-SIM-0001458-R2,PO-SIM-0001458,2024-01-10,2024-01-10,19,simulation
PO-SIM-0001459-R1,PO-SIM-0001459,2024-01-08,2024-01-08,19,simulation
PO-SIM-0001460-R1,PO-SIM-0001460,2024-01-04,2024-01-04,111,simulation
PO-SIM-0001461-R1,PO-SIM-0001461,2024-01-06,2024-01-06,8,simulation
PO-SIM-0001462-R1,PO-SIM-0001462,2024-01-03,2024-01-03,24,simulation
PO-SIM-0001463-R1,PO-SIM-0001463,2024-01-08,2024-01-08,23,simulation
PO-SIM-0001463-R2,PO-SIM-0001463,2024-01-10,2024-01-10,14,simulation
PO-SIM-0001464-R1,PO-SIM-0001464,2024-01-04,2024-01-04,35,simulation
PO-SIM-0001465-R1,PO-SIM-0001465,2024-01-05,2024-01-05,61,simulation
PO-SIM-0001466-R1,PO-SIM-0001466,2024-01-09,2024-01-09,129,simulation
PO-SIM-0001467-R1,PO-SIM-0001467,2024-01-08,2024-01-08,148,simulation
PO-SIM-0001468-R1,PO-SIM-0001468,2024-01-07,2024-01-07,51,simulation
PO-SIM-0001469-R1,PO-SIM-0001469,2024-01-08,2024-01-08,59,simulation
PO-SIM-0001470-R1,PO-SIM-0001470,2024-01-12,2024-01-12,32,simulation
PO-SIM-0001471-R1,PO-SIM-0001471,2024-01-04,2024-01-04,45,simulation
PO-SIM-0001472-R1,PO-SIM-0001472,2024-01-09,2024-01-09,39,simulation
PO-SIM-0001473-R1,PO-SIM-0001473,2024-01-10,2024-01-10,34,simulation
PO-SIM-0001474-R1,PO-SIM-0001474,2024-01-10,2024-01-10,23,simulation
PO-SIM-0001474-R2,PO-SIM-0001474,2024-01-12,2024-01-12,7,simulation
PO-SIM-0001475-R1,PO-SIM-0001475,2024-01-09,2024-01-09,90,simulation
PO-SIM-0001476-R1,PO-SIM-0001476,2024-01-06,2024-01-06,82,simulation
PO-SIM-0001477-R1,PO-SIM-0001477,2024-01-10,2024-01-10,30,simulation
PO-SIM-0001478-R1,PO-SIM-0001478,2024-01-05,2024-01-05,7,simulation
PO-SIM-0001479-R1,PO-SIM-0001479,2024-01-05,2024-01-05,48,simulation
PO-SIM-0001479-R2,PO-SIM-0001479,2024-01-07,2024-01-07,41,simulation
PO-SIM-0001480-R1,PO-SIM-0001480,2024-01-08,2024-01-08,94,simulation
PO-SIM-0001481-R1,PO-SIM-0001481,2024-01-08,2024-01-08,18,simulation
PO-SIM-0001481-R2,PO-SIM-0001481,2024-01-09,2024-01-09,21,simulation
PO-SIM-0001482-R1,PO-SIM-0001482,2024-01-11,2024-01-11,110,simulation
PO-SIM-0001483-R1,PO-SIM-0001483,2024-01-05,2024-01-05,12,simulation
PO-SIM-0001484-R1,PO-SIM-0001484,2024-01-06,2024-01-06,5,simulation
PO-SIM-0001485-R1,PO-SIM-0001485,2024-01-06,2024-01-06,4,simulation
PO-SIM-0001486-R1,PO-SIM-0001486,2024-01-09,2024-01-09,85,simulation
PO-SIM-0001487-R1,PO-SIM-0001487,2024-01-10,2024-01-10,65,simulation
PO-SIM-0001488-R1,PO-SIM-0001488,2024-01-11,2024-01-11,18,simulation
PO-SIM-0001489-R1,PO-SIM-0001489,2024-01-08,2024-01-08,26,simulation
PO-SIM-0001490-R1,PO-SIM-0001490,2024-01-07,2024-01-07,9,simulation
PO-SIM-0001490-R2,PO-SIM-0001490,2024-01-09,2024-01-09,4,simulation
PO-SIM-0001491-R1,PO-SIM-0001491,2024-01-05,2024-01-05,54,simulation
PO-SIM-0001492-R1,PO-SIM-0001492,2024-01-07,2024-01-07,43,simulation
PO-SIM-0001492-R2,PO-SIM-0001492,2024-01-09,2024-01-09,17,simulation
PO-SIM-0001493-R1,PO-SIM-0001493,2024-01-09,2024-01-09,80,simulation
PO-SIM-0001494-R1,PO-SIM-0001494,2024-01-08,2024-01-08,11,simulation
PO-SIM-0001494-R2,PO-SIM-0001494,2024-01-09,2024-01-09,6,simulation
PO-SIM-0001495-R1,PO-SIM-0001495,2024-01-06,2024-01-06,31,simulation
PO-SIM-0001496-R1,PO-SIM-0001496,2024-01-14,2024-01-14,64,simulation
PO-SIM-0001497-R1,PO-SIM-0001497,2024-01-07,2024-01-07,134,simulation
PO-SIM-0001498-R1,PO-SIM-0001498,2024-01-09,2024-01-09,33,simulation
PO-SIM-0001499-R1,PO-SIM-0001499,2024-01-10,2024-01-10,27,simulation
PO-SIM-0001500-R1,PO-SIM-0001500,2024-01-07,2024-01-07,22,simulation
PO-SIM-0001500-R2,PO-SIM-0001500,2024-01-10,2024-01-10,17,simulation
PO-SIM-0001501-R1,PO-SIM-0001501,2024-01-13,2024-01-13,75,simulation
PO-SIM-0001502-R1,PO-SIM-0001502,2024-01-10,2024-01-10,26,simulation
PO-SIM-0001503-R1,PO-SIM-0001503,2024-01-10,2024-01-10,2,simulation
PO-SIM-0001504-R1,PO-SIM-0001504,2024-01-10,2024-01-10,27,simulation
PO-SIM-0001504-R2,PO-SIM-0001504,2024-01-13,2024-01-13,31,simulation
PO-SIM-0001505-R1,PO-SIM-0001505,2024-01-06,2024-01-06,121,simulation
PO-SIM-0001506-R1,PO-SIM-0001506,2024-01-12,2024-01-12,10,simulation
PO-SIM-0001507-R1,PO-SIM-0001507,2024-01-09,2024-01-09,9,simulation
PO-SIM-0001508-R1,PO-SIM-0001508,2024-01-12,2024-01-12,54,simulation
PO-SIM-0001509-R1,PO-SIM-0001509,2024-01-08,2024-01-08,19,simulation
PO-SIM-0001510-R1,PO-SIM-0001510,2024-01-11,2024-01-11,21,simulation
PO-SIM-0001511-R1,PO-SIM-0001511,2024-01-08,2024-01-08,1,simulation
PO-SIM-0001512-R1,PO-SIM-0001512,2024-01-10,2024-01-10,35,simulation
PO-SIM-0001513-R1,PO-SIM-0001513,2024-01-11,2024-01-11,35,simulation
PO-SIM-0001513-R2,PO-SIM-0001513,2024-01-12,2024-01-12,18,simulation
PO-SIM-0001514-R1,PO-SIM-0001514,2024-01-08,2024-01-08,154,simulation
PO-SIM-0001515-R1,PO-SIM-0001515,2024-01-09,2024-01-09,1,simulation
PO-SIM-0001516-R1,PO-SIM-0001516,2024-01-09,2024-01-09,86,simulation
PO-SIM-0001517-R1,PO-SIM-0001517,2024-01-11,2024-01-11,41,simulation
PO-SIM-0001518-R1,PO-SIM-0001518,2024-01-12,2024-01-12,34,simulation
PO-SIM-0001518-R2,PO-SIM-0001518,2024-01-14,2024-01-14,22,simulation
PO-SIM-0001519-R1,PO-SIM-0001519,2024-01-11,2024-01-11,30,simulation
PO-SIM-0001520-R1,PO-SIM-0001520,2024-01-10,2024-01-10,56,simulation
PO-SIM-0001521-R1,PO-SIM-0001521,2024-01-07,2024-01-07,101,simulation
PO-SIM-0001522-R1,PO-SIM-0001522,2024-01-08,2024-01-08,87,simulation
PO-SIM-0001523-R1,PO-SIM-0001523,2024-01-09,2024-01-09,97,simulation
PO-SIM-0001524-R1,PO-SIM-0001524,2024-01-11,2024-01-11,87,simulation
PO-SIM-0001525-R1,PO-SIM-0001525,2024-01-11,2024-01-11,30,simulation
PO-SIM-0001526-R1,PO-SIM-0001526,2024-01-08,2024-01-08,112,simulation
PO-SIM-0001527-R1,PO-SIM-0001527,2024-01-10,2024-01-10,76,simulation
PO-SIM-0001528-R1,PO-SIM-0001528,2024-01-12,2024-01-12,27,simulation
PO-SIM-0001529-R1,PO-SIM-0001529,2024-01-09,2024-01-09,62,simulation
PO-SIM-0001530-R1,PO-SIM-0001530,2024-01-09,2024-01-09,1,simulation
PO-SIM-0001531-R1,PO-SIM-0001531,2024-01-08,2024-01-08,26,simulation
PO-SIM-0001532-R1,PO-SIM-0001532,2024-01-09,2024-01-09,42,simulation
PO-SIM-0001533-R1,PO-SIM-0001533,2024-01-13,2024-01-13,12,simulation
PO-SIM-0001534-R1,PO-SIM-0001534,2024-01-13,2024-01-13,50,simulation
PO-SIM-0001535-R1,PO-SIM-0001535,2024-01-09,2024-01-09,19,simulation
PO-SIM-0001536-R1,PO-SIM-0001536,2024-01-08,2024-01-08,104,simulation
PO-SIM-0001537-R1,PO-SIM-0001537,2024-01-09,2024-01-09,43,simulation
PO-SIM-0001538-R1,PO-SIM-0001538,2024-01-15,2024-01-15,7,simulation
PO-SIM-0001539-R1,PO-SIM-0001539,2024-01-11,2024-01-11,24,simulation
PO-SIM-0001539-R2,PO-SIM-0001539,2024-01-12,2024-01-12,9,simulation
PO-SIM-0001540-R1,PO-SIM-0001540,2024-01-14,2024-01-14,21,simulation
PO-SIM-0001541-R1,PO-SIM-0001541,2024-01-12,2024-01-12,38,simulation
PO-SIM-0001542-R1,PO-SIM-0001542,2024-01-12,2024-01-12,6,simulation
PO-SIM-0001543-R1,PO-SIM-0001543,2024-01-10,2024-01-10,19,simulation
PO-SIM-0001544-R1,PO-SIM-0001544,2024-01-11,2024-01-11,9,simulation
PO-SIM-0001545-R1,PO-SIM-0001545,2024-01-11,2024-01-11,88,simulation
PO-SIM-0001546-R1,PO-SIM-0001546,2024-01-17,2024-01-17,57,simulation
PO-SIM-0001547-R1,PO-SIM-0001547,2024-01-13,2024-01-13,109,simulation
PO-SIM-0001548-R1,PO-SIM-0001548,2024-01-11,2024-01-11,146,simulation
PO-SIM-0001549-R1,PO-SIM-0001549,2024-01-13,2024-01-13,20,simulation
PO-SIM-0001550-R1,PO-SIM-0001550,2024-01-16,2024-01-16,10,simulation
PO-SIM-0001551-R1,PO-SIM-0001551,2024-01-11,2024-01-11,68,simulation
PO-SIM-0001552-R1,PO-SIM-0001552,2024-01-12,2024-01-12,42,simulation
PO-SIM-0001552-R2,PO-SIM-0001552,2024-01-13,2024-01-13,16,simulation
PO-SIM-0001553-R1,PO-SIM-0001553,2024-01-16,2024-01-16,35,simulation
PO-SIM-0001554-R1,PO-SIM-0001554,2024-01-09,2024-01-09,163,simulation
PO-SIM-0001555-R1,PO-SIM-0001555,2024-01-09,2024-01-09,34,simulation
PO-SIM-0001556-R1,PO-SIM-0001556,2024-01-12,2024-01-12,37,simulation
PO-SIM-0001557-R1,PO-SIM-0001557,2024-01-13,2024-01-13,38,simulation
PO-SIM-0001558-R1,PO-SIM-0001558,2024-01-14,2024-01-14,27,simulation
PO-SIM-0001559-R1,PO-SIM-0001559,2024-01-09,2024-01-09,6,simulation
PO-SIM-0001559-R2,PO-SIM-0001559,2024-01-12,2024-01-12,7,simulation
PO-SIM-0001560-R1,PO-SIM-0001560,2024-01-13,2024-01-13,1,simulation
PO-SIM-0001561-R1,PO-SIM-0001561,2024-01-11,2024-01-11,42,simulation
PO-SIM-0001561-R2,PO-SIM-0001561,2024-01-13,2024-01-13,16,simulation
PO-SIM-0001562-R1,PO-SIM-0001562,2024-01-15,2024-01-15,58,simulation
PO-SIM-0001563-R1,PO-SIM-0001563,2024-01-11,2024-01-11,57,simulation
PO-SIM-0001563-R2,PO-SIM-0001563,2024-01-13,2024-01-13,68,simulation
PO-SIM-0001564-R1,PO-SIM-0001564,2024-01-11,2024-01-11,72,simulation
PO-SIM-0001565-R1,PO-SIM-0001565,2024-01-14,2024-01-14,17,simulation
PO-SIM-0001565-R2,PO-SIM-0001565,2024-01-17,2024-01-17,7,simulation
PO-SIM-0001566-R1,PO-SIM-0001566,2024-01-14,2024-01-14,20,simulation
PO-SIM-0001566-R2,PO-SIM-0001566,2024-01-15,2024-01-15,8,simulation
PO-SIM-0001567-R1,PO-SIM-0001567,2024-01-14,2024-01-14,5,simulation
PO-SIM-0001569-R1,PO-SIM-0001569,2024-01-11,2024-01-11,25,simulation
PO-SIM-0001570-R1,PO-SIM-0001570,2024-01-12,2024-01-12,146,simulation
PO-SIM-0001571-R1,PO-SIM-0001571,2024-01-13,2024-01-13,60,simulation
PO-SIM-0001572-R1,PO-SIM-0001572,2024-01-10,2024-01-10,120,simulation
PO-SIM-0001573-R1,PO-SIM-0001573,2024-01-11,2024-01-11,19,simulation
PO-SIM-0001574-R1,PO-SIM-0001574,2024-01-15,2024-01-15,57,simulation
PO-SIM-0001575-R1,PO-SIM-0001575,2024-01-13,2024-01-13,36,simulation
PO-SIM-0001575-R2,PO-SIM-0001575,2024-01-16,2024-01-16,16,simulation
PO-SIM-0001576-R1,PO-SIM-0001576,2024-01-12,2024-01-12,79,simulation
PO-SIM-0001577-R1,PO-SIM-0001577,2024-01-17,2024-01-17,18,simulation
PO-SIM-0001578-R1,PO-SIM-0001578,2024-01-14,2024-01-14,96,simulation
PO-SIM-0001579-R1,PO-SIM-0001579,2024-01-11,2024-01-11,39,simulation
PO-SIM-0001580-R1,PO-SIM-0001580,2024-01-13,2024-01-13,58,simulation
PO-SIM-0001581-R1,PO-SIM-0001581,2024-01-12,2024-01-12,41,simulation
PO-SIM-0001582-R1,PO-SIM-0001582,2024-01-15,2024-01-15,12,simulation
PO-SIM-0001583-R1,PO-SIM-0001583,2024-01-14,2024-01-14,10,simulation
PO-SIM-0001584-R1,PO-SIM-0001584,2024-01-15,2024-01-15,65,simulation
PO-SIM-0001585-R1,PO-SIM-0001585,2024-01-15,2024-01-15,94,simulation
PO-SIM-0001586-R1,PO-SIM-0001586,2024-01-12,2024-01-12,61,simulation
PO-SIM-0001587-R1,PO-SIM-0001587,2024-01-12,2024-01-12,41,simulation
PO-SIM-0001588-R1,PO-SIM-0001588,2024-01-12,2024-01-12,5,simulation
PO-SIM-0001589-R1,PO-SIM-0001589,2024-01-14,2024-01-14,26,simulation
PO-SIM-0001590-R1,PO-SIM-0001590,2024-01-15,2024-01-15,126,simulation
PO-SIM-0001591-R1,PO-SIM-0001591,2024-01-15,2024-01-15,83,simulation
PO-SIM-0001592-R1,PO-SIM-0001592,2024-01-15,2024-01-15,63,simulation
PO-SIM-0001593-R1,PO-SIM-0001593,2024-01-15,2024-01-15,15,simulation
PO-SIM-0001594-R1,PO-SIM-0001594,2024-01-14,2024-01-14,20,simulation
PO-SIM-0001595-R1,PO-SIM-0001595,2024-01-13,2024-01-13,61,simulation
PO-SIM-0001596-R1,PO-SIM-0001596,2024-01-14,2024-01-14,52,simulation
PO-SIM-0001597-R1,PO-SIM-0001597,2024-01-15,2024-01-15,11,simulation
PO-SIM-0001598-R1,PO-SIM-0001598,2024-01-15,2024-01-15,42,simulation
PO-SIM-0001599-R1,PO-SIM-0001599,2024-01-14,2024-01-14,62,simulation
PO-SIM-0001600-R1,PO-SIM-0001600,2024-01-12,2024-01-12,9,simulation
PO-SIM-0001601-R1,PO-SIM-0001601,2024-01-12,2024-01-12,22,simulation
PO-SIM-0001601-R2,PO-SIM-0001601,2024-01-13,2024-01-13,7,simulation
PO-SIM-0001602-R1,PO-SIM-0001602,2024-01-14,2024-01-14,64,simulation
PO-SIM-0001603-R1,PO-SIM-0001603,2024-01-12,2024-01-12,17,simulation
PO-SIM-0001604-R1,PO-SIM-0001604,2024-01-15,2024-01-15,1,simulation
PO-SIM-0001605-R1,PO-SIM-0001605,2024-01-12,2024-01-12,73,simulation
PO-SIM-0001606-R1,PO-SIM-0001606,2024-01-14,2024-01-14,21,simulation
PO-SIM-0001607-R1,PO-SIM-0001607,2024-01-14,2024-01-14,11,simulation
PO-SIM-0001607-R2,PO-SIM-0001607,2024-01-15,2024-01-15,3,simulation
PO-SIM-0001608-R1,PO-SIM-0001608,2024-01-13,2024-01-13,2,simulation
PO-SIM-0001609-R1,PO-SIM-0001609,2024-01-15,2024-01-15,50,simulation
PO-SIM-0001609-R2,PO-SIM-0001609,2024-01-16,2024-01-16,26,simulation
PO-SIM-0001610-R1,PO-SIM-0001610,2024-01-13,2024-01-13,17,simulation
PO-SIM-0001611-R1,PO-SIM-0001611,2024-01-16,2024-01-16,4,simulation
PO-SIM-0001612-R1,PO-SIM-0001612,2024-01-14,2024-01-14,4,simulation
PO-SIM-0001612-R2,PO-SIM-0001612,2024-01-15,2024-01-15,3,simulation
PO-SIM-0001613-R1,PO-SIM-0001613,2024-01-15,2024-01-15,109,simulation
PO-SIM-0001614-R1,PO-SIM-0001614,2024-01-13,2024-01-13,56,simulation
PO-SIM-0001615-R1,PO-SIM-0001615,2024-01-16,2024-01-16,81,simulation
PO-SIM-0001616-R1,PO-SIM-0001616,2024-01-16,2024-01-16,7,simulation
PO-SIM-0001618-R1,PO-SIM-0001618,2024-01-18,2024-01-18,9,simulation
PO-SIM-0001619-R1,PO-SIM-0001619,2024-01-12,2024-01-12,6,simulation
PO-SIM-0001620-R1,PO-SIM-0001620,2024-01-17,2024-01-17,25,simulation
PO-SIM-0001621-R1,PO-SIM-0001621,2024-01-15,2024-01-15,22,simulation
PO-SIM-0001621-R2,PO-SIM-0001621,2024-01-18,2024-01-18,27,simulation
PO-SIM-0001622-R1,PO-SIM-0001622,2024-01-15,2024-01-15,43,simulation
PO-SIM-0001623-R1,PO-SIM-0001623,2024-01-15,2024-01-15,26,simulation
PO-SIM-0001624-R1,PO-SIM-0001624,2024-01-16,2024-01-16,64,simulation
PO-SIM-0001625-R1,PO-SIM-0001625,2024-01-14,2024-01-14,14,simulation
PO-SIM-0001626-R1,PO-SIM-0001626,2024-01-16,2024-01-16,38,simulation
PO-SIM-0001627-R1,PO-SIM-0001627,2024-01-13,2024-01-13,67,simulation
PO-SIM-0001628-R1,PO-SIM-0001628,2024-01-13,2024-01-13,61,simulation
PO-SIM-0001629-R1,PO-SIM-0001629,2024-01-16,2024-01-16,2,simulation
PO-SIM-0001630-R1,PO-SIM-0001630,2024-01-16,2024-01-16,9,simulation
PO-SIM-0001631-R1,PO-SIM-0001631,2024-01-16,2024-01-16,82,simulation
PO-SIM-0001632-R1,PO-SIM-0001632,2024-01-17,2024-01-17,121,simulation
PO-SIM-0001633-R1,PO-SIM-0001633,2024-01-15,2024-01-15,75,simulation
PO-SIM-0001634-R1,PO-SIM-0001634,2024-01-15,2024-01-15,23,simulation
PO-SIM-0001635-R1,PO-SIM-0001635,2024-01-13,2024-01-13,22,simulation
PO-SIM-0001636-R1,PO-SIM-0001636,2024-01-13,2024-01-13,33,simulation
PO-SIM-0001637-R1,PO-SIM-0001637,2024-01-14,2024-01-14,87,simulation
PO-SIM-0001638-R1,PO-SIM-0001638,2024-01-18,2024-01-18,43,simulation
PO-SIM-0001639-R1,PO-SIM-0001639,2024-01-15,2024-01-15,46,simulation
PO-SIM-0001640-R1,PO-SIM-0001640,2024-01-14,2024-01-14,81,simulation
PO-SIM-0001641-R1,PO-SIM-0001641,2024-01-21,2024-01-21,55,simulation
PO-SIM-0001641-R2,PO-SIM-0001641,2024-01-22,2024-01-22,21,simulation
PO-SIM-0001642-R1,PO-SIM-0001642,2024-01-14,2024-01-14,57,simulation
PO-SIM-0001643-R1,PO-SIM-0001643,2024-01-16,2024-01-16,42,simulation
PO-SIM-0001644-R1,PO-SIM-0001644,2024-01-14,2024-01-14,12,simulation
PO-SIM-0001645-R1,PO-SIM-0001645,2024-01-15,2024-01-15,24,simulation
PO-SIM-0001646-R1,PO-SIM-0001646,2024-01-19,2024-01-19,116,simulation
PO-SIM-0001647-R1,PO-SIM-0001647,2024-01-17,2024-01-17,41,simulation
PO-SIM-0001648-R1,PO-SIM-0001648,2024-01-20,2024-01-20,42,simulation
PO-SIM-0001649-R1,PO-SIM-0001649,2024-01-18,2024-01-18,44,simulation
PO-SIM-0001650-R1,PO-SIM-0001650,2024-01-14,2024-01-14,25,simulation
PO-SIM-0001651-R1,PO-SIM-0001651,2024-01-14,2024-01-14,18,simulation
PO-SIM-0001652-R1,PO-SIM-0001652,2024-01-14,2024-01-14,63,simulation
PO-SIM-0001653-R1,PO-SIM-0001653,2024-01-21,2024-01-21,65,simulation
PO-SIM-0001653-R2,PO-SIM-0001653,2024-01-24,2024-01-24,35,simulation
PO-SIM-0001654-R1,PO-SIM-0001654,2024-01-15,2024-01-15,81,simulation
PO-SIM-0001655-R1,PO-SIM-0001655,2024-01-20,2024-01-20,71,simulation
PO-SIM-0001656-R1,PO-SIM-0001656,2024-01-18,2024-01-18,102,simulation
PO-SIM-0001657-R1,PO-SIM-0001657,2024-01-17,2024-01-17,57,simulation
PO-SIM-0001658-R1,PO-SIM-0001658,2024-01-13,2024-01-13,24,simulation
PO-SIM-0001659-R1,PO-SIM-0001659,2024-01-20,2024-01-20,35,simulation
PO-SIM-0001660-R1,PO-SIM-0001660,2024-01-16,2024-01-16,89,simulation
PO-SIM-0001661-R1,PO-SIM-0001661,2024-01-19,2024-01-19,174,simulation
PO-SIM-0001662-R1,PO-SIM-0001662,2024-01-18,2024-01-18,53,simulation
PO-SIM-0001663-R1,PO-SIM-0001663,2024-01-14,2024-01-14,30,simulation
PO-SIM-0001663-R2,PO-SIM-0001663,2024-01-16,2024-01-16,21,simulation
PO-SIM-0001664-R1,PO-SIM-0001664,2024-01-18,2024-01-18,33,simulation
PO-SIM-0001665-R1,PO-SIM-0001665,2024-01-18,2024-01-18,66,simulation
PO-SIM-0001666-R1,PO-SIM-0001666,2024-01-14,2024-01-14,66,simulation
PO-SIM-0001667-R1,PO-SIM-0001667,2024-01-16,2024-01-16,53,simulation
PO-SIM-0001668-R1,PO-SIM-0001668,2024-01-20,2024-01-20,40,simulation
PO-SIM-0001669-R1,PO-SIM-0001669,2024-01-16,2024-01-16,25,simulation
PO-SIM-0001670-R1,PO-SIM-0001670,2024-01-15,2024-01-15,71,simulation
PO-SIM-0001671-R1,PO-SIM-0001671,2024-01-19,2024-01-19,48,simulation
PO-SIM-0001672-R1,PO-SIM-0001672,2024-01-17,2024-01-17,16,simulation
PO-SIM-0001673-R1,PO-SIM-0001673,2024-01-17,2024-01-17,28,simulation
PO-SIM-0001674-R1,PO-SIM-0001674,2024-01-18,2024-01-18,28,simulation
PO-SIM-0001674-R2,PO-SIM-0001674,2024-01-20,2024-01-20,9,simulation
PO-SIM-0001675-R1,PO-SIM-0001675,2024-01-15,2024-01-15,73,simulation
PO-SIM-0001676-R1,PO-SIM-0001676,2024-01-15,2024-01-15,29,simulation
PO-SIM-0001677-R1,PO-SIM-0001677,2024-01-18,2024-01-18,42,simulation
PO-SIM-0001678-R1,PO-SIM-0001678,2024-01-16,2024-01-16,66,simulation
PO-SIM-0001679-R1,PO-SIM-0001679,2024-01-16,2024-01-16,122,simulation
PO-SIM-0001680-R1,PO-SIM-0001680,2024-01-15,2024-01-15,91,simulation
PO-SIM-0001681-R1,PO-SIM-0001681,2024-01-16,2024-01-16,4,simulation
PO-SIM-0001682-R1,PO-SIM-0001682,2024-01-18,2024-01-18,72,simulation
PO-SIM-0001683-R1,PO-SIM-0001683,2024-01-17,2024-01-17,99,simulation
PO-SIM-0001683-R2,PO-SIM-0001683,2024-01-20,2024-01-20,27,simulation
PO-SIM-0001684-R1,PO-SIM-0001684,2024-01-16,2024-01-16,58,simulation
PO-SIM-0001685-R1,PO-SIM-0001685,2024-01-18,2024-01-18,16,simulation
PO-SIM-0001686-R1,PO-SIM-0001686,2024-01-18,2024-01-18,42,simulation
PO-SIM-0001687-R1,PO-SIM-0001687,2024-01-17,2024-01-17,21,simulation
PO-SIM-0001687-R2,PO-SIM-0001687,2024-01-18,2024-01-18,16,simulation
PO-SIM-0001688-R1,PO-SIM-0001688,2024-01-22,2024-01-22,97,simulation
PO-SIM-0001689-R1,PO-SIM-0001689,2024-01-18,2024-01-18,105,simulation
PO-SIM-0001690-R1,PO-SIM-0001690,2024-01-21,2024-01-21,9,simulation
PO-SIM-0001691-R1,PO-SIM-0001691,2024-01-22,2024-01-22,93,simulation
PO-SIM-0001691-R2,PO-SIM-0001691,2024-01-24,2024-01-24,40,simulation
PO-SIM-0001692-R1,PO-SIM-0001692,2024-01-15,2024-01-15,12,simulation
PO-SIM-0001692-R2,PO-SIM-0001692,2024-01-18,2024-01-18,4,simulation
PO-SIM-0001693-R1,PO-SIM-0001693,2024-01-16,2024-01-16,30,simulation
PO-SIM-0001694-R1,PO-SIM-0001694,2024-01-16,2024-01-16,46,simulation
PO-SIM-0001695-R1,PO-SIM-0001695,2024-01-18,2024-01-18,23,simulation
PO-SIM-0001695-R2,PO-SIM-0001695,2024-01-20,2024-01-20,16,simulation
PO-SIM-0001696-R1,PO-SIM-0001696,2024-01-17,2024-01-17,83,simulation
PO-SIM-0001697-R1,PO-SIM-0001697,2024-01-16,2024-01-16,11,simulation
PO-SIM-0001698-R1,PO-SIM-0001698,2024-01-17,2024-01-17,25,simulation
PO-SIM-0001698-R2,PO-SIM-0001698,2024-01-19,2024-01-19,9,simulation
PO-SIM-0001699-R1,PO-SIM-0001699,2024-01-15,2024-01-15,71,simulation
PO-SIM-0001700-R1,PO-SIM-0001700,2024-01-19,2024-01-19,59,simulation
PO-SIM-0001701-R1,PO-SIM-0001701,2024-01-19,2024-01-19,27,simulation
PO-SIM-0001701-R2,PO-SIM-0001701,2024-01-21,2024-01-21,11,simulation
PO-SIM-0001702-R1,PO-SIM-0001702,2024-01-16,2024-01-16,75,simulation
PO-SIM-0001703-R1,PO-SIM-0001703,2024-01-17,2024-01-17,40,simulation
PO-SIM-0001703-R2,PO-SIM-0001703,2024-01-18,2024-01-18,13,simulation
PO-SIM-0001704-R1,PO-SIM-0001704,2024-01-16,2024-01-16,51,simulation
PO-SIM-0001705-R1,PO-SIM-0001705,2024-01-16,2024-01-16,69,simulation
PO-SIM-0001706-R1,PO-SIM-0001706,2024-01-19,2024-01-19,17,simulation
PO-SIM-0001707-R1,PO-SIM-0001707,2024-01-16,2024-01-16,12,simulation
PO-SIM-0001708-R1,PO-SIM-0001708,2024-01-19,2024-01-19,26,simulation
PO-SIM-0001709-R1,PO-SIM-0001709,2024-01-21,2024-01-21,208,simulation
PO-SIM-0001710-R1,PO-SIM-0001710,2024-01-16,2024-01-16,16,simulation
PO-SIM-0001711-R1,PO-SIM-0001711,2024-01-19,2024-01-19,97,simulation
PO-SIM-0001712-R1,PO-SIM-0001712,2024-01-18,2024-01-18,23,simulation
PO-SIM-0001713-R1,PO-SIM-0001713,2024-01-16,2024-01-16,53,simulation
PO-SIM-0001714-R1,PO-SIM-0001714,2024-01-18,2024-01-18,76,simulation
PO-SIM-0001715-R1,PO-SIM-0001715,2024-01-16,2024-01-16,89,simulation
PO-SIM-0001715-R2,PO-SIM-0001715,2024-01-18,2024-01-18,57,simulation
PO-SIM-0001716-R1,PO-SIM-0001716,2024-01-16,2024-01-16,82,simulation
PO-SIM-0001717-R1,PO-SIM-0001717,2024-01-18,2024-01-18,46,simulation
PO-SIM-0001718-R1,PO-SIM-0001718,2024-01-16,2024-01-16,80,simulation
PO-SIM-0001719-R1,PO-SIM-0001719,2024-01-18,2024-01-18,4,simulation
PO-SIM-0001720-R1,PO-SIM-0001720,2024-01-21,2024-01-21,21,simulation
PO-SIM-0001721-R1,PO-SIM-0001721,2024-01-16,2024-01-16,62,simulation
PO-SIM-0001722-R1,PO-SIM-0001722,2024-01-19,2024-01-19,35,simulation
PO-SIM-0001722-R2,PO-SIM-0001722,2024-01-21,2024-01-21,16,simulation
PO-SIM-0001723-R1,PO-SIM-0001723,2024-01-19,2024-01-19,16,simulation
PO-SIM-0001724-R1,PO-SIM-0001724,2024-01-18,2024-01-18,82,simulation
PO-SIM-0001725-R1,PO-SIM-0001725,2024-01-18,2024-01-18,164,simulation
PO-SIM-0001726-R1,PO-SIM-0001726,2024-01-16,2024-01-16,55,simulation
PO-SIM-0001727-R1,PO-SIM-0001727,2024-01-19,2024-01-19,80,simulation
PO-SIM-0001728-R1,PO-SIM-0001728,2024-01-17,2024-01-17,5,simulation
PO-SIM-0001729-R1,PO-SIM-0001729,2024-01-16,2024-01-16,56,simulation
PO-SIM-0001730-R1,PO-SIM-0001730,2024-01-17,2024-01-17,37,simulation
PO-SIM-0001731-R1,PO-SIM-0001731,2024-01-18,2024-01-18,25,simulation
PO-SIM-0001732-R1,PO-SIM-0001732,2024-01-17,2024-01-17,27,simulation
PO-SIM-0001733-R1,PO-SIM-0001733,2024-01-19,2024-01-19,55,simulation
PO-SIM-0001733-R2,PO-SIM-0001733,2024-01-20,2024-01-20,46,simulation
PO-SIM-0001734-R1,PO-SIM-0001734,2024-01-19,2024-01-19,25,simulation
PO-SIM-0001735-R1,PO-SIM-0001735,2024-01-17,2024-01-17,21,simulation
PO-SIM-0001736-R1,PO-SIM-0001736,2024-01-24,2024-01-24,40,simulation
PO-SIM-0001737-R1,PO-SIM-0001737,2024-01-21,2024-01-21,53,simulation
PO-SIM-0001738-R1,PO-SIM-0001738,2024-01-17,2024-01-17,63,simulation
PO-SIM-0001739-R1,PO-SIM-0001739,2024-01-17,2024-01-17,6,simulation
PO-SIM-0001739-R2,PO-SIM-0001739,2024-01-18,2024-01-18,8,simulation
PO-SIM-0001740-R1,PO-SIM-0001740,2024-01-19,2024-01-19,82,simulation
PO-SIM-0001741-R1,PO-SIM-0001741,2024-01-20,2024-01-20,31,simulation
PO-SIM-0001742-R1,PO-SIM-0001742,2024-01-22,2024-01-22,21,simulation
PO-SIM-0001743-R1,PO-SIM-0001743,2024-01-20,2024-01-20,51,simulation
PO-SIM-0001744-R1,PO-SIM-0001744,2024-01-21,2024-01-21,10,simulation
PO-SIM-0001745-R1,PO-SIM-0001745,2024-01-20,2024-01-20,96,simulation
PO-SIM-0001746-R1,PO-SIM-0001746,2024-01-19,2024-01-19,32,simulation
PO-SIM-0001747-R1,PO-SIM-0001747,2024-01-20,2024-01-20,105,simulation
PO-SIM-0001748-R1,PO-SIM-0001748,2024-01-19,2024-01-19,56,simulation
PO-SIM-0001749-R1,PO-SIM-0001749,2024-01-21,2024-01-21,5,simulation
PO-SIM-0001750-R1,PO-SIM-0001750,2024-01-16,2024-01-16,7,simulation
PO-SIM-0001751-R1,PO-SIM-0001751,2024-01-18,2024-01-18,71,simulation
PO-SIM-0001752-R1,PO-SIM-0001752,2024-01-20,2024-01-20,50,simulation
PO-SIM-0001753-R1,PO-SIM-0001753,2024-01-18,2024-01-18,18,simulation
PO-SIM-0001754-R1,PO-SIM-0001754,2024-01-20,2024-01-20,218,simulation
PO-SIM-0001755-R1,PO-SIM-0001755,2024-01-23,2024-01-23,30,simulation
PO-SIM-0001756-R1,PO-SIM-0001756,2024-01-20,2024-01-20,21,simulation
PO-SIM-0001757-R1,PO-SIM-0001757,2024-01-19,2024-01-19,41,simulation
PO-SIM-0001758-R1,PO-SIM-0001758,2024-01-18,2024-01-18,40,simulation
PO-SIM-0001759-R1,PO-SIM-0001759,2024-01-18,2024-01-18,136,simulation
PO-SIM-0001760-R1,PO-SIM-0001760,2024-01-18,2024-01-18,54,simulation
PO-SIM-0001761-R1,PO-SIM-0001761,2024-01-18,2024-01-18,2,simulation
PO-SIM-0001762-R1,PO-SIM-0001762,2024-01-21,2024-01-21,71,simulation
PO-SIM-0001763-R1,PO-SIM-0001763,2024-01-21,2024-01-21,36,simulation
PO-SIM-0001764-R1,PO-SIM-0001764,2024-01-19,2024-01-19,101,simulation
PO-SIM-0001765-R1,PO-SIM-0001765,2024-01-21,2024-01-21,29,simulation
PO-SIM-0001766-R1,PO-SIM-0001766,2024-01-24,2024-01-24,205,simulation
PO-SIM-0001767-R1,PO-SIM-0001767,2024-01-20,2024-01-20,24,simulation
PO-SIM-0001768-R1,PO-SIM-0001768,2024-01-19,2024-01-19,49,simulation
PO-SIM-0001769-R1,PO-SIM-0001769,2024-01-23,2024-01-23,23,simulation
PO-SIM-0001770-R1,PO-SIM-0001770,2024-01-19,2024-01-19,16,simulation
PO-SIM-0001771-R1,PO-SIM-0001771,2024-01-22,2024-01-22,17,simulation
PO-SIM-0001772-R1,PO-SIM-0001772,2024-01-21,2024-01-21,26,simulation
PO-SIM-0001773-R1,PO-SIM-0001773,2024-01-17,2024-01-17,60,simulation
PO-SIM-0001774-R1,PO-SIM-0001774,2024-01-19,2024-01-19,74,simulation
PO-SIM-0001775-R1,PO-SIM-0001775,2024-01-20,2024-01-20,46,simulation
PO-SIM-0001776-R1,PO-SIM-0001776,2024-01-21,2024-01-21,121,simulation
PO-SIM-0001777-R1,PO-SIM-0001777,2024-01-18,2024-01-18,90,simulation
PO-SIM-0001778-R1,PO-SIM-0001778,2024-01-19,2024-01-19,27,simulation
PO-SIM-0001779-R1,PO-SIM-0001779,2024-01-20,2024-01-20,2,simulation
PO-SIM-0001780-R1,PO-SIM-0001780,2024-01-24,2024-01-24,23,simulation
PO-SIM-0001781-R1,PO-SIM-0001781,2024-01-19,2024-01-19,45,simulation
PO-SIM-0001782-R1,PO-SIM-0001782,2024-01-23,2024-01-23,26,simulation
PO-SIM-0001783-R1,PO-SIM-0001783,2024-01-22,2024-01-22,11,simulation
PO-SIM-0001783-R2,PO-SIM-0001783,2024-01-25,2024-01-25,10,simulation
PO-SIM-0001784-R1,PO-SIM-0001784,2024-01-20,2024-01-20,43,simulation
PO-SIM-0001785-R1,PO-SIM-0001785,2024-01-21,2024-01-21,7,simulation
PO-SIM-0001786-R1,PO-SIM-0001786,2024-01-23,2024-01-23,36,simulation
PO-SIM-0001787-R1,PO-SIM-0001787,2024-01-22,2024-01-22,35,simulation
PO-SIM-0001788-R1,PO-SIM-0001788,2024-01-24,2024-01-24,143,simulation
PO-SIM-0001789-R1,PO-SIM-0001789,2024-01-19,2024-01-19,20,simulation
PO-SIM-0001790-R1,PO-SIM-0001790,2024-01-22,2024-01-22,16,simulation
PO-SIM-0001791-R1,PO-SIM-0001791,2024-01-21,2024-01-21,4,simulation
PO-SIM-0001791-R2,PO-SIM-0001791,2024-01-23,2024-01-23,4,simulation
PO-SIM-0001792-R1,PO-SIM-0001792,2024-01-20,2024-01-20,23,simulation
PO-SIM-0001792-R2,PO-SIM-0001792,2024-01-21,2024-01-21,12,simulation
PO-SIM-0001793-R1,PO-SIM-0001793,2024-01-19,2024-01-19,14,simulation
PO-SIM-0001794-R1,PO-SIM-0001794,2024-01-23,2024-01-23,24,simulation
PO-SIM-0001795-R1,PO-SIM-0001795,2024-01-19,2024-01-19,47,simulation
PO-SIM-0001796-R1,PO-SIM-0001796,2024-01-22,2024-01-22,50,simulation
PO-SIM-0001797-R1,PO-SIM-0001797,2024-01-26,2024-01-26,5,simulation
PO-SIM-0001798-R1,PO-SIM-0001798,2024-01-21,2024-01-21,51,simulation
PO-SIM-0001799-R1,PO-SIM-0001799,2024-01-23,2024-01-23,31,simulation
PO-SIM-0001800-R1,PO-SIM-0001800,2024-01-19,2024-01-19,22,simulation
PO-SIM-0001801-R1,PO-SIM-0001801,2024-01-22,2024-01-22,23,simulation
PO-SIM-0001802-R1,PO-SIM-0001802,2024-01-20,2024-01-20,20,simulation
PO-SIM-0001803-R1,PO-SIM-0001803,2024-01-21,2024-01-21,44,simulation
PO-SIM-0001804-R1,PO-SIM-0001804,2024-01-21,2024-01-21,83,simulation
PO-SIM-0001805-R1,PO-SIM-0001805,2024-01-22,2024-01-22,45,simulation
PO-SIM-0001806-R1,PO-SIM-0001806,2024-01-20,2024-01-20,4,simulation
PO-SIM-0001807-R1,PO-SIM-0001807,2024-01-22,2024-01-22,26,simulation
PO-SIM-0001808-R1,PO-SIM-0001808,2024-01-23,2024-01-23,88,simulation
PO-SIM-0001809-R1,PO-SIM-0001809,2024-01-23,2024-01-23,104,simulation
PO-SIM-0001810-R1,PO-SIM-0001810,2024-01-26,2024-01-26,150,simulation
PO-SIM-0001811-R1,PO-SIM-0001811,2024-01-22,2024-01-22,52,simulation
PO-SIM-0001812-R1,PO-SIM-0001812,2024-01-20,2024-01-20,67,simulation
PO-SIM-0001813-R1,PO-SIM-0001813,2024-01-23,2024-01-23,26,simulation
PO-SIM-0001814-R1,PO-SIM-0001814,2024-01-21,2024-01-21,50,simulation
PO-SIM-0001815-R1,PO-SIM-0001815,2024-01-23,2024-01-23,45,simulation
PO-SIM-0001816-R1,PO-SIM-0001816,2024-01-22,2024-01-22,6,simulation
PO-SIM-0001817-R1,PO-SIM-0001817,2024-01-20,2024-01-20,9,simulation
PO-SIM-0001818-R1,PO-SIM-0001818,2024-01-21,2024-01-21,27,simulation
PO-SIM-0001819-R1,PO-SIM-0001819,2024-01-22,2024-01-22,60,simulation
PO-SIM-0001820-R1,PO-SIM-0001820,2024-01-20,2024-01-20,8,simulation
PO-SIM-0001821-R1,PO-SIM-0001821,2024-01-27,2024-01-27,12,simulation
PO-SIM-0001822-R1,PO-SIM-0001822,2024-01-23,2024-01-23,84,simulation
PO-SIM-0001823-R1,PO-SIM-0001823,2024-01-22,2024-01-22,97,simulation
PO-SIM-0001824-R1,PO-SIM-0001824,2024-01-20,2024-01-20,32,simulation
PO-SIM-0001825-R1,PO-SIM-0001825,2024-01-20,2024-01-20,53,simulation
PO-SIM-0001825-R2,PO-SIM-0001825,2024-01-22,2024-01-22,30,simulation
PO-SIM-0001826-R1,PO-SIM-0001826,2024-01-21,2024-01-21,22,simulation
PO-SIM-0001827-R1,PO-SIM-0001827,2024-01-21,2024-01-21,69,simulation
PO-SIM-0001828-R1,PO-SIM-0001828,2024-01-21,2024-01-21,21,simulation
PO-SIM-0001829-R1,PO-SIM-0001829,2024-01-22,2024-01-22,95,simulation
PO-SIM-0001829-R2,PO-SIM-0001829,2024-01-25,2024-01-25,34,simulation
PO-SIM-0001830-R1,PO-SIM-0001830,2024-01-20,2024-01-20,95,simulation
PO-SIM-0001831-R1,PO-SIM-0001831,2024-01-23,2024-01-23,112,simulation
PO-SIM-0001832-R1,PO-SIM-0001832,2024-01-22,2024-01-22,29,simulation
PO-SIM-0001833-R1,PO-SIM-0001833,2024-01-20,2024-01-20,16,simulation
PO-SIM-0001833-R2,PO-SIM-0001833,2024-01-22,2024-01-22,21,simulation
PO-SIM-0001834-R1,PO-SIM-0001834,2024-01-27,2024-01-27,28,simulation
PO-SIM-0001835-R1,PO-SIM-0001835,2024-01-23,2024-01-23,20,simulation
PO-SIM-0001836-R1,PO-SIM-0001836,2024-01-20,2024-01-20,25,simulation
PO-SIM-0001838-R1,PO-SIM-0001838,2024-01-25,2024-01-25,4,simulation
PO-SIM-0001839-R1,PO-SIM-0001839,2024-01-24,2024-01-24,145,simulation
PO-SIM-0001840-R1,PO-SIM-0001840,2024-01-21,2024-01-21,47,simulation
PO-SIM-0001841-R1,PO-SIM-0001841,2024-01-21,2024-01-21,63,simulation
PO-SIM-0001842-R1,PO-SIM-0001842,2024-01-23,2024-01-23,43,simulation
PO-SIM-0001842-R2,PO-SIM-0001842,2024-01-25,2024-01-25,26,simulation
PO-SIM-0001843-R1,PO-SIM-0001843,2024-01-21,2024-01-21,2,simulation
PO-SIM-0001843-R2,PO-SIM-0001843,2024-01-24,2024-01-24,2,simulation
PO-SIM-0001844-R1,PO-SIM-0001844,2024-01-22,2024-01-22,122,simulation
PO-SIM-0001845-R1,PO-SIM-0001845,2024-01-27,2024-01-27,65,simulation
PO-SIM-0001846-R1,PO-SIM-0001846,2024-01-20,2024-01-20,10,simulation
PO-SIM-0001847-R1,PO-SIM-0001847,2024-01-25,2024-01-25,24,simulation
PO-SIM-0001847-R2,PO-SIM-0001847,2024-01-27,2024-01-27,14,simulation
PO-SIM-0001848-R1,PO-SIM-0001848,2024-01-21,2024-01-21,21,simulation
PO-SIM-0001849-R1,PO-SIM-0001849,2024-01-24,2024-01-24,1,simulation
PO-SIM-0001849-R2,PO-SIM-0001849,2024-01-25,2024-01-25,2,simulation
PO-SIM-0001850-R1,PO-SIM-0001850,2024-01-24,2024-01-24,16,simulation
PO-SIM-0001851-R1,PO-SIM-0001851,2024-01-20,2024-01-20,9,simulation
PO-SIM-0001852-R1,PO-SIM-0001852,2024-01-23,2024-01-23,74,simulation
PO-SIM-0001853-R1,PO-SIM-0001853,2024-01-20,2024-01-20,27,simulation
PO-SIM-0001853-R2,PO-SIM-0001853,2024-01-21,2024-01-21,25,simulation
PO-SIM-0001854-R1,PO-SIM-0001854,2024-01-22,2024-01-22,57,simulation
PO-SIM-0001855-R1,PO-SIM-0001855,2024-01-22,2024-01-22,63,simulation
PO-SIM-0001856-R1,PO-SIM-0001856,2024-01-26,2024-01-26,25,simulation
PO-SIM-0001857-R1,PO-SIM-0001857,2024-01-23,2024-01-23,41,simulation
PO-SIM-0001858-R1,PO-SIM-0001858,2024-01-23,2024-01-23,7,simulation
PO-SIM-0001859-R1,PO-SIM-0001859,2024-01-27,2024-01-27,28,simulation
PO-SIM-0001860-R1,PO-SIM-0001860,2024-01-22,2024-01-22,16,simulation
PO-SIM-0001860-R2,PO-SIM-0001860,2024-01-23,2024-01-23,14,simulation
PO-SIM-0001861-R1,PO-SIM-0001861,2024-01-24,2024-01-24,61,simulation
PO-SIM-0001862-R1,PO-SIM-0001862,2024-01-23,2024-01-23,21,simulation
PO-SIM-0001863-R1,PO-SIM-0001863,2024-01-21,2024-01-21,72,simulation
PO-SIM-0001864-R1,PO-SIM-0001864,2024-01-25,2024-01-25,119,simulation
PO-SIM-0001865-R1,PO-SIM-0001865,2024-01-24,2024-01-24,51,simulation
PO-SIM-0001866-R1,PO-SIM-0001866,2024-01-22,2024-01-22,58,simulation
PO-SIM-0001867-R1,PO-SIM-0001867,2024-01-27,2024-01-27,18,simulation
PO-SIM-0001868-R1,PO-SIM-0001868,2024-01-23,2024-01-23,14,simulation
PO-SIM-0001869-R1,PO-SIM-0001869,2024-01-26,2024-01-26,9,simulation
PO-SIM-0001870-R1,PO-SIM-0001870,2024-01-25,2024-01-25,44,simulation
PO-SIM-0001871-R1,PO-SIM-0001871,2024-01-23,2024-01-23,76,simulation
PO-SIM-0001872-R1,PO-SIM-0001872,2024-01-23,2024-01-23,42,simulation
PO-SIM-0001873-R1,PO-SIM-0001873,2024-01-25,2024-01-25,57,simulation
PO-SIM-0001874-R1,PO-SIM-0001874,2024-01-23,2024-01-23,72,simulation
PO-SIM-0001875-R1,PO-SIM-0001875,2024-01-23,2024-01-23,5,simulation
PO-SIM-0001876-R1,PO-SIM-0001876,2024-01-25,2024-01-25,7,simulation
PO-SIM-0001877-R1,PO-SIM-0001877,2024-01-27,2024-01-27,62,simulation
PO-SIM-0001877-R2,PO-SIM-0001877,2024-01-28,2024-01-28,31,simulation
PO-SIM-0001878-R1,PO-SIM-0001878,2024-01-22,2024-01-22,117,simulation
PO-SIM-0001879-R1,PO-SIM-0001879,2024-01-26,2024-01-26,81,simulation
PO-SIM-0001880-R1,PO-SIM-0001880,2024-01-24,2024-01-24,11,simulation
PO-SIM-0001881-R1,PO-SIM-0001881,2024-01-25,2024-01-25,14,simulation
PO-SIM-0001882-R1,PO-SIM-0001882,2024-01-24,2024-01-24,39,simulation
PO-SIM-0001883-R1,PO-SIM-0001883,2024-01-26,2024-01-26,64,simulation
PO-SIM-0001883-R2,PO-SIM-0001883,2024-01-28,2024-01-28,18,simulation
PO-SIM-0001884-R1,PO-SIM-0001884,2024-01-27,2024-01-27,38,simulation
PO-SIM-0001885-R1,PO-SIM-0001885,2024-01-25,2024-01-25,19,simulation
PO-SIM-0001886-R1,PO-SIM-0001886,2024-01-23,2024-01-23,17,simulation
PO-SIM-0001887-R1,PO-SIM-0001887,2024-01-24,2024-01-24,6,simulation
PO-SIM-0001888-R1,PO-SIM-0001888,2024-01-25,2024-01-25,149,simulation
PO-SIM-0001889-R1,PO-SIM-0001889,2024-01-25,2024-01-25,53,simulation
PO-SIM-0001890-R1,PO-SIM-0001890,2024-01-27,2024-01-27,122,simulation
PO-SIM-0001891-R1,PO-SIM-0001891,2024-01-26,2024-01-26,51,simulation
PO-SIM-0001891-R2,PO-SIM-0001891,2024-01-29,2024-01-29,18,simulation
PO-SIM-0001892-R1,PO-SIM-0001892,2024-01-22,2024-01-22,80,simulation
PO-SIM-0001893-R1,PO-SIM-0001893,2024-01-24,2024-01-24,82,simulation
PO-SIM-0001894-R1,PO-SIM-0001894,2024-01-22,2024-01-22,126,simulation
PO-SIM-0001895-R1,PO-SIM-0001895,2024-01-23,2024-01-23,3,simulation
PO-SIM-0001896-R1,PO-SIM-0001896,2024-01-23,2024-01-23,49,simulation
PO-SIM-0001897-R1,PO-SIM-0001897,2024-01-27,2024-01-27,54,simulation
PO-SIM-0001898-R1,PO-SIM-0001898,2024-01-26,2024-01-26,169,simulation
PO-SIM-0001899-R1,PO-SIM-0001899,2024-01-26,2024-01-26,52,simulation
PO-SIM-0001900-R1,PO-SIM-0001900,2024-01-23,2024-01-23,32,simulation
PO-SIM-0001901-R1,PO-SIM-0001901,2024-01-23,2024-01-23,23,simulation
PO-SIM-0001901-R2,PO-SIM-0001901,2024-01-24,2024-01-24,14,simulation
PO-SIM-0001902-R1,PO-SIM-0001902,2024-01-24,2024-01-24,16,simulation
PO-SIM-0001903-R1,PO-SIM-0001903,2024-01-23,2024-01-23,75,simulation
PO-SIM-0001903-R2,PO-SIM-0001903,2024-01-24,2024-01-24,20,simulation
PO-SIM-0001904-R1,PO-SIM-0001904,2024-01-27,2024-01-27,89,simulation
PO-SIM-0001905-R1,PO-SIM-0001905,2024-01-26,2024-01-26,116,simulation
PO-SIM-0001906-R1,PO-SIM-0001906,2024-01-27,2024-01-27,114,simulation
PO-SIM-0001907-R1,PO-SIM-0001907,2024-01-26,2024-01-26,24,simulation
PO-SIM-0001908-R1,PO-SIM-0001908,2024-01-30,2024-01-30,63,simulation
PO-SIM-0001909-R1,PO-SIM-0001909,2024-01-25,2024-01-25,153,simulation
PO-SIM-0001910-R1,PO-SIM-0001910,2024-01-24,2024-01-24,81,simulation
PO-SIM-0001912-R1,PO-SIM-0001912,2024-01-28,2024-01-28,79,simulation
PO-SIM-0001913-R1,PO-SIM-0001913,2024-01-27,2024-01-27,73,simulation
PO-SIM-0001914-R1,PO-SIM-0001914,2024-01-27,2024-01-27,77,simulation
PO-SIM-0001914-R2,PO-SIM-0001914,2024-01-30,2024-01-30,21,simulation
PO-SIM-0001915-R1,PO-SIM-0001915,2024-01-26,2024-01-26,24,simulation
PO-SIM-0001916-R1,PO-SIM-0001916,2024-01-31,2024-01-31,81,simulation
PO-SIM-0001917-R1,PO-SIM-0001917,2024-01-26,2024-01-26,14,simulation
PO-SIM-0001918-R1,PO-SIM-0001918,2024-01-27,2024-01-27,54,simulation
PO-SIM-0001919-R1,PO-SIM-0001919,2024-01-29,2024-01-29,3,simulation
PO-SIM-0001920-R1,PO-SIM-0001920,2024-01-27,2024-01-27,63,simulation
PO-SIM-0001921-R1,PO-SIM-0001921,2024-01-24,2024-01-24,36,simulation
PO-SIM-0001922-R1,PO-SIM-0001922,2024-01-27,2024-01-27,11,simulation
PO-SIM-0001923-R1,PO-SIM-0001923,2024-01-28,2024-01-28,55,simulation
PO-SIM-0001923-R2,PO-SIM-0001923,2024-01-31,2024-01-31,44,simulation
PO-SIM-0001924-R1,PO-SIM-0001924,2024-01-26,2024-01-26,90,simulation
PO-SIM-0001925-R1,PO-SIM-0001925,2024-01-25,2024-01-25,141,simulation
PO-SIM-0001926-R1,PO-SIM-0001926,2024-01-24,2024-01-24,40,simulation
PO-SIM-0001927-R1,PO-SIM-0001927,2024-01-28,2024-01-28,3,simulation
PO-SIM-0001928-R1,PO-SIM-0001928,2024-01-27,2024-01-27,24,simulation
PO-SIM-0001930-R1,PO-SIM-0001930,2024-01-28,2024-01-28,18,simulation
PO-SIM-0001931-R1,PO-SIM-0001931,2024-01-28,2024-01-28,55,simulation
PO-SIM-0001932-R1,PO-SIM-0001932,2024-01-24,2024-01-24,155,simulation
PO-SIM-0001933-R1,PO-SIM-0001933,2024-01-24,2024-01-24,22,simulation
PO-SIM-0001934-R1,PO-SIM-0001934,2024-01-27,2024-01-27,42,simulation
PO-SIM-0001935-R1,PO-SIM-0001935,2024-01-27,2024-01-27,40,simulation
PO-SIM-0001935-R2,PO-SIM-0001935,2024-01-29,2024-01-29,26,simulation
PO-SIM-0001936-R1,PO-SIM-0001936,2024-01-26,2024-01-26,39,simulation
PO-SIM-0001936-R2,PO-SIM-0001936,2024-01-28,2024-01-28,13,simulation
PO-SIM-0001937-R1,PO-SIM-0001937,2024-01-29,2024-01-29,21,simulation
PO-SIM-0001937-R2,PO-SIM-0001937,2024-01-30,2024-01-30,12,simulation
PO-SIM-0001938-R1,PO-SIM-0001938,2024-01-24,2024-01-24,8,simulation
PO-SIM-0001939-R1,PO-SIM-0001939,2024-01-28,2024-01-28,26,simulation
PO-SIM-0001940-R1,PO-SIM-0001940,2024-01-28,2024-01-28,37,simulation
PO-SIM-0001940-R2,PO-SIM-0001940,2024-01-31,2024-01-31,33,simulation
PO-SIM-0001941-R1,PO-SIM-0001941,2024-01-28,2024-01-28,188,simulation
PO-SIM-0001942-R1,PO-SIM-0001942,2024-01-28,2024-01-28,84,simulation
PO-SIM-0001943-R1,PO-SIM-0001943,2024-01-28,2024-01-28,4,simulation
PO-SIM-0001943-R2,PO-SIM-0001943,2024-01-31,2024-01-31,5,simulation
PO-SIM-0001944-R1,PO-SIM-0001944,2024-01-25,2024-01-25,40,simulation
PO-SIM-0001945-R1,PO-SIM-0001945,2024-01-28,2024-01-28,11,simulation
PO-SIM-0001946-R1,PO-SIM-0001946,2024-01-26,2024-01-26,53,simulation
PO-SIM-0001947-R1,PO-SIM-0001947,2024-01-24,2024-01-24,27,simulation
PO-SIM-0001948-R1,PO-SIM-0001948,2024-01-28,2024-01-28,7,simulation
PO-SIM-0001950-R1,PO-SIM-0001950,2024-01-24,2024-01-24,80,simulation
PO-SIM-0001951-R1,PO-SIM-0001951,2024-01-27,2024-01-27,42,simulation
PO-SIM-0001953-R1,PO-SIM-0001953,2024-01-24,2024-01-24,139,simulation
PO-SIM-0001954-R1,PO-SIM-0001954,2024-01-26,2024-01-26,214,simulation
PO-SIM-0001955-R1,PO-SIM-0001955,2024-01-29,2024-01-29,39,simulation
PO-SIM-0001955-R2,PO-SIM-0001955,2024-02-01,2024-02-01,28,simulation
PO-SIM-0001956-R1,PO-SIM-0001956,2024-01-27,2024-01-27,83,simulation
PO-SIM-0001957-R1,PO-SIM-0001957,2024-01-26,2024-01-26,47,simulation
PO-SIM-0001958-R1,PO-SIM-0001958,2024-01-30,2024-01-30,38,simulation
PO-SIM-0001959-R1,PO-SIM-0001959,2024-01-29,2024-01-29,8,simulation
PO-SIM-0001960-R1,PO-SIM-0001960,2024-01-29,2024-01-29,24,simulation
PO-SIM-0001961-R1,PO-SIM-0001961,2024-01-28,2024-01-28,85,simulation
PO-SIM-0001962-R1,PO-SIM-0001962,2024-01-25,2024-01-25,26,simulation
PO-SIM-0001963-R1,PO-SIM-0001963,2024-01-28,2024-01-28,54,simulation
PO-SIM-0001964-R1,PO-SIM-0001964,2024-01-25,2024-01-25,69,simulation
PO-SIM-0001965-R1,PO-SIM-0001965,2024-01-30,2024-01-30,90,simulation
PO-SIM-0001966-R1,PO-SIM-0001966,2024-01-28,2024-01-28,46,simulation
PO-SIM-0001967-R1,PO-SIM-0001967,2024-02-01,2024-02-01,7,simulation
PO-SIM-0001968-R1,PO-SIM-0001968,2024-01-29,2024-01-29,103,simulation
PO-SIM-0001969-R1,PO-SIM-0001969,2024-01-28,2024-01-28,33,simulation
PO-SIM-0001970-R1,PO-SIM-0001970,2024-01-28,2024-01-28,112,simulation
PO-SIM-0001971-R1,PO-SIM-0001971,2024-01-28,2024-01-28,11,simulation
PO-SIM-0001971-R2,PO-SIM-0001971,2024-01-30,2024-01-30,13,simulation
PO-SIM-0001972-R1,PO-SIM-0001972,2024-01-28,2024-01-28,16,simulation
PO-SIM-0001973-R1,PO-SIM-0001973,2024-01-28,2024-01-28,19,simulation
PO-SIM-0001974-R1,PO-SIM-0001974,2024-01-31,2024-01-31,62,simulation
PO-SIM-0001975-R1,PO-SIM-0001975,2024-01-26,2024-01-26,20,simulation
PO-SIM-0001976-R1,PO-SIM-0001976,2024-01-27,2024-01-27,45,simulation
PO-SIM-0001977-R1,PO-SIM-0001977,2024-01-26,2024-01-26,32,simulation
PO-SIM-0001978-R1,PO-SIM-0001978,2024-01-27,2024-01-27,86,simulation
PO-SIM-0001979-R1,PO-SIM-0001979,2024-01-27,2024-01-27,18,simulation
PO-SIM-0001980-R1,PO-SIM-0001980,2024-01-30,2024-01-30,60,simulation
PO-SIM-0001981-R1,PO-SIM-0001981,2024-01-27,2024-01-27,43,simulation
PO-SIM-0001981-R2,PO-SIM-0001981,2024-01-28,2024-01-28,12,simulation
PO-SIM-0001982-R1,PO-SIM-0001982,2024-01-29,2024-01-29,49,simulation
PO-SIM-0001983-R1,PO-SIM-0001983,2024-01-30,2024-01-30,10,simulation
PO-SIM-0001984-R1,PO-SIM-0001984,2024-01-30,2024-01-30,101,simulation
PO-SIM-0001985-R1,PO-SIM-0001985,2024-01-29,2024-01-29,36,simulation
PO-SIM-0001985-R2,PO-SIM-0001985,2024-01-31,2024-01-31,43,simulation
PO-SIM-0001986-R1,PO-SIM-0001986,2024-01-30,2024-01-30,72,simulation
PO-SIM-0001986-R2,PO-SIM-0001986,2024-01-31,2024-01-31,66,simulation
PO-SIM-0001987-R1,PO-SIM-0001987,2024-01-27,2024-01-27,61,simulation
PO-SIM-0001988-R1,PO-SIM-0001988,2024-01-27,2024-01-27,36,simulation
PO-SIM-0001989-R1,PO-SIM-0001989,2024-01-28,2024-01-28,39,simulation
PO-SIM-0001990-R1,PO-SIM-0001990,2024-01-29,2024-01-29,61,simulation
PO-SIM-0001991-R1,PO-SIM-0001991,2024-01-30,2024-01-30,29,simulation
PO-SIM-0001991-R2,PO-SIM-0001991,2024-02-02,2024-02-02,8,simulation
PO-SIM-0001992-R1,PO-SIM-0001992,2024-01-30,2024-01-30,67,simulation
PO-SIM-0001993-R1,PO-SIM-0001993,2024-01-27,2024-01-27,22,simulation
PO-SIM-0001993-R2,PO-SIM-0001993,2024-01-30,2024-01-30,12,simulation
PO-SIM-0001994-R1,PO-SIM-0001994,2024-01-29,2024-01-29,24,simulation
PO-SIM-0001995-R1,PO-SIM-0001995,2024-01-29,2024-01-29,45,simulation
PO-SIM-0001996-R1,PO-SIM-0001996,2024-01-28,2024-01-28,30,simulation
PO-SIM-0001997-R1,PO-SIM-0001997,2024-01-29,2024-01-29,33,simulation
PO-SIM-0001998-R1,PO-SIM-0001998,2024-01-30,2024-01-30,69,simulation
PO-SIM-0001999-R1,PO-SIM-0001999,2024-01-31,2024-01-31,41,simulation
PO-SIM-0002000-R1,PO-SIM-0002000,2024-01-28,2024-01-28,77,simulation
PO-SIM-0002001-R1,PO-SIM-0002001,2024-01-28,2024-01-28,51,simulation
PO-SIM-0002001-R2,PO-SIM-0002001,2024-01-30,2024-01-30,63,simulation
PO-SIM-0002002-R1,PO-SIM-0002002,2024-01-29,2024-01-29,69,simulation
PO-SIM-0002003-R1,PO-SIM-0002003,2024-01-28,2024-01-28,7,simulation
PO-SIM-0002004-R1,PO-SIM-0002004,2024-01-30,2024-01-30,21,simulation
PO-SIM-0002005-R1,PO-SIM-0002005,2024-01-31,2024-01-31,107,simulation
PO-SIM-0002006-R1,PO-SIM-0002006,2024-01-27,2024-01-27,105,simulation
PO-SIM-0002007-R1,PO-SIM-0002007,2024-01-28,2024-01-28,64,simulation
PO-SIM-0002008-R1,PO-SIM-0002008,2024-01-31,2024-01-31,55,simulation
PO-SIM-0002009-R1,PO-SIM-0002009,2024-01-28,2024-01-28,89,simulation
PO-SIM-0002010-R1,PO-SIM-0002010,2024-02-01,2024-02-01,38,simulation
PO-SIM-0002011-R1,PO-SIM-0002011,2024-02-02,2024-02-02,163,simulation
PO-SIM-0002012-R1,PO-SIM-0002012,2024-01-31,2024-01-31,3,simulation
PO-SIM-0002012-R2,PO-SIM-0002012,2024-02-02,2024-02-02,1,simulation
PO-SIM-0002013-R1,PO-SIM-0002013,2024-02-01,2024-02-01,57,simulation
PO-SIM-0002014-R1,PO-SIM-0002014,2024-01-29,2024-01-29,1,simulation
PO-SIM-0002015-R1,PO-SIM-0002015,2024-01-31,2024-01-31,24,simulation
PO-SIM-0002016-R1,PO-SIM-0002016,2024-01-29,2024-01-29,36,simulation
PO-SIM-0002017-R1,PO-SIM-0002017,2024-01-30,2024-01-30,19,simulation
PO-SIM-0002018-R1,PO-SIM-0002018,2024-01-31,2024-01-31,89,simulation
PO-SIM-0002019-R1,PO-SIM-0002019,2024-01-31,2024-01-31,81,simulation
PO-SIM-0002020-R1,PO-SIM-0002020,2024-01-27,2024-01-27,1,simulation
PO-SIM-0002021-R1,PO-SIM-0002021,2024-01-31,2024-01-31,4,simulation
PO-SIM-0002022-R1,PO-SIM-0002022,2024-01-30,2024-01-30,1,simulation
PO-SIM-0002022-R2,PO-SIM-0002022,2024-01-31,2024-01-31,1,simulation
PO-SIM-0002024-R1,PO-SIM-0002024,2024-01-30,2024-01-30,63,simulation
PO-SIM-0002025-R1,PO-SIM-0002025,2024-01-31,2024-01-31,5,simulation
PO-SIM-0002025-R2,PO-SIM-0002025,2024-02-03,2024-02-03,2,simulation
PO-SIM-0002026-R1,PO-SIM-0002026,2024-01-28,2024-01-28,55,simulation
PO-SIM-0002027-R1,PO-SIM-0002027,2024-01-31,2024-01-31,135,simulation
PO-SIM-0002028-R1,PO-SIM-0002028,2024-01-30,2024-01-30,18,simulation
PO-SIM-0002029-R1,PO-SIM-0002029,2024-02-01,2024-02-01,10,simulation
PO-SIM-0002030-R1,PO-SIM-0002030,2024-01-31,2024-01-31,81,simulation
PO-SIM-0002031-R1,PO-SIM-0002031,2024-01-27,2024-01-27,61,simulation
PO-SIM-0002032-R1,PO-SIM-0002032,2024-01-28,2024-01-28,24,simulation
PO-SIM-0002032-R2,PO-SIM-0002032,2024-01-30,2024-01-30,12,simulation
PO-SIM-0002033-R1,PO-SIM-0002033,2024-01-29,2024-01-29,129,simulation
PO-SIM-0002034-R1,PO-SIM-0002034,2024-01-30,2024-01-30,16,simulation
PO-SIM-0002034-R2,PO-SIM-0002034,2024-02-01,2024-02-01,19,simulation
PO-SIM-0002035-R1,PO-SIM-0002035,2024-01-28,2024-01-28,82,simulation
PO-SIM-0002036-R1,PO-SIM-0002036,2024-01-29,2024-01-29,114,simulation
PO-SIM-0002037-R1,PO-SIM-0002037,2024-02-01,2024-02-01,55,simulation
PO-SIM-0002038-R1,PO-SIM-0002038,2024-02-02,2024-02-02,30,simulation
PO-SIM-0002038-R2,PO-SIM-0002038,2024-02-03,2024-02-03,33,simulation
PO-SIM-0002039-R1,PO-SIM-0002039,2024-02-01,2024-02-01,29,simulation
PO-SIM-0002040-R1,PO-SIM-0002040,2024-01-29,2024-01-29,63,simulation
PO-SIM-0002041-R1,PO-SIM-0002041,2024-02-04,2024-02-04,3,simulation
PO-SIM-0002042-R1,PO-SIM-0002042,2024-02-01,2024-02-01,38,simulation
PO-SIM-0002043-R1,PO-SIM-0002043,2024-01-29,2024-01-29,101,simulation
PO-SIM-0002044-R1,PO-SIM-0002044,2024-02-01,2024-02-01,78,simulation
PO-SIM-0002044-R2,PO-SIM-0002044,2024-02-03,2024-02-03,83,simulation
PO-SIM-0002045-R1,PO-SIM-0002045,2024-02-02,2024-02-02,1,simulation
PO-SIM-0002046-R1,PO-SIM-0002046,2024-02-02,2024-02-02,4,simulation
PO-SIM-0002047-R1,PO-SIM-0002047,2024-01-31,2024-01-31,3,simulation
PO-SIM-0002048-R1,PO-SIM-0002048,2024-01-31,2024-01-31,5,simulation
PO-SIM-0002049-R1,PO-SIM-0002049,2024-01-29,2024-01-29,21,simulation
PO-SIM-0002050-R1,PO-SIM-0002050,2024-02-01,2024-02-01,4,simulation
PO-SIM-0002050-R2,PO-SIM-0002050,2024-02-02,2024-02-02,3,simulation
PO-SIM-0002051-R1,PO-SIM-0002051,2024-01-29,2024-01-29,59,simulation
PO-SIM-0002051-R2,PO-SIM-0002051,2024-01-30,2024-01-30,30,simulation
PO-SIM-0002053-R1,PO-SIM-0002053,2024-02-02,2024-02-02,58,simulation
PO-SIM-0002054-R1,PO-SIM-0002054,2024-02-01,2024-02-01,122,simulation
PO-SIM-0002055-R1,PO-SIM-0002055,2024-02-02,2024-02-02,153,simulation
PO-SIM-0002056-R1,PO-SIM-0002056,2024-01-31,2024-01-31,15,simulation
PO-SIM-0002056-R2,PO-SIM-0002056,2024-02-01,2024-02-01,12,simulation
PO-SIM-0002057-R1,PO-SIM-0002057,2024-02-01,2024-02-01,29,simulation
PO-SIM-0002058-R1,PO-SIM-0002058,2024-01-30,2024-01-30,28,simulation
PO-SIM-0002059-R1,PO-SIM-0002059,2024-01-30,2024-01-30,41,simulation
PO-SIM-0002060-R1,PO-SIM-0002060,2024-01-28,2024-01-28,47,simulation
PO-SIM-0002061-R1,PO-SIM-0002061,2024-01-30,2024-01-30,15,simulation
PO-SIM-0002062-R1,PO-SIM-0002062,2024-02-01,2024-02-01,17,simulation
PO-SIM-0002063-R1,PO-SIM-0002063,2024-01-30,2024-01-30,12,simulation
PO-SIM-0002064-R1,PO-SIM-0002064,2024-02-01,2024-02-01,51,simulation
PO-SIM-0002065-R1,PO-SIM-0002065,2024-01-29,2024-01-29,59,simulation
PO-SIM-0002066-R1,PO-SIM-0002066,2024-01-31,2024-01-31,10,simulation
PO-SIM-0002067-R1,PO-SIM-0002067,2024-01-30,2024-01-30,43,simulation
PO-SIM-0002067-R2,PO-SIM-0002067,2024-02-02,2024-02-02,35,simulation
PO-SIM-0002068-R1,PO-SIM-0002068,2024-01-30,2024-01-30,71,simulation
PO-SIM-0002069-R1,PO-SIM-0002069,2024-02-02,2024-02-02,129,simulation
PO-SIM-0002070-R1,PO-SIM-0002070,2024-02-03,2024-02-03,126,simulation
PO-SIM-0002071-R1,PO-SIM-0002071,2024-01-31,2024-01-31,24,simulation
PO-SIM-0002072-R1,PO-SIM-0002072,2024-01-30,2024-01-30,42,simulation
PO-SIM-0002073-R1,PO-SIM-0002073,2024-02-02,2024-02-02,8,simulation
PO-SIM-0002073-R2,PO-SIM-0002073,2024-02-04,2024-02-04,6,simulation
PO-SIM-0002074-R1,PO-SIM-0002074,2024-01-29,2024-01-29,21,simulation
PO-SIM-0002075-R1,PO-SIM-0002075,2024-02-04,2024-02-04,84,simulation
PO-SIM-0002076-R1,PO-SIM-0002076,2024-02-03,2024-02-03,63,simulation
PO-SIM-0002077-R1,PO-SIM-0002077,2024-02-02,2024-02-02,1,simulation
PO-SIM-0002077-R2,PO-SIM-0002077,2024-02-03,2024-02-03,2,simulation
PO-SIM-0002078-R1,PO-SIM-0002078,2024-02-02,2024-02-02,84,simulation
PO-SIM-0002079-R1,PO-SIM-0002079,2024-02-02,2024-02-02,94,simulation
PO-SIM-0002080-R1,PO-SIM-0002080,2024-02-02,2024-02-02,98,simulation
PO-SIM-0002081-R1,PO-SIM-0002081,2024-02-01,2024-02-01,7,simulation
PO-SIM-0002081-R2,PO-SIM-0002081,2024-02-04,2024-02-04,6,simulation
PO-SIM-0002082-R1,PO-SIM-0002082,2024-02-02,2024-02-02,50,simulation
PO-SIM-0002083-R1,PO-SIM-0002083,2024-02-02,2024-02-02,48,simulation
PO-SIM-0002083-R2,PO-SIM-0002083,2024-02-04,2024-02-04,44,simulation
PO-SIM-0002084-R1,PO-SIM-0002084,2024-02-01,2024-02-01,104,simulation
PO-SIM-0002085-R1,PO-SIM-0002085,2024-02-04,2024-02-04,39,simulation
PO-SIM-0002086-R1,PO-SIM-0002086,2024-01-30,2024-01-30,10,simulation
PO-SIM-0002087-R1,PO-SIM-0002087,2024-02-01,2024-02-01,81,simulation
PO-SIM-0002088-R1,PO-SIM-0002088,2024-02-03,2024-02-03,39,simulation
PO-SIM-0002089-R1,PO-SIM-0002089,2024-01-31,2024-01-31,17,simulation
PO-SIM-0002090-R1,PO-SIM-0002090,2024-02-03,2024-02-03,6,simulation
PO-SIM-0002091-R1,PO-SIM-0002091,2024-02-02,2024-02-02,26,simulation
PO-SIM-0002092-R1,PO-SIM-0002092,2024-01-31,2024-01-31,1,simulation
PO-SIM-0002093-R1,PO-SIM-0002093,2024-01-31,2024-01-31,12,simulation
PO-SIM-0002094-R1,PO-SIM-0002094,2024-02-01,2024-02-01,69,simulation
PO-SIM-0002095-R1,PO-SIM-0002095,2024-02-01,2024-02-01,47,simulation
PO-SIM-0002096-R1,PO-SIM-0002096,2024-02-03,2024-02-03,18,simulation
PO-SIM-0002097-R1,PO-SIM-0002097,2024-02-04,2024-02-04,13,simulation
PO-SIM-0002098-R1,PO-SIM-0002098,2024-02-02,2024-02-02,65,simulation
PO-SIM-0002099-R1,PO-SIM-0002099,2024-02-02,2024-02-02,165,simulation
PO-SIM-0002100-R1,PO-SIM-0002100,2024-02-03,2024-02-03,188,simulation
PO-SIM-0002101-R1,PO-SIM-0002101,2024-02-01,2024-02-01,56,simulation
PO-SIM-0002101-R2,PO-SIM-0002101,2024-02-04,2024-02-04,31,simulation
PO-SIM-0002102-R1,PO-SIM-0002102,2024-02-01,2024-02-01,91,simulation
PO-SIM-0002103-R1,PO-SIM-0002103,2024-02-01,2024-02-01,24,simulation
PO-SIM-0002104-R1,PO-SIM-0002104,2024-01-31,2024-01-31,82,simulation
PO-SIM-0002105-R1,PO-SIM-0002105,2024-02-02,2024-02-02,26,simulation
PO-SIM-0002106-R1,PO-SIM-0002106,2024-02-01,2024-02-01,37,simulation
PO-SIM-0002107-R1,PO-SIM-0002107,2024-01-31,2024-01-31,24,simulation
PO-SIM-0002107-R2,PO-SIM-0002107,2024-02-01,2024-02-01,14,simulation
PO-SIM-0002108-R1,PO-SIM-0002108,2024-02-03,2024-02-03,66,simulation
PO-SIM-0002109-R1,PO-SIM-0002109,2024-02-03,2024-02-03,35,simulation
PO-SIM-0002110-R1,PO-SIM-0002110,2024-02-04,2024-02-04,33,simulation
PO-SIM-0002111-R1,PO-SIM-0002111,2024-02-03,2024-02-03,22,simulation
PO-SIM-0002111-R2,PO-SIM-0002111,2024-02-06,2024-02-06,20,simulation
PO-SIM-0002112-R1,PO-SIM-0002112,2024-02-03,2024-02-03,21,simulation
PO-SIM-0002113-R1,PO-SIM-0002113,2024-01-30,2024-01-30,65,simulation
PO-SIM-0002114-R1,PO-SIM-0002114,2024-01-31,2024-01-31,66,simulation
PO-SIM-0002116-R1,PO-SIM-0002116,2024-02-03,2024-02-03,21,simulation
PO-SIM-0002116-R2,PO-SIM-0002116,2024-02-05,2024-02-05,14,simulation
PO-SIM-0002117-R1,PO-SIM-0002117,2024-02-02,2024-02-02,14,simulation
PO-SIM-0002118-R1,PO-SIM-0002118,2024-02-01,2024-02-01,68,simulation
PO-SIM-0002119-R1,PO-SIM-0002119,2024-01-31,2024-01-31,43,simulation
PO-SIM-0002120-R1,PO-SIM-0002120,2024-02-01,2024-02-01,65,simulation
PO-SIM-0002121-R1,PO-SIM-0002121,2024-02-03,2024-02-03,13,simulation
PO-SIM-0002122-R1,PO-SIM-0002122,2024-02-04,2024-02-04,32,simulation
PO-SIM-0002123-R1,PO-SIM-0002123,2024-02-04,2024-02-04,23,simulation
PO-SIM-0002123-R2,PO-SIM-0002123,2024-02-05,2024-02-05,18,simulation
PO-SIM-0002124-R1,PO-SIM-0002124,2024-02-05,2024-02-05,96,simulation
PO-SIM-0002125-R1,PO-SIM-0002125,2024-02-04,2024-02-04,17,simulation
PO-SIM-0002126-R1,PO-SIM-0002126,2024-02-03,2024-02-03,12,simulation
PO-SIM-0002127-R1,PO-SIM-0002127,2024-02-01,2024-02-01,1,simulation
PO-SIM-0002128-R1,PO-SIM-0002128,2024-02-02,2024-02-02,30,simulation
PO-SIM-0002128-R2,PO-SIM-0002128,2024-02-05,2024-02-05,33,simulation
PO-SIM-0002129-R1,PO-SIM-0002129,2024-02-07,2024-02-07,46,simulation
PO-SIM-0002130-R1,PO-SIM-0002130,2024-02-05,2024-02-05,4,simulation
PO-SIM-0002131-R1,PO-SIM-0002131,2024-02-04,2024-02-04,17,simulation
PO-SIM-0002132-R1,PO-SIM-0002132,2024-02-04,2024-02-04,16,simulation
PO-SIM-0002133-R1,PO-SIM-0002133,2024-02-02,2024-02-02,10,simulation
PO-SIM-0002134-R1,PO-SIM-0002134,2024-02-01,2024-02-01,63,simulation
PO-SIM-0002135-R1,PO-SIM-0002135,2024-02-03,2024-02-03,54,simulation
PO-SIM-0002136-R1,PO-SIM-0002136,2024-02-02,2024-02-02,10,simulation
PO-SIM-0002137-R1,PO-SIM-0002137,2024-02-06,2024-02-06,3,simulation
PO-SIM-0002138-R1,PO-SIM-0002138,2024-02-02,2024-02-02,35,simulation
PO-SIM-0002139-R1,PO-SIM-0002139,2024-02-01,2024-02-01,42,simulation
PO-SIM-0002140-R1,PO-SIM-0002140,2024-02-05,2024-02-05,16,simulation
PO-SIM-0002141-R1,PO-SIM-0002141,2024-02-02,2024-02-02,35,simulation
PO-SIM-0002142-R1,PO-SIM-0002142,2024-02-05,2024-02-05,53,simulation
PO-SIM-0002143-R1,PO-SIM-0002143,2024-02-05,2024-02-05,19,simulation
PO-SIM-0002143-R2,PO-SIM-0002143,2024-02-08,2024-02-08,20,simulation
PO-SIM-0002144-R1,PO-SIM-0002144,2024-02-05,2024-02-05,23,simulation
PO-SIM-0002145-R1,PO-SIM-0002145,2024-02-02,2024-02-02,45,simulation
PO-SIM-0002146-R1,PO-SIM-0002146,2024-02-02,2024-02-02,94,simulation
PO-SIM-0002147-R1,PO-SIM-0002147,2024-02-03,2024-02-03,35,simulation
PO-SIM-0002148-R1,PO-SIM-0002148,2024-02-03,2024-02-03,8,simulation
PO-SIM-0002149-R1,PO-SIM-0002149,2024-02-05,2024-02-05,36,simulation
PO-SIM-0002150-R1,PO-SIM-0002150,2024-02-05,2024-02-05,54,simulation
PO-SIM-0002151-R1,PO-SIM-0002151,2024-02-02,2024-02-02,1,simulation
PO-SIM-0002152-R1,PO-SIM-0002152,2024-02-05,2024-02-05,36,simulation
PO-SIM-0002152-R2,PO-SIM-0002152,2024-02-08,2024-02-08,17,simulation
PO-SIM-0002153-R1,PO-SIM-0002153,2024-02-02,2024-02-02,35,simulation
PO-SIM-0002154-R1,PO-SIM-0002154,2024-02-05,2024-02-05,19,simulation
PO-SIM-0002155-R1,PO-SIM-0002155,2024-02-05,2024-02-05,18,simulation
PO-SIM-0002156-R1,PO-SIM-0002156,2024-02-09,2024-02-09,2,simulation
PO-SIM-0002157-R1,PO-SIM-0002157,2024-02-03,2024-02-03,5,simulation
