purchase_order_id,store_id,product_id,category,supplier_id,order_date,expected_arrival_date,ordered_qty,planned_lead_time_days,cancelled_flag,data_origin
PO-SIM-0000001,S001,P0002,Clothing,SUP-01,2023-11-01,2023-11-04,39,3,False,simulation
PO-SIM-0000002,S001,P0004,Electronics,SUP-02,2023-11-01,2023-11-05,62,4,False,simulation
PO-SIM-0000003,S001,P0008,Electronics,SUP-02,2023-11-01,2023-11-05,14,4,False,simulation
PO-SIM-0000004,S001,P0015,Toys,SUP-05,2023-11-01,2023-11-04,52,3,False,simulation
PO-SIM-0000005,S001,P0017,Toys,SUP-05,2023-11-01,2023-11-04,25,3,False,simulation
PO-SIM-0000006,S001,P0018,Groceries,SUP-04,2023-11-01,2023-11-07,13,6,False,simulation
PO-SIM-0000007,S001,P0019,Furniture,SUP-03,2023-11-01,2023-11-06,62,5,False,simulation
PO-SIM-0000008,S002,P0001,Groceries,SUP-04,2023-11-01,2023-11-07,44,6,False,simulation
PO-SIM-0000009,S002,P0006,Clothing,SUP-01,2023-11-01,2023-11-04,34,3,False,simulation
PO-SIM-0000010,S002,P0016,Clothing,SUP-01,2023-11-01,2023-11-04,131,3,False,simulation
PO-SIM-0000011,S002,P0018,Clothing,SUP-01,2023-11-01,2023-11-04,56,3,False,simulation
PO-SIM-0000012,S003,P0003,Electronics,SUP-02,2023-11-01,2023-11-05,3,4,False,simulation
PO-SIM-0000013,S003,P0006,Toys,SUP-05,2023-11-01,2023-11-04,39,3,False,simulation
PO-SIM-0000014,S003,P0016,Electronics,SUP-02,2023-11-01,2023-11-05,59,4,False,simulation
PO-SIM-0000015,S003,P0019,Groceries,SUP-04,2023-11-01,2023-11-07,73,6,False,simulation
PO-SIM-0000016,S004,P0005,Clothing,SUP-01,2023-11-01,2023-11-04,35,3,False,simulation
PO-SIM-0000017,S004,P0009,Clothing,SUP-01,2023-11-01,2023-11-04,10,3,False,simulation
PO-SIM-0000018,S004,P0012,Electronics,SUP-02,2023-11-01,2023-11-05,133,4,False,simulation
PO-SIM-0000019,S004,P0018,Furniture,SUP-03,2023-11-01,2023-11-06,1,5,False,simulation
PO-SIM-0000020,S004,P0019,Clothing,SUP-01,2023-11-01,2023-11-04,31,3,False,simulation
PO-SIM-0000021,S004,P0020,Furniture,SUP-03,2023-11-01,2023-11-06,66,5,False,simulation
PO-SIM-0000022,S005,P0003,Toys,SUP-05,2023-11-01,2023-11-04,9,3,False,simulation
PO-SIM-0000023,S005,P0004,Groceries,SUP-04,2023-11-01,2023-11-07,38,6,False,simulation
PO-SIM-0000024,S005,P0013,Groceries,SUP-04,2023-11-01,2023-11-07,98,6,False,simulation
PO-SIM-0000025,S005,P0017,Toys,SUP-05,2023-11-01,2023-11-04,36,3,False,simulation
PO-SIM-0000026,S001,P0002,Clothing,SUP-01,2023-11-02,2023-11-05,18,3,False,simulation
PO-SIM-0000027,S001,P0008,Electronics,SUP-02,2023-11-02,2023-11-06,66,4,False,simulation
PO-SIM-0000028,S001,P0009,Clothing,SUP-01,2023-11-02,2023-11-05,56,3,False,simulation
PO-SIM-0000029,S001,P0012,Groceries,SUP-04,2023-11-02,2023-11-08,33,6,False,simulation
PO-SIM-0000030,S001,P0015,Toys,SUP-05,2023-11-02,2023-11-05,67,3,False,simulation
PO-SIM-0000031,S001,P0017,Toys,SUP-05,2023-11-02,2023-11-05,114,3,False,simulation
PO-SIM-0000032,S001,P0018,Groceries,SUP-04,2023-11-02,2023-11-08,100,6,False,simulation
PO-SIM-0000033,S001,P0019,Furniture,SUP-03,2023-11-02,2023-11-07,42,5,False,simulation
PO-SIM-0000034,S002,P0006,Clothing,SUP-01,2023-11-02,2023-11-05,35,3,False,simulation
PO-SIM-0000035,S002,P0008,Groceries,SUP-04,2023-11-02,2023-11-08,72,6,False,simulation
PO-SIM-0000036,S002,P0010,Groceries,SUP-04,2023-11-02,2023-11-08,181,6,False,simulation
PO-SIM-0000037,S002,P0013,Groceries,SUP-04,2023-11-02,2023-11-08,70,6,False,simulation
PO-SIM-0000038,S002,P0018,Clothing,SUP-01,2023-11-02,2023-11-05,68,3,False,simulation
PO-SIM-0000039,S002,P0019,Clothing,SUP-01,2023-11-02,2023-11-05,42,3,False,simulation
PO-SIM-0000040,S003,P0001,Toys,SUP-05,2023-11-02,2023-11-05,4,3,False,simulation
PO-SIM-0000041,S003,P0003,Electronics,SUP-02,2023-11-02,2023-11-06,40,4,False,simulation
PO-SIM-0000042,S003,P0006,Toys,SUP-05,2023-11-02,2023-11-05,31,3,False,simulation
PO-SIM-0000043,S003,P0009,Groceries,SUP-04,2023-11-02,2023-11-08,70,6,False,simulation
PO-SIM-0000044,S003,P0010,Groceries,SUP-04,2023-11-02,2023-11-08,141,6,False,simulation
PO-SIM-0000045,S003,P0014,Groceries,SUP-04,2023-11-02,2023-11-08,89,6,False,simulation
PO-SIM-0000046,S003,P0019,Groceries,SUP-04,2023-11-02,2023-11-08,42,6,False,simulation
PO-SIM-0000047,S004,P0008,Furniture,SUP-03,2023-11-02,2023-11-07,16,5,False,simulation
PO-SIM-0000048,S004,P0009,Clothing,SUP-01,2023-11-02,2023-11-05,159,3,False,simulation
PO-SIM-0000049,S004,P0018,Furniture,SUP-03,2023-11-02,2023-11-07,10,5,False,simulation
PO-SIM-0000050,S004,P0019,Clothing,SUP-01,2023-11-02,2023-11-05,40,3,False,simulation
PO-SIM-0000051,S005,P0001,Groceries,SUP-04,2023-11-02,2023-11-08,123,6,False,simulation
PO-SIM-0000052,S005,P0003,Toys,SUP-05,2023-11-02,2023-11-05,18,3,True,simulation
PO-SIM-0000053,S005,P0004,Groceries,SUP-04,2023-11-02,2023-11-08,27,6,False,simulation
PO-SIM-0000054,S005,P0005,Groceries,SUP-04,2023-11-02,2023-11-08,8,6,False,simulation
PO-SIM-0000055,S005,P0008,Groceries,SUP-04,2023-11-02,2023-11-08,35,6,False,simulation
PO-SIM-0000056,S005,P0010,Groceries,SUP-04,2023-11-02,2023-11-08,97,6,False,simulation
PO-SIM-0000057,S005,P0017,Toys,SUP-05,2023-11-02,2023-11-05,57,3,False,simulation
PO-SIM-0000058,S005,P0018,Clothing,SUP-01,2023-11-02,2023-11-05,109,3,False,simulation
PO-SIM-0000059,S005,P0020,Toys,SUP-05,2023-11-02,2023-11-05,96,3,False,simulation
PO-SIM-0000060,S001,P0001,Electronics,SUP-02,2023-11-03,2023-11-07,64,4,False,simulation
PO-SIM-0000061,S001,P0002,Clothing,SUP-01,2023-11-03,2023-11-06,14,3,False,simulation
PO-SIM-0000062,S001,P0008,Electronics,SUP-02,2023-11-03,2023-11-07,40,4,False,simulation
PO-SIM-0000063,S001,P0009,Clothing,SUP-01,2023-11-03,2023-11-06,4,3,False,simulation
PO-SIM-0000064,S001,P0013,Toys,SUP-05,2023-11-03,2023-11-06,38,3,False,simulation
PO-SIM-0000065,S001,P0015,Toys,SUP-05,2023-11-03,2023-11-06,8,3,False,simulation
PO-SIM-0000066,S001,P0018,Groceries,SUP-04,2023-11-03,2023-11-09,9,6,False,simulation
PO-SIM-0000067,S002,P0002,Toys,SUP-05,2023-11-03,2023-11-06,23,3,False,simulation
PO-SIM-0000068,S002,P0008,Groceries,SUP-04,2023-11-03,2023-11-09,112,6,False,simulation
PO-SIM-0000069,S002,P0009,Groceries,SUP-04,2023-11-03,2023-11-09,52,6,False,simulation
PO-SIM-0000070,S002,P0017,Toys,SUP-05,2023-11-03,2023-11-06,58,3,False,simulation
PO-SIM-0000071,S003,P0008,Clothing,SUP-01,2023-11-03,2023-11-06,39,3,False,simulation
PO-SIM-0000072,S003,P0010,Groceries,SUP-04,2023-11-03,2023-11-09,24,6,False,simulation
PO-SIM-0000073,S004,P0005,Clothing,SUP-01,2023-11-03,2023-11-06,27,3,False,simulation
PO-SIM-0000074,S004,P0006,Groceries,SUP-04,2023-11-03,2023-11-09,1,6,False,simulation
PO-SIM-0000075,S004,P0008,Furniture,SUP-03,2023-11-03,2023-11-08,34,5,False,simulation
PO-SIM-0000076,S004,P0012,Electronics,SUP-02,2023-11-03,2023-11-07,75,4,False,simulation
PO-SIM-0000077,S005,P0003,Toys,SUP-05,2023-11-03,2023-11-06,5,3,False,simulation
PO-SIM-0000078,S005,P0007,Groceries,SUP-04,2023-11-03,2023-11-09,24,6,False,simulation
PO-SIM-0000079,S005,P0008,Groceries,SUP-04,2023-11-03,2023-11-09,58,6,False,simulation
PO-SIM-0000080,S005,P0011,Electronics,SUP-02,2023-11-03,2023-11-07,39,4,False,simulation
PO-SIM-0000081,S005,P0018,Clothing,SUP-01,2023-11-03,2023-11-06,42,3,False,simulation
PO-SIM-0000082,S005,P0020,Toys,SUP-05,2023-11-03,2023-11-06,83,3,False,simulation
PO-SIM-0000083,S001,P0009,Clothing,SUP-01,2023-11-04,2023-11-07,22,3,False,simulation
PO-SIM-0000084,S001,P0010,Furniture,SUP-03,2023-11-04,2023-11-09,51,5,False,simulation
PO-SIM-0000085,S001,P0014,Groceries,SUP-04,2023-11-04,2023-11-10,12,6,False,simulation
PO-SIM-0000086,S001,P0015,Toys,SUP-05,2023-11-04,2023-11-07,51,3,False,simulation
PO-SIM-0000087,S001,P0017,Toys,SUP-05,2023-11-04,2023-11-07,83,3,False,simulation
PO-SIM-0000088,S001,P0019,Furniture,SUP-03,2023-11-04,2023-11-09,10,5,False,simulation
PO-SIM-0000089,S002,P0007,Toys,SUP-05,2023-11-04,2023-11-07,3,3,False,simulation
PO-SIM-0000090,S002,P0011,Groceries,SUP-04,2023-11-04,2023-11-10,46,6,False,simulation
PO-SIM-0000091,S002,P0015,Clothing,SUP-01,2023-11-04,2023-11-07,28,3,False,simulation
PO-SIM-0000092,S003,P0001,Toys,SUP-05,2023-11-04,2023-11-07,37,3,False,simulation
PO-SIM-0000093,S003,P0003,Electronics,SUP-02,2023-11-04,2023-11-08,32,4,False,simulation
PO-SIM-0000094,S003,P0006,Toys,SUP-05,2023-11-04,2023-11-07,29,3,False,simulation
PO-SIM-0000095,S003,P0009,Groceries,SUP-04,2023-11-04,2023-11-10,115,6,False,simulation
PO-SIM-0000096,S003,P0010,Groceries,SUP-04,2023-11-04,2023-11-10,110,6,False,simulation
PO-SIM-0000097,S003,P0011,Electronics,SUP-02,2023-11-04,2023-11-08,77,4,False,simulation
PO-SIM-0000098,S003,P0019,Groceries,SUP-04,2023-11-04,2023-11-10,117,6,False,simulation
PO-SIM-0000099,S004,P0010,Groceries,SUP-04,2023-11-04,2023-11-10,49,6,False,simulation
PO-SIM-0000100,S004,P0012,Electronics,SUP-02,2023-11-04,2023-11-08,52,4,False,simulation
PO-SIM-0000101,S005,P0003,Toys,SUP-05,2023-11-04,2023-11-07,1,3,False,simulation
PO-SIM-0000102,S005,P0004,Groceries,SUP-04,2023-11-04,2023-11-10,38,6,False,simulation
PO-SIM-0000103,S005,P0011,Electronics,SUP-02,2023-11-04,2023-11-08,149,4,False,simulation
PO-SIM-0000104,S005,P0015,Groceries,SUP-04,2023-11-04,2023-11-10,12,6,False,simulation
PO-SIM-0000105,S005,P0017,Toys,SUP-05,2023-11-04,2023-11-07,8,3,False,simulation
PO-SIM-0000106,S005,P0020,Toys,SUP-05,2023-11-04,2023-11-07,8,3,False,simulation
PO-SIM-0000107,S001,P0004,Electronics,SUP-02,2023-11-05,2023-11-09,9,4,False,simulation
PO-SIM-0000108,S001,P0008,Electronics,SUP-02,2023-11-05,2023-11-09,62,4,False,simulation
PO-SIM-0000109,S001,P0013,Toys,SUP-05,2023-11-05,2023-11-08,31,3,False,simulation
PO-SIM-0000110,S001,P0015,Toys,SUP-05,2023-11-05,2023-11-08,15,3,False,simulation
PO-SIM-0000111,S001,P0016,Groceries,SUP-04,2023-11-05,2023-11-11,82,6,False,simulation
PO-SIM-0000112,S001,P0017,Toys,SUP-05,2023-11-05,2023-11-08,26,3,False,simulation
PO-SIM-0000113,S001,P0018,Groceries,SUP-04,2023-11-05,2023-11-11,40,6,False,simulation
PO-SIM-0000114,S002,P0006,Clothing,SUP-01,2023-11-05,2023-11-08,49,3,False,simulation
PO-SIM-0000115,S002,P0008,Groceries,SUP-04,2023-11-05,2023-11-11,89,6,False,simulation
PO-SIM-0000116,S002,P0010,Groceries,SUP-04,2023-11-05,2023-11-11,65,6,False,simulation
PO-SIM-0000117,S003,P0004,Groceries,SUP-04,2023-11-05,2023-11-11,66,6,False,simulation
PO-SIM-0000118,S003,P0009,Groceries,SUP-04,2023-11-05,2023-11-11,23,6,False,simulation
PO-SIM-0000119,S004,P0005,Clothing,SUP-01,2023-11-05,2023-11-08,5,3,False,simulation
PO-SIM-0000120,S004,P0006,Groceries,SUP-04,2023-11-05,2023-11-11,29,6,False,simulation
PO-SIM-0000121,S004,P0008,Furniture,SUP-03,2023-11-05,2023-11-10,118,5,False,simulation
PO-SIM-0000122,S004,P0010,Groceries,SUP-04,2023-11-05,2023-11-11,88,6,False,simulation
PO-SIM-0000123,S004,P0018,Furniture,SUP-03,2023-11-05,2023-11-10,15,5,False,simulation
PO-SIM-0000124,S004,P0019,Clothing,SUP-01,2023-11-05,2023-11-08,47,3,False,simulation
PO-SIM-0000125,S005,P0004,Groceries,SUP-04,2023-11-05,2023-11-11,36,6,False,simulation
PO-SIM-0000126,S005,P0005,Groceries,SUP-04,2023-11-05,2023-11-11,73,6,False,simulation
PO-SIM-0000127,S005,P0018,Clothing,SUP-01,2023-11-05,2023-11-08,12,3,False,simulation
PO-SIM-0000128,S005,P0020,Toys,SUP-05,2023-11-05,2023-11-08,15,3,False,simulation
PO-SIM-0000129,S001,P0002,Clothing,SUP-01,2023-11-06,2023-11-09,56,3,False,simulation
PO-SIM-0000130,S001,P0006,Toys,SUP-05,2023-11-06,2023-11-09,34,3,False,simulation
PO-SIM-0000131,S001,P0008,Electronics,SUP-02,2023-11-06,2023-11-10,47,4,False,simulation
PO-SIM-0000132,S001,P0009,Clothing,SUP-01,2023-11-06,2023-11-09,49,3,False,simulation
PO-SIM-0000133,S001,P0015,Toys,SUP-05,2023-11-06,2023-11-09,4,3,False,simulation
PO-SIM-0000134,S002,P0008,Groceries,SUP-04,2023-11-06,2023-11-12,3,6,False,simulation
PO-SIM-0000135,S002,P0013,Groceries,SUP-04,2023-11-06,2023-11-12,63,6,False,simulation
PO-SIM-0000136,S003,P0004,Groceries,SUP-04,2023-11-06,2023-11-12,96,6,False,simulation
PO-SIM-0000137,S003,P0006,Toys,SUP-05,2023-11-06,2023-11-09,35,3,False,simulation
PO-SIM-0000138,S003,P0017,Furniture,SUP-03,2023-11-06,2023-11-11,34,5,False,simulation
PO-SIM-0000139,S003,P0019,Groceries,SUP-04,2023-11-06,2023-11-12,60,6,False,simulation
PO-SIM-0000140,S004,P0005,Clothing,SUP-01,2023-11-06,2023-11-09,59,3,False,simulation
PO-SIM-0000141,S004,P0019,Clothing,SUP-01,2023-11-06,2023-11-09,5,3,False,simulation
PO-SIM-0000142,S005,P0003,Toys,SUP-05,2023-11-06,2023-11-09,6,3,False,simulation
PO-SIM-0000143,S001,P0002,Clothing,SUP-01,2023-11-07,2023-11-10,48,3,False,simulation
PO-SIM-0000144,S001,P0006,Toys,SUP-05,2023-11-07,2023-11-10,118,3,False,simulation
PO-SIM-0000145,S001,P0008,Electronics,SUP-02,2023-11-07,2023-11-11,13,4,False,simulation
PO-SIM-0000146,S001,P0013,Toys,SUP-05,2023-11-07,2023-11-10,31,3,False,simulation
PO-SIM-0000147,S001,P0015,Toys,SUP-05,2023-11-07,2023-11-10,1,3,False,simulation
PO-SIM-0000148,S001,P0017,Toys,SUP-05,2023-11-07,2023-11-10,5,3,False,simulation
PO-SIM-0000149,S002,P0001,Groceries,SUP-04,2023-11-07,2023-11-13,19,6,False,simulation
PO-SIM-0000150,S002,P0006,Clothing,SUP-01,2023-11-07,2023-11-10,15,3,False,simulation
PO-SIM-0000151,S002,P0010,Groceries,SUP-04,2023-11-07,2023-11-13,45,6,False,simulation
PO-SIM-0000152,S002,P0018,Clothing,SUP-01,2023-11-07,2023-11-10,64,3,False,simulation
PO-SIM-0000153,S003,P0006,Toys,SUP-05,2023-11-07,2023-11-10,46,3,False,simulation
PO-SIM-0000154,S003,P0010,Groceries,SUP-04,2023-11-07,2023-11-13,43,6,False,simulation
PO-SIM-0000155,S004,P0002,Groceries,SUP-04,2023-11-07,2023-11-13,66,6,False,simulation
PO-SIM-0000156,S004,P0003,Furniture,SUP-03,2023-11-07,2023-11-12,53,5,False,simulation
PO-SIM-0000157,S004,P0005,Clothing,SUP-01,2023-11-07,2023-11-10,42,3,False,simulation
PO-SIM-0000158,S004,P0013,Groceries,SUP-04,2023-11-07,2023-11-13,43,6,False,simulation
PO-SIM-0000159,S004,P0017,Clothing,SUP-01,2023-11-07,2023-11-10,60,3,False,simulation
PO-SIM-0000160,S005,P0008,Groceries,SUP-04,2023-11-07,2023-11-13,16,6,False,simulation
PO-SIM-0000161,S005,P0009,Groceries,SUP-04,2023-11-07,2023-11-13,53,6,False,simulation
PO-SIM-0000162,S005,P0010,Groceries,SUP-04,2023-11-07,2023-11-13,39,6,False,simulation
PO-SIM-0000163,S005,P0017,Toys,SUP-05,2023-11-07,2023-11-10,60,3,False,simulation
PO-SIM-0000164,S005,P0018,Clothing,SUP-01,2023-11-07,2023-11-10,64,3,False,simulation
PO-SIM-0000165,S005,P0020,Toys,SUP-05,2023-11-07,2023-11-10,33,3,False,simulation
PO-SIM-0000166,S001,P0004,Electronics,SUP-02,2023-11-08,2023-11-12,2,4,False,simulation
PO-SIM-0000167,S001,P0008,Electronics,SUP-02,2023-11-08,2023-11-12,88,4,False,simulation
PO-SIM-0000168,S001,P0012,Groceries,SUP-04,2023-11-08,2023-11-14,28,6,False,simulation
PO-SIM-0000169,S001,P0013,Toys,SUP-05,2023-11-08,2023-11-11,81,3,False,simulation
PO-SIM-0000170,S001,P0015,Toys,SUP-05,2023-11-08,2023-11-11,13,3,False,simulation
PO-SIM-0000171,S001,P0017,Toys,SUP-05,2023-11-08,2023-11-11,132,3,False,simulation
PO-SIM-0000172,S001,P0018,Groceries,SUP-04,2023-11-08,2023-11-14,73,6,False,simulation
PO-SIM-0000173,S002,P0002,Toys,SUP-05,2023-11-08,2023-11-11,20,3,False,simulation
PO-SIM-0000174,S002,P0008,Groceries,SUP-04,2023-11-08,2023-11-14,82,6,False,simulation
PO-SIM-0000175,S002,P0010,Groceries,SUP-04,2023-11-08,2023-11-14,93,6,False,simulation
PO-SIM-0000176,S002,P0016,Clothing,SUP-01,2023-11-08,2023-11-11,14,3,False,simulation
PO-SIM-0000177,S002,P0018,Clothing,SUP-01,2023-11-08,2023-11-11,73,3,False,simulation
PO-SIM-0000178,S003,P0001,Toys,SUP-05,2023-11-08,2023-11-11,100,3,False,simulation
PO-SIM-0000179,S003,P0006,Toys,SUP-05,2023-11-08,2023-11-11,21,3,False,simulation
PO-SIM-0000180,S003,P0009,Groceries,SUP-04,2023-11-08,2023-11-14,130,6,False,simulation
PO-SIM-0000181,S003,P0010,Groceries,SUP-04,2023-11-08,2023-11-14,134,6,False,simulation
PO-SIM-0000182,S004,P0005,Clothing,SUP-01,2023-11-08,2023-11-11,11,3,False,simulation
PO-SIM-0000183,S004,P0007,Groceries,SUP-04,2023-11-08,2023-11-14,19,6,False,simulation
PO-SIM-0000184,S004,P0012,Electronics,SUP-02,2023-11-08,2023-11-12,60,4,False,simulation
PO-SIM-0000185,S004,P0017,Clothing,SUP-01,2023-11-08,2023-11-11,25,3,False,simulation
PO-SIM-0000186,S005,P0003,Toys,SUP-05,2023-11-08,2023-11-11,41,3,False,simulation
PO-SIM-0000187,S005,P0004,Groceries,SUP-04,2023-11-08,2023-11-14,28,6,False,simulation
PO-SIM-0000188,S005,P0007,Groceries,SUP-04,2023-11-08,2023-11-14,153,6,False,simulation
PO-SIM-0000189,S005,P0008,Groceries,SUP-04,2023-11-08,2023-11-14,34,6,False,simulation
PO-SIM-0000190,S005,P0017,Toys,SUP-05,2023-11-08,2023-11-11,63,3,False,simulation
PO-SIM-0000191,S005,P0018,Clothing,SUP-01,2023-11-08,2023-11-11,109,3,False,simulation
PO-SIM-0000192,S001,P0003,Clothing,SUP-01,2023-11-09,2023-11-12,74,3,False,simulation
PO-SIM-0000193,S001,P0008,Electronics,SUP-02,2023-11-09,2023-11-13,40,4,False,simulation
PO-SIM-0000194,S002,P0006,Clothing,SUP-01,2023-11-09,2023-11-12,18,3,False,simulation
PO-SIM-0000195,S002,P0008,Groceries,SUP-04,2023-11-09,2023-11-15,113,6,False,simulation
PO-SIM-0000196,S002,P0009,Groceries,SUP-04,2023-11-09,2023-11-15,9,6,False,simulation
PO-SIM-0000197,S002,P0010,Groceries,SUP-04,2023-11-09,2023-11-15,87,6,False,simulation
PO-SIM-0000198,S002,P0011,Groceries,SUP-04,2023-11-09,2023-11-15,40,6,False,simulation
PO-SIM-0000199,S002,P0018,Clothing,SUP-01,2023-11-09,2023-11-12,42,3,False,simulation
PO-SIM-0000200,S003,P0006,Toys,SUP-05,2023-11-09,2023-11-12,45,3,False,simulation
PO-SIM-0000201,S003,P0009,Groceries,SUP-04,2023-11-09,2023-11-15,63,6,False,simulation
PO-SIM-0000202,S004,P0005,Clothing,SUP-01,2023-11-09,2023-11-12,50,3,False,simulation
PO-SIM-0000203,S004,P0006,Groceries,SUP-04,2023-11-09,2023-11-15,49,6,False,simulation
PO-SIM-0000204,S004,P0008,Furniture,SUP-03,2023-11-09,2023-11-14,43,5,False,simulation
PO-SIM-0000205,S004,P0012,Electronics,SUP-02,2023-11-09,2023-11-13,65,4,True,simulation
PO-SIM-0000206,S004,P0014,Furniture,SUP-03,2023-11-09,2023-11-14,22,5,False,simulation
PO-SIM-0000207,S004,P0017,Clothing,SUP-01,2023-11-09,2023-11-12,63,3,False,simulation
PO-SIM-0000208,S004,P0018,Furniture,SUP-03,2023-11-09,2023-11-14,46,5,False,simulation
PO-SIM-0000209,S004,P0019,Clothing,SUP-01,2023-11-09,2023-11-12,3,3,False,simulation
PO-SIM-0000210,S005,P0008,Groceries,SUP-04,2023-11-09,2023-11-15,82,6,False,simulation
PO-SIM-0000211,S005,P0017,Toys,SUP-05,2023-11-09,2023-11-12,48,3,False,simulation
PO-SIM-0000212,S005,P0018,Clothing,SUP-01,2023-11-09,2023-11-12,17,3,False,simulation
PO-SIM-0000213,S001,P0002,Clothing,SUP-01,2023-11-10,2023-11-13,22,3,False,simulation
PO-SIM-0000214,S001,P0004,Electronics,SUP-02,2023-11-10,2023-11-14,24,4,False,simulation
PO-SIM-0000215,S001,P0008,Electronics,SUP-02,2023-11-10,2023-11-14,58,4,False,simulation
PO-SIM-0000216,S001,P0012,Groceries,SUP-04,2023-11-10,2023-11-16,32,6,False,simulation
PO-SIM-0000217,S001,P0013,Toys,SUP-05,2023-11-10,2023-11-13,31,3,False,simulation
PO-SIM-0000218,S001,P0017,Toys,SUP-05,2023-11-10,2023-11-13,13,3,False,simulation
PO-SIM-0000219,S002,P0006,Clothing,SUP-01,2023-11-10,2023-11-13,17,3,False,simulation
PO-SIM-0000220,S002,P0008,Groceries,SUP-04,2023-11-10,2023-11-16,27,6,False,simulation
PO-SIM-0000221,S002,P0013,Groceries,SUP-04,2023-11-10,2023-11-16,3,6,False,simulation
PO-SIM-0000222,S003,P0002,Groceries,SUP-04,2023-11-10,2023-11-16,124,6,False,simulation
PO-SIM-0000223,S003,P0010,Groceries,SUP-04,2023-11-10,2023-11-16,38,6,False,simulation
PO-SIM-0000224,S003,P0012,Furniture,SUP-03,2023-11-10,2023-11-15,33,5,False,simulation
PO-SIM-0000225,S003,P0019,Groceries,SUP-04,2023-11-10,2023-11-16,25,6,False,simulation
PO-SIM-0000226,S004,P0001,Groceries,SUP-04,2023-11-10,2023-11-16,82,6,False,simulation
PO-SIM-0000227,S004,P0008,Furniture,SUP-03,2023-11-10,2023-11-15,18,5,False,simulation
PO-SIM-0000228,S004,P0012,Electronics,SUP-02,2023-11-10,2023-11-14,17,4,False,simulation
PO-SIM-0000229,S004,P0018,Furniture,SUP-03,2023-11-10,2023-11-15,41,5,False,simulation
PO-SIM-0000230,S004,P0019,Clothing,SUP-01,2023-11-10,2023-11-13,37,3,False,simulation
PO-SIM-0000231,S005,P0002,Electronics,SUP-02,2023-11-10,2023-11-14,38,4,False,simulation
PO-SIM-0000232,S005,P0004,Groceries,SUP-04,2023-11-10,2023-11-16,5,6,False,simulation
PO-SIM-0000233,S005,P0005,Groceries,SUP-04,2023-11-10,2023-11-16,54,6,False,simulation
PO-SIM-0000234,S005,P0019,Furniture,SUP-03,2023-11-10,2023-11-15,14,5,False,simulation
PO-SIM-0000235,S005,P0020,Toys,SUP-05,2023-11-10,2023-11-13,68,3,False,simulation
PO-SIM-0000236,S001,P0002,Clothing,SUP-01,2023-11-11,2023-11-14,26,3,False,simulation
PO-SIM-0000237,S001,P0006,Toys,SUP-05,2023-11-11,2023-11-14,35,3,False,simulation
PO-SIM-0000238,S001,P0008,Electronics,SUP-02,2023-11-11,2023-11-15,51,4,False,simulation
PO-SIM-0000239,S001,P0013,Toys,SUP-05,2023-11-11,2023-11-14,50,3,True,simulation
PO-SIM-0000240,S001,P0014,Groceries,SUP-04,2023-11-11,2023-11-17,16,6,False,simulation
PO-SIM-0000241,S001,P0015,Toys,SUP-05,2023-11-11,2023-11-14,69,3,False,simulation
PO-SIM-0000242,S001,P0017,Toys,SUP-05,2023-11-11,2023-11-14,56,3,False,simulation
PO-SIM-0000243,S002,P0001,Groceries,SUP-04,2023-11-11,2023-11-17,17,6,False,simulation
PO-SIM-0000244,S002,P0002,Toys,SUP-05,2023-11-11,2023-11-14,86,3,False,simulation
PO-SIM-0000245,S002,P0018,Clothing,SUP-01,2023-11-11,2023-11-14,38,3,False,simulation
PO-SIM-0000246,S003,P0002,Groceries,SUP-04,2023-11-11,2023-11-17,196,6,False,simulation
PO-SIM-0000247,S003,P0004,Groceries,SUP-04,2023-11-11,2023-11-17,57,6,False,simulation
PO-SIM-0000248,S003,P0006,Toys,SUP-05,2023-11-11,2023-11-14,41,3,False,simulation
PO-SIM-0000249,S003,P0009,Groceries,SUP-04,2023-11-11,2023-11-17,40,6,False,simulation
PO-SIM-0000250,S003,P0010,Groceries,SUP-04,2023-11-11,2023-11-17,54,6,False,simulation
PO-SIM-0000251,S003,P0011,Electronics,SUP-02,2023-11-11,2023-11-15,73,4,False,simulation
PO-SIM-0000252,S004,P0002,Groceries,SUP-04,2023-11-11,2023-11-17,67,6,False,simulation
PO-SIM-0000253,S004,P0005,Clothing,SUP-01,2023-11-11,2023-11-14,27,3,False,simulation
PO-SIM-0000254,S004,P0010,Groceries,SUP-04,2023-11-11,2023-11-17,4,6,False,simulation
PO-SIM-0000255,S004,P0014,Furniture,SUP-03,2023-11-11,2023-11-16,67,5,False,simulation
PO-SIM-0000256,S004,P0017,Clothing,SUP-01,2023-11-11,2023-11-14,103,3,False,simulation
PO-SIM-0000257,S004,P0020,Furniture,SUP-03,2023-11-11,2023-11-16,102,5,False,simulation
PO-SIM-0000258,S005,P0001,Groceries,SUP-04,2023-11-11,2023-11-17,85,6,False,simulation
PO-SIM-0000259,S005,P0009,Groceries,SUP-04,2023-11-11,2023-11-17,31,6,False,simulation
PO-SIM-0000260,S005,P0013,Groceries,SUP-04,2023-11-11,2023-11-17,116,6,False,simulation
PO-SIM-0000261,S005,P0014,Furniture,SUP-03,2023-11-11,2023-11-16,76,5,False,simulation
PO-SIM-0000262,S005,P0018,Clothing,SUP-01,2023-11-11,2023-11-14,22,3,False,simulation
PO-SIM-0000263,S005,P0019,Furniture,SUP-03,2023-11-11,2023-11-16,64,5,False,simulation
PO-SIM-0000264,S005,P0020,Toys,SUP-05,2023-11-11,2023-11-14,12,3,False,simulation
PO-SIM-0000265,S001,P0002,Clothing,SUP-01,2023-11-12,2023-11-15,67,3,False,simulation
PO-SIM-0000266,S001,P0008,Electronics,SUP-02,2023-11-12,2023-11-16,9,4,False,simulation
PO-SIM-0000267,S001,P0013,Toys,SUP-05,2023-11-12,2023-11-15,28,3,False,simulation
PO-SIM-0000268,S001,P0014,Groceries,SUP-04,2023-11-12,2023-11-18,143,6,False,simulation
PO-SIM-0000269,S001,P0017,Toys,SUP-05,2023-11-12,2023-11-15,25,3,False,simulation
PO-SIM-0000270,S001,P0018,Groceries,SUP-04,2023-11-12,2023-11-18,51,6,False,simulation
PO-SIM-0000271,S002,P0006,Clothing,SUP-01,2023-11-12,2023-11-15,40,3,False,simulation
PO-SIM-0000272,S002,P0008,Groceries,SUP-04,2023-11-12,2023-11-18,110,6,False,simulation
PO-SIM-0000273,S002,P0010,Groceries,SUP-04,2023-11-12,2023-11-18,67,6,False,simulation
PO-SIM-0000274,S002,P0018,Clothing,SUP-01,2023-11-12,2023-11-15,11,3,False,simulation
PO-SIM-0000275,S003,P0004,Groceries,SUP-04,2023-11-12,2023-11-18,164,6,False,simulation
PO-SIM-0000276,S003,P0006,Toys,SUP-05,2023-11-12,2023-11-15,67,3,False,simulation
PO-SIM-0000277,S003,P0008,Clothing,SUP-01,2023-11-12,2023-11-15,115,3,False,simulation
PO-SIM-0000278,S003,P0010,Groceries,SUP-04,2023-11-12,2023-11-18,24,6,False,simulation
PO-SIM-0000279,S003,P0016,Electronics,SUP-02,2023-11-12,2023-11-16,52,4,False,simulation
PO-SIM-0000280,S003,P0018,Furniture,SUP-03,2023-11-12,2023-11-17,11,5,False,simulation
PO-SIM-0000281,S003,P0019,Groceries,SUP-04,2023-11-12,2023-11-18,60,6,False,simulation
PO-SIM-0000282,S004,P0005,Clothing,SUP-01,2023-11-12,2023-11-15,17,3,False,simulation
PO-SIM-0000283,S004,P0012,Electronics,SUP-02,2023-11-12,2023-11-16,21,4,False,simulation
PO-SIM-0000284,S004,P0017,Clothing,SUP-01,2023-11-12,2023-11-15,9,3,False,simulation
PO-SIM-0000285,S004,P0018,Furniture,SUP-03,2023-11-12,2023-11-17,1,5,False,simulation
PO-SIM-0000286,S005,P0008,Groceries,SUP-04,2023-11-12,2023-11-18,41,6,False,simulation
PO-SIM-0000287,S005,P0014,Furniture,SUP-03,2023-11-12,2023-11-17,127,5,False,simulation
PO-SIM-0000288,S005,P0016,Toys,SUP-05,2023-11-12,2023-11-15,59,3,False,simulation
PO-SIM-0000289,S005,P0017,Toys,SUP-05,2023-11-12,2023-11-15,36,3,False,simulation
PO-SIM-0000290,S005,P0018,Clothing,SUP-01,2023-11-12,2023-11-15,28,3,False,simulation
PO-SIM-0000291,S001,P0008,Electronics,SUP-02,2023-11-13,2023-11-17,7,4,False,simulation
PO-SIM-0000292,S001,P0009,Clothing,SUP-01,2023-11-13,2023-11-16,20,3,False,simulation
PO-SIM-0000293,S001,P0013,Toys,SUP-05,2023-11-13,2023-11-16,22,3,False,simulation
PO-SIM-0000294,S001,P0015,Toys,SUP-05,2023-11-13,2023-11-16,5,3,False,simulation
PO-SIM-0000295,S001,P0017,Toys,SUP-05,2023-11-13,2023-11-16,17,3,False,simulation
PO-SIM-0000296,S001,P0019,Furniture,SUP-03,2023-11-13,2023-11-18,16,5,False,simulation
PO-SIM-0000297,S002,P0004,Groceries,SUP-04,2023-11-13,2023-11-19,64,6,False,simulation
PO-SIM-0000298,S002,P0008,Groceries,SUP-04,2023-11-13,2023-11-19,83,6,False,simulation
PO-SIM-0000299,S002,P0009,Groceries,SUP-04,2023-11-13,2023-11-19,43,6,False,simulation
PO-SIM-0000300,S002,P0010,Groceries,SUP-04,2023-11-13,2023-11-19,8,6,False,simulation
PO-SIM-0000301,S002,P0011,Groceries,SUP-04,2023-11-13,2023-11-19,24,6,False,simulation
PO-SIM-0000302,S002,P0013,Groceries,SUP-04,2023-11-13,2023-11-19,73,6,False,simulation
PO-SIM-0000303,S002,P0016,Clothing,SUP-01,2023-11-13,2023-11-16,55,3,False,simulation
PO-SIM-0000304,S002,P0018,Clothing,SUP-01,2023-11-13,2023-11-16,81,3,False,simulation
PO-SIM-0000305,S003,P0001,Toys,SUP-05,2023-11-13,2023-11-16,75,3,False,simulation
PO-SIM-0000306,S003,P0009,Groceries,SUP-04,2023-11-13,2023-11-19,27,6,False,simulation
PO-SIM-0000307,S003,P0010,Groceries,SUP-04,2023-11-13,2023-11-19,43,6,False,simulation
PO-SIM-0000308,S003,P0018,Furniture,SUP-03,2023-11-13,2023-11-18,58,5,False,simulation
PO-SIM-0000309,S004,P0004,Groceries,SUP-04,2023-11-13,2023-11-19,58,6,False,simulation
PO-SIM-0000310,S004,P0019,Clothing,SUP-01,2023-11-13,2023-11-16,23,3,False,simulation
PO-SIM-0000311,S005,P0004,Groceries,SUP-04,2023-11-13,2023-11-19,73,6,False,simulation
PO-SIM-0000312,S005,P0005,Groceries,SUP-04,2023-11-13,2023-11-19,13,6,False,simulation
PO-SIM-0000313,S005,P0008,Groceries,SUP-04,2023-11-13,2023-11-19,26,6,False,simulation
PO-SIM-0000314,S005,P0016,Toys,SUP-05,2023-11-13,2023-11-16,159,3,False,simulation
PO-SIM-0000315,S005,P0017,Toys,SUP-05,2023-11-13,2023-11-16,62,3,False,simulation
PO-SIM-0000316,S005,P0018,Clothing,SUP-01,2023-11-13,2023-11-16,106,3,False,simulation
PO-SIM-0000317,S005,P0019,Furniture,SUP-03,2023-11-13,2023-11-18,50,5,False,simulation
PO-SIM-0000318,S005,P0020,Toys,SUP-05,2023-11-13,2023-11-16,5,3,False,simulation
PO-SIM-0000319,S001,P0009,Clothing,SUP-01,2023-11-14,2023-11-17,75,3,False,simulation
PO-SIM-0000320,S001,P0013,Toys,SUP-05,2023-11-14,2023-11-17,28,3,False,simulation
PO-SIM-0000321,S001,P0017,Toys,SUP-05,2023-11-14,2023-11-17,48,3,False,simulation
PO-SIM-0000322,S001,P0018,Groceries,SUP-04,2023-11-14,2023-11-20,19,6,False,simulation
PO-SIM-0000323,S002,P0009,Groceries,SUP-04,2023-11-14,2023-11-20,118,6,False,simulation
PO-SIM-0000324,S002,P0012,Electronics,SUP-02,2023-11-14,2023-11-18,24,4,False,simulation
PO-SIM-0000325,S002,P0017,Toys,SUP-05,2023-11-14,2023-11-17,9,3,False,simulation
PO-SIM-0000326,S002,P0018,Clothing,SUP-01,2023-11-14,2023-11-17,36,3,False,simulation
PO-SIM-0000327,S003,P0003,Electronics,SUP-02,2023-11-14,2023-11-18,28,4,False,simulation
PO-SIM-0000328,S003,P0009,Groceries,SUP-04,2023-11-14,2023-11-20,60,6,False,simulation
PO-SIM-0000329,S003,P0010,Groceries,SUP-04,2023-11-14,2023-11-20,34,6,False,simulation
PO-SIM-0000330,S004,P0005,Clothing,SUP-01,2023-11-14,2023-11-17,28,3,False,simulation
PO-SIM-0000331,S004,P0006,Groceries,SUP-04,2023-11-14,2023-11-20,23,6,False,simulation
PO-SIM-0000332,S004,P0012,Electronics,SUP-02,2023-11-14,2023-11-18,27,4,False,simulation
PO-SIM-0000333,S004,P0013,Groceries,SUP-04,2023-11-14,2023-11-20,130,6,False,simulation
PO-SIM-0000334,S004,P0018,Furniture,SUP-03,2023-11-14,2023-11-19,8,5,False,simulation
PO-SIM-0000335,S005,P0003,Toys,SUP-05,2023-11-14,2023-11-17,39,3,False,simulation
PO-SIM-0000336,S005,P0004,Groceries,SUP-04,2023-11-14,2023-11-20,6,6,False,simulation
PO-SIM-0000337,S005,P0005,Groceries,SUP-04,2023-11-14,2023-11-20,188,6,False,simulation
PO-SIM-0000338,S005,P0017,Toys,SUP-05,2023-11-14,2023-11-17,52,3,False,simulation
PO-SIM-0000339,S001,P0001,Electronics,SUP-02,2023-11-15,2023-11-19,15,4,False,simulation
PO-SIM-0000340,S001,P0004,Electronics,SUP-02,2023-11-15,2023-11-19,47,4,False,simulation
PO-SIM-0000341,S001,P0008,Electronics,SUP-02,2023-11-15,2023-11-19,43,4,False,simulation
PO-SIM-0000342,S001,P0013,Toys,SUP-05,2023-11-15,2023-11-18,6,3,False,simulation
PO-SIM-0000343,S001,P0016,Groceries,SUP-04,2023-11-15,2023-11-21,16,6,False,simulation
PO-SIM-0000344,S001,P0017,Toys,SUP-05,2023-11-15,2023-11-18,56,3,False,simulation
PO-SIM-0000345,S001,P0018,Groceries,SUP-04,2023-11-15,2023-11-21,78,6,False,simulation
PO-SIM-0000346,S002,P0003,Groceries,SUP-04,2023-11-15,2023-11-21,3,6,False,simulation
PO-SIM-0000347,S002,P0010,Groceries,SUP-04,2023-11-15,2023-11-21,130,6,False,simulation
PO-SIM-0000348,S002,P0018,Clothing,SUP-01,2023-11-15,2023-11-18,72,3,False,simulation
PO-SIM-0000349,S003,P0003,Electronics,SUP-02,2023-11-15,2023-11-19,82,4,False,simulation
PO-SIM-0000350,S003,P0006,Toys,SUP-05,2023-11-15,2023-11-18,83,3,False,simulation
PO-SIM-0000351,S003,P0010,Groceries,SUP-04,2023-11-15,2023-11-21,118,6,False,simulation
PO-SIM-0000352,S003,P0011,Electronics,SUP-02,2023-11-15,2023-11-19,127,4,False,simulation
PO-SIM-0000353,S003,P0016,Electronics,SUP-02,2023-11-15,2023-11-19,71,4,False,simulation
PO-SIM-0000354,S003,P0019,Groceries,SUP-04,2023-11-15,2023-11-21,82,6,False,simulation
PO-SIM-0000355,S003,P0020,Clothing,SUP-01,2023-11-15,2023-11-18,78,3,False,simulation
PO-SIM-0000356,S004,P0002,Groceries,SUP-04,2023-11-15,2023-11-21,118,6,False,simulation
PO-SIM-0000357,S004,P0005,Clothing,SUP-01,2023-11-15,2023-11-18,40,3,False,simulation
PO-SIM-0000358,S004,P0008,Furniture,SUP-03,2023-11-15,2023-11-20,8,5,False,simulation
PO-SIM-0000359,S004,P0014,Furniture,SUP-03,2023-11-15,2023-11-20,47,5,False,simulation
PO-SIM-0000360,S004,P0017,Clothing,SUP-01,2023-11-15,2023-11-18,81,3,False,simulation
PO-SIM-0000361,S004,P0018,Furniture,SUP-03,2023-11-15,2023-11-20,83,5,False,simulation
PO-SIM-0000362,S004,P0019,Clothing,SUP-01,2023-11-15,2023-11-18,25,3,False,simulation
PO-SIM-0000363,S005,P0003,Toys,SUP-05,2023-11-15,2023-11-18,12,3,False,simulation
PO-SIM-0000364,S005,P0004,Groceries,SUP-04,2023-11-15,2023-11-21,39,6,False,simulation
PO-SIM-0000365,S005,P0008,Groceries,SUP-04,2023-11-15,2023-11-21,44,6,False,simulation
PO-SIM-0000366,S005,P0015,Groceries,SUP-04,2023-11-15,2023-11-21,23,6,False,simulation
PO-SIM-0000367,S005,P0017,Toys,SUP-05,2023-11-15,2023-11-18,24,3,False,simulation
PO-SIM-0000368,S005,P0018,Clothing,SUP-01,2023-11-15,2023-11-18,43,3,False,simulation
PO-SIM-0000369,S001,P0006,Toys,SUP-05,2023-11-16,2023-11-19,66,3,False,simulation
PO-SIM-0000370,S001,P0008,Electronics,SUP-02,2023-11-16,2023-11-20,21,4,False,simulation
PO-SIM-0000371,S001,P0012,Groceries,SUP-04,2023-11-16,2023-11-22,32,6,False,simulation
PO-SIM-0000372,S001,P0013,Toys,SUP-05,2023-11-16,2023-11-19,67,3,False,simulation
PO-SIM-0000373,S001,P0015,Toys,SUP-05,2023-11-16,2023-11-19,53,3,False,simulation
PO-SIM-0000374,S001,P0019,Furniture,SUP-03,2023-11-16,2023-11-21,18,5,False,simulation
PO-SIM-0000375,S002,P0003,Groceries,SUP-04,2023-11-16,2023-11-22,114,6,False,simulation
PO-SIM-0000376,S002,P0006,Clothing,SUP-01,2023-11-16,2023-11-19,24,3,False,simulation
PO-SIM-0000377,S002,P0008,Groceries,SUP-04,2023-11-16,2023-11-22,71,6,False,simulation
PO-SIM-0000378,S003,P0001,Toys,SUP-05,2023-11-16,2023-11-19,8,3,False,simulation
PO-SIM-0000379,S003,P0010,Groceries,SUP-04,2023-11-16,2023-11-22,22,6,False,simulation
PO-SIM-0000380,S003,P0013,Groceries,SUP-04,2023-11-16,2023-11-22,89,6,False,simulation
PO-SIM-0000381,S003,P0019,Groceries,SUP-04,2023-11-16,2023-11-22,73,6,False,simulation
PO-SIM-0000382,S004,P0003,Furniture,SUP-03,2023-11-16,2023-11-21,27,5,False,simulation
PO-SIM-0000383,S004,P0012,Electronics,SUP-02,2023-11-16,2023-11-20,35,4,False,simulation
PO-SIM-0000384,S004,P0015,Furniture,SUP-03,2023-11-16,2023-11-21,30,5,False,simulation
PO-SIM-0000385,S004,P0016,Furniture,SUP-03,2023-11-16,2023-11-21,5,5,False,simulation
PO-SIM-0000386,S004,P0018,Furniture,SUP-03,2023-11-16,2023-11-21,5,5,False,simulation
PO-SIM-0000387,S005,P0004,Groceries,SUP-04,2023-11-16,2023-11-22,70,6,False,simulation
PO-SIM-0000388,S005,P0007,Groceries,SUP-04,2023-11-16,2023-11-22,120,6,False,simulation
PO-SIM-0000389,S005,P0008,Groceries,SUP-04,2023-11-16,2023-11-22,54,6,False,simulation
PO-SIM-0000390,S005,P0017,Toys,SUP-05,2023-11-16,2023-11-19,23,3,False,simulation
PO-SIM-0000391,S005,P0019,Furniture,SUP-03,2023-11-16,2023-11-21,62,5,False,simulation
PO-SIM-0000392,S005,P0020,Toys,SUP-05,2023-11-16,2023-11-19,40,3,False,simulation
PO-SIM-0000393,S001,P0001,Electronics,SUP-02,2023-11-17,2023-11-21,28,4,False,simulation
PO-SIM-0000394,S001,P0002,Clothing,SUP-01,2023-11-17,2023-11-20,52,3,False,simulation
PO-SIM-0000395,S001,P0006,Toys,SUP-05,2023-11-17,2023-11-20,159,3,True,simulation
PO-SIM-0000396,S001,P0008,Electronics,SUP-02,2023-11-17,2023-11-21,33,4,False,simulation
PO-SIM-0000397,S001,P0013,Toys,SUP-05,2023-11-17,2023-11-20,4,3,False,simulation
PO-SIM-0000398,S001,P0015,Toys,SUP-05,2023-11-17,2023-11-20,16,3,False,simulation
PO-SIM-0000399,S002,P0006,Clothing,SUP-01,2023-11-17,2023-11-20,22,3,False,simulation
PO-SIM-0000400,S002,P0008,Groceries,SUP-04,2023-11-17,2023-11-23,7,6,False,simulation
PO-SIM-0000401,S002,P0010,Groceries,SUP-04,2023-11-17,2023-11-23,32,6,False,simulation
PO-SIM-0000402,S002,P0016,Clothing,SUP-01,2023-11-17,2023-11-20,3,3,False,simulation
PO-SIM-0000403,S002,P0018,Clothing,SUP-01,2023-11-17,2023-11-20,53,3,False,simulation
PO-SIM-0000404,S003,P0006,Toys,SUP-05,2023-11-17,2023-11-20,47,3,False,simulation
PO-SIM-0000405,S003,P0010,Groceries,SUP-04,2023-11-17,2023-11-23,59,6,False,simulation
PO-SIM-0000406,S003,P0011,Electronics,SUP-02,2023-11-17,2023-11-21,75,4,False,simulation
PO-SIM-0000407,S003,P0013,Groceries,SUP-04,2023-11-17,2023-11-23,117,6,False,simulation
PO-SIM-0000408,S003,P0015,Groceries,SUP-04,2023-11-17,2023-11-23,36,6,False,simulation
PO-SIM-0000409,S004,P0005,Clothing,SUP-01,2023-11-17,2023-11-20,44,3,False,simulation
PO-SIM-0000410,S004,P0006,Groceries,SUP-04,2023-11-17,2023-11-23,193,6,False,simulation
PO-SIM-0000411,S004,P0008,Furniture,SUP-03,2023-11-17,2023-11-22,3,5,False,simulation
PO-SIM-0000412,S004,P0012,Electronics,SUP-02,2023-11-17,2023-11-21,31,4,False,simulation
PO-SIM-0000413,S004,P0016,Furniture,SUP-03,2023-11-17,2023-11-22,122,5,False,simulation
PO-SIM-0000414,S004,P0017,Clothing,SUP-01,2023-11-17,2023-11-20,3,3,False,simulation
PO-SIM-0000415,S004,P0019,Clothing,SUP-01,2023-11-17,2023-11-20,30,3,False,simulation
PO-SIM-0000416,S004,P0020,Furniture,SUP-03,2023-11-17,2023-11-22,7,5,False,simulation
PO-SIM-0000417,S005,P0003,Toys,SUP-05,2023-11-17,2023-11-20,20,3,False,simulation
PO-SIM-0000418,S005,P0008,Groceries,SUP-04,2023-11-17,2023-11-23,33,6,False,simulation
PO-SIM-0000419,S005,P0018,Clothing,SUP-01,2023-11-17,2023-11-20,78,3,False,simulation
PO-SIM-0000420,S005,P0020,Toys,SUP-05,2023-11-17,2023-11-20,34,3,False,simulation
PO-SIM-0000421,S001,P0002,Clothing,SUP-01,2023-11-18,2023-11-21,32,3,False,simulation
PO-SIM-0000422,S001,P0008,Electronics,SUP-02,2023-11-18,2023-11-22,99,4,False,simulation
PO-SIM-0000423,S001,P0009,Clothing,SUP-01,2023-11-18,2023-11-21,53,3,True,simulation
PO-SIM-0000424,S001,P0013,Toys,SUP-05,2023-11-18,2023-11-21,24,3,False,simulation
PO-SIM-0000425,S001,P0015,Toys,SUP-05,2023-11-18,2023-11-21,33,3,False,simulation
PO-SIM-0000426,S001,P0016,Groceries,SUP-04,2023-11-18,2023-11-24,11,6,False,simulation
PO-SIM-0000427,S001,P0017,Toys,SUP-05,2023-11-18,2023-11-21,50,3,False,simulation
PO-SIM-0000428,S001,P0018,Groceries,SUP-04,2023-11-18,2023-11-24,20,6,False,simulation
PO-SIM-0000429,S001,P0019,Furniture,SUP-03,2023-11-18,2023-11-23,21,5,False,simulation
PO-SIM-0000430,S002,P0006,Clothing,SUP-01,2023-11-18,2023-11-21,74,3,False,simulation
PO-SIM-0000431,S002,P0008,Groceries,SUP-04,2023-11-18,2023-11-24,142,6,False,simulation
PO-SIM-0000432,S002,P0009,Groceries,SUP-04,2023-11-18,2023-11-24,188,6,False,simulation
PO-SIM-0000433,S002,P0010,Groceries,SUP-04,2023-11-18,2023-11-24,1,6,False,simulation
PO-SIM-0000434,S002,P0011,Groceries,SUP-04,2023-11-18,2023-11-24,118,6,False,simulation
PO-SIM-0000435,S002,P0015,Clothing,SUP-01,2023-11-18,2023-11-21,23,3,False,simulation
PO-SIM-0000436,S002,P0016,Clothing,SUP-01,2023-11-18,2023-11-21,91,3,False,simulation
PO-SIM-0000437,S002,P0018,Clothing,SUP-01,2023-11-18,2023-11-21,36,3,False,simulation
PO-SIM-0000438,S003,P0003,Electronics,SUP-02,2023-11-18,2023-11-22,150,4,False,simulation
PO-SIM-0000439,S003,P0006,Toys,SUP-05,2023-11-18,2023-11-21,40,3,False,simulation
PO-SIM-0000440,S003,P0007,Groceries,SUP-04,2023-11-18,2023-11-24,96,6,False,simulation
PO-SIM-0000441,S003,P0008,Clothing,SUP-01,2023-11-18,2023-11-21,9,3,False,simulation
PO-SIM-0000442,S003,P0009,Groceries,SUP-04,2023-11-18,2023-11-24,114,6,False,simulation
PO-SIM-0000443,S003,P0010,Groceries,SUP-04,2023-11-18,2023-11-24,66,6,False,simulation
PO-SIM-0000444,S003,P0019,Groceries,SUP-04,2023-11-18,2023-11-24,6,6,False,simulation
PO-SIM-0000445,S004,P0005,Clothing,SUP-01,2023-11-18,2023-11-21,41,3,False,simulation
PO-SIM-0000446,S004,P0007,Groceries,SUP-04,2023-11-18,2023-11-24,10,6,False,simulation
PO-SIM-0000447,S004,P0008,Furniture,SUP-03,2023-11-18,2023-11-23,47,5,False,simulation
PO-SIM-0000448,S004,P0012,Electronics,SUP-02,2023-11-18,2023-11-22,8,4,False,simulation
PO-SIM-0000449,S004,P0017,Clothing,SUP-01,2023-11-18,2023-11-21,34,3,False,simulation
PO-SIM-0000450,S004,P0018,Furniture,SUP-03,2023-11-18,2023-11-23,47,5,False,simulation
PO-SIM-0000451,S004,P0019,Clothing,SUP-01,2023-11-18,2023-11-21,83,3,False,simulation
PO-SIM-0000452,S005,P0001,Groceries,SUP-04,2023-11-18,2023-11-24,29,6,False,simulation
PO-SIM-0000453,S005,P0003,Toys,SUP-05,2023-11-18,2023-11-21,51,3,False,simulation
PO-SIM-0000454,S005,P0004,Groceries,SUP-04,2023-11-18,2023-11-24,31,6,False,simulation
PO-SIM-0000455,S005,P0008,Groceries,SUP-04,2023-11-18,2023-11-24,3,6,False,simulation
PO-SIM-0000456,S005,P0017,Toys,SUP-05,2023-11-18,2023-11-21,11,3,False,simulation
PO-SIM-0000457,S001,P0004,Electronics,SUP-02,2023-11-19,2023-11-23,3,4,False,simulation
PO-SIM-0000458,S001,P0008,Electronics,SUP-02,2023-11-19,2023-11-23,74,4,False,simulation
PO-SIM-0000459,S001,P0009,Clothing,SUP-01,2023-11-19,2023-11-22,6,3,False,simulation
PO-SIM-0000460,S001,P0013,Toys,SUP-05,2023-11-19,2023-11-22,13,3,False,simulation
PO-SIM-0000461,S001,P0015,Toys,SUP-05,2023-11-19,2023-11-22,67,3,False,simulation
PO-SIM-0000462,S001,P0016,Groceries,SUP-04,2023-11-19,2023-11-25,178,6,False,simulation
PO-SIM-0000463,S001,P0017,Toys,SUP-05,2023-11-19,2023-11-22,55,3,False,simulation
PO-SIM-0000464,S001,P0018,Groceries,SUP-04,2023-11-19,2023-11-25,53,6,False,simulation
PO-SIM-0000465,S002,P0006,Clothing,SUP-01,2023-11-19,2023-11-22,40,3,False,simulation
PO-SIM-0000466,S002,P0010,Groceries,SUP-04,2023-11-19,2023-11-25,106,6,False,simulation
PO-SIM-0000467,S002,P0011,Groceries,SUP-04,2023-11-19,2023-11-25,162,6,False,simulation
PO-SIM-0000468,S002,P0018,Clothing,SUP-01,2023-11-19,2023-11-22,10,3,False,simulation
PO-SIM-0000469,S003,P0004,Groceries,SUP-04,2023-11-19,2023-11-25,130,6,False,simulation
PO-SIM-0000470,S003,P0009,Groceries,SUP-04,2023-11-19,2023-11-25,31,6,False,simulation
PO-SIM-0000471,S003,P0010,Groceries,SUP-04,2023-11-19,2023-11-25,23,6,False,simulation
PO-SIM-0000472,S003,P0012,Furniture,SUP-03,2023-11-19,2023-11-24,123,5,False,simulation
PO-SIM-0000473,S003,P0016,Electronics,SUP-02,2023-11-19,2023-11-23,121,4,False,simulation
PO-SIM-0000474,S004,P0005,Clothing,SUP-01,2023-11-19,2023-11-22,9,3,False,simulation
PO-SIM-0000475,S004,P0007,Groceries,SUP-04,2023-11-19,2023-11-25,90,6,False,simulation
PO-SIM-0000476,S004,P0018,Furniture,SUP-03,2023-11-19,2023-11-24,14,5,False,simulation
PO-SIM-0000477,S005,P0001,Groceries,SUP-04,2023-11-19,2023-11-25,164,6,False,simulation
PO-SIM-0000478,S005,P0003,Toys,SUP-05,2023-11-19,2023-11-22,47,3,False,simulation
PO-SIM-0000479,S005,P0004,Groceries,SUP-04,2023-11-19,2023-11-25,47,6,False,simulation
PO-SIM-0000480,S005,P0008,Groceries,SUP-04,2023-11-19,2023-11-25,21,6,False,simulation
PO-SIM-0000481,S005,P0018,Clothing,SUP-01,2023-11-19,2023-11-22,121,3,False,simulation
PO-SIM-0000482,S005,P0020,Toys,SUP-05,2023-11-19,2023-11-22,5,3,False,simulation
PO-SIM-0000483,S001,P0004,Electronics,SUP-02,2023-11-20,2023-11-24,48,4,False,simulation
PO-SIM-0000484,S001,P0008,Electronics,SUP-02,2023-11-20,2023-11-24,56,4,False,simulation
PO-SIM-0000485,S001,P0009,Clothing,SUP-01,2023-11-20,2023-11-23,20,3,False,simulation
PO-SIM-0000486,S001,P0012,Groceries,SUP-04,2023-11-20,2023-11-26,17,6,False,simulation
PO-SIM-0000487,S001,P0013,Toys,SUP-05,2023-11-20,2023-11-23,70,3,False,simulation
PO-SIM-0000488,S001,P0017,Toys,SUP-05,2023-11-20,2023-11-23,27,3,False,simulation
PO-SIM-0000489,S001,P0018,Groceries,SUP-04,2023-11-20,2023-11-26,25,6,False,simulation
PO-SIM-0000490,S002,P0006,Clothing,SUP-01,2023-11-20,2023-11-23,31,3,False,simulation
PO-SIM-0000491,S002,P0008,Groceries,SUP-04,2023-11-20,2023-11-26,96,6,False,simulation
PO-SIM-0000492,S002,P0010,Groceries,SUP-04,2023-11-20,2023-11-26,107,6,False,simulation
PO-SIM-0000493,S002,P0016,Clothing,SUP-01,2023-11-20,2023-11-23,1,3,False,simulation
PO-SIM-0000494,S003,P0006,Toys,SUP-05,2023-11-20,2023-11-23,32,3,False,simulation
PO-SIM-0000495,S003,P0008,Clothing,SUP-01,2023-11-20,2023-11-23,14,3,False,simulation
PO-SIM-0000496,S004,P0005,Clothing,SUP-01,2023-11-20,2023-11-23,34,3,False,simulation
PO-SIM-0000497,S004,P0006,Groceries,SUP-04,2023-11-20,2023-11-26,6,6,False,simulation
PO-SIM-0000498,S004,P0018,Furniture,SUP-03,2023-11-20,2023-11-25,25,5,False,simulation
PO-SIM-0000499,S005,P0005,Groceries,SUP-04,2023-11-20,2023-11-26,93,6,False,simulation
PO-SIM-0000500,S005,P0010,Groceries,SUP-04,2023-11-20,2023-11-26,14,6,False,simulation
PO-SIM-0000501,S005,P0020,Toys,SUP-05,2023-11-20,2023-11-23,38,3,False,simulation
PO-SIM-0000502,S001,P0002,Clothing,SUP-01,2023-11-21,2023-11-24,35,3,False,simulation
PO-SIM-0000503,S001,P0003,Clothing,SUP-01,2023-11-21,2023-11-24,69,3,False,simulation
PO-SIM-0000504,S001,P0008,Electronics,SUP-02,2023-11-21,2023-11-25,42,4,False,simulation
PO-SIM-0000505,S001,P0009,Clothing,SUP-01,2023-11-21,2023-11-24,38,3,False,simulation
PO-SIM-0000506,S001,P0013,Toys,SUP-05,2023-11-21,2023-11-24,66,3,False,simulation
PO-SIM-0000507,S001,P0015,Toys,SUP-05,2023-11-21,2023-11-24,38,3,False,simulation
PO-SIM-0000508,S001,P0017,Toys,SUP-05,2023-11-21,2023-11-24,46,3,False,simulation
PO-SIM-0000509,S001,P0018,Groceries,SUP-04,2023-11-21,2023-11-27,9,6,False,simulation
PO-SIM-0000510,S002,P0001,Groceries,SUP-04,2023-11-21,2023-11-27,78,6,False,simulation
PO-SIM-0000511,S002,P0008,Groceries,SUP-04,2023-11-21,2023-11-27,62,6,False,simulation
PO-SIM-0000512,S003,P0003,Electronics,SUP-02,2023-11-21,2023-11-25,32,4,False,simulation
PO-SIM-0000513,S003,P0006,Toys,SUP-05,2023-11-21,2023-11-24,56,3,False,simulation
PO-SIM-0000514,S003,P0009,Groceries,SUP-04,2023-11-21,2023-11-27,115,6,False,simulation
PO-SIM-0000515,S003,P0010,Groceries,SUP-04,2023-11-21,2023-11-27,40,6,False,simulation
PO-SIM-0000516,S003,P0015,Groceries,SUP-04,2023-11-21,2023-11-27,65,6,False,simulation
PO-SIM-0000517,S003,P0019,Groceries,SUP-04,2023-11-21,2023-11-27,18,6,False,simulation
PO-SIM-0000518,S004,P0012,Electronics,SUP-02,2023-11-21,2023-11-25,6,4,False,simulation
PO-SIM-0000519,S005,P0004,Groceries,SUP-04,2023-11-21,2023-11-27,11,6,True,simulation
PO-SIM-0000520,S005,P0008,Groceries,SUP-04,2023-11-21,2023-11-27,25,6,False,simulation
PO-SIM-0000521,S005,P0010,Groceries,SUP-04,2023-11-21,2023-11-27,111,6,False,simulation
PO-SIM-0000522,S005,P0015,Groceries,SUP-04,2023-11-21,2023-11-27,7,6,False,simulation
PO-SIM-0000523,S005,P0020,Toys,SUP-05,2023-11-21,2023-11-24,89,3,False,simulation
PO-SIM-0000524,S001,P0008,Electronics,SUP-02,2023-11-22,2023-11-26,21,4,False,simulation
PO-SIM-0000525,S001,P0009,Clothing,SUP-01,2023-11-22,2023-11-25,40,3,False,simulation
PO-SIM-0000526,S001,P0010,Furniture,SUP-03,2023-11-22,2023-11-27,22,5,False,simulation
PO-SIM-0000527,S001,P0013,Toys,SUP-05,2023-11-22,2023-11-25,15,3,False,simulation
PO-SIM-0000528,S001,P0015,Toys,SUP-05,2023-11-22,2023-11-25,14,3,False,simulation
PO-SIM-0000529,S001,P0017,Toys,SUP-05,2023-11-22,2023-11-25,27,3,False,simulation
PO-SIM-0000530,S001,P0018,Groceries,SUP-04,2023-11-22,2023-11-28,52,6,False,simulation
PO-SIM-0000531,S001,P0019,Furniture,SUP-03,2023-11-22,2023-11-27,33,5,False,simulation
PO-SIM-0000532,S002,P0004,Groceries,SUP-04,2023-11-22,2023-11-28,38,6,False,simulation
PO-SIM-0000533,S002,P0006,Clothing,SUP-01,2023-11-22,2023-11-25,87,3,False,simulation
PO-SIM-0000534,S002,P0008,Groceries,SUP-04,2023-11-22,2023-11-28,61,6,False,simulation
PO-SIM-0000535,S002,P0010,Groceries,SUP-04,2023-11-22,2023-11-28,140,6,True,simulation
PO-SIM-0000536,S002,P0017,Toys,SUP-05,2023-11-22,2023-11-25,56,3,False,simulation
PO-SIM-0000537,S003,P0003,Electronics,SUP-02,2023-11-22,2023-11-26,35,4,False,simulation
PO-SIM-0000538,S003,P0006,Toys,SUP-05,2023-11-22,2023-11-25,57,3,False,simulation
PO-SIM-0000539,S003,P0007,Groceries,SUP-04,2023-11-22,2023-11-28,142,6,False,simulation
PO-SIM-0000540,S003,P0009,Groceries,SUP-04,2023-11-22,2023-11-28,54,6,False,simulation
PO-SIM-0000541,S003,P0010,Groceries,SUP-04,2023-11-22,2023-11-28,85,6,False,simulation
PO-SIM-0000542,S003,P0019,Groceries,SUP-04,2023-11-22,2023-11-28,41,6,False,simulation
PO-SIM-0000543,S004,P0002,Groceries,SUP-04,2023-11-22,2023-11-28,57,6,False,simulation
PO-SIM-0000544,S004,P0006,Groceries,SUP-04,2023-11-22,2023-11-28,35,6,False,simulation
PO-SIM-0000545,S004,P0012,Electronics,SUP-02,2023-11-22,2023-11-26,29,4,False,simulation
PO-SIM-0000546,S004,P0014,Furniture,SUP-03,2023-11-22,2023-11-27,69,5,False,simulation
PO-SIM-0000547,S004,P0018,Furniture,SUP-03,2023-11-22,2023-11-27,17,5,False,simulation
PO-SIM-0000548,S005,P0003,Toys,SUP-05,2023-11-22,2023-11-25,19,3,False,simulation
PO-SIM-0000549,S005,P0008,Groceries,SUP-04,2023-11-22,2023-11-28,8,6,False,simulation
PO-SIM-0000550,S005,P0015,Groceries,SUP-04,2023-11-22,2023-11-28,189,6,False,simulation
PO-SIM-0000551,S005,P0017,Toys,SUP-05,2023-11-22,2023-11-25,82,3,False,simulation
PO-SIM-0000552,S005,P0020,Toys,SUP-05,2023-11-22,2023-11-25,4,3,False,simulation
PO-SIM-0000553,S001,P0002,Clothing,SUP-01,2023-11-23,2023-11-26,24,3,False,simulation
PO-SIM-0000554,S001,P0006,Toys,SUP-05,2023-11-23,2023-11-26,71,3,False,simulation
PO-SIM-0000555,S001,P0013,Toys,SUP-05,2023-11-23,2023-11-26,22,3,False,simulation
PO-SIM-0000556,S001,P0015,Toys,SUP-05,2023-11-23,2023-11-26,51,3,False,simulation
PO-SIM-0000557,S001,P0017,Toys,SUP-05,2023-11-23,2023-11-26,66,3,False,simulation
PO-SIM-0000558,S002,P0002,Toys,SUP-05,2023-11-23,2023-11-26,13,3,False,simulation
PO-SIM-0000559,S002,P0003,Groceries,SUP-04,2023-11-23,2023-11-29,31,6,False,simulation
PO-SIM-0000560,S002,P0008,Groceries,SUP-04,2023-11-23,2023-11-29,78,6,False,simulation
PO-SIM-0000561,S002,P0010,Groceries,SUP-04,2023-11-23,2023-11-29,43,6,False,simulation
PO-SIM-0000562,S002,P0015,Clothing,SUP-01,2023-11-23,2023-11-26,70,3,False,simulation
PO-SIM-0000563,S002,P0018,Clothing,SUP-01,2023-11-23,2023-11-26,39,3,False,simulation
PO-SIM-0000564,S003,P0003,Electronics,SUP-02,2023-11-23,2023-11-27,13,4,False,simulation
PO-SIM-0000565,S003,P0004,Groceries,SUP-04,2023-11-23,2023-11-29,52,6,False,simulation
PO-SIM-0000566,S003,P0008,Clothing,SUP-01,2023-11-23,2023-11-26,31,3,False,simulation
PO-SIM-0000567,S003,P0009,Groceries,SUP-04,2023-11-23,2023-11-29,18,6,False,simulation
PO-SIM-0000568,S003,P0010,Groceries,SUP-04,2023-11-23,2023-11-29,8,6,False,simulation
PO-SIM-0000569,S003,P0016,Electronics,SUP-02,2023-11-23,2023-11-27,37,4,False,simulation
PO-SIM-0000570,S003,P0017,Furniture,SUP-03,2023-11-23,2023-11-28,84,5,False,simulation
PO-SIM-0000571,S004,P0002,Groceries,SUP-04,2023-11-23,2023-11-29,131,6,False,simulation
PO-SIM-0000572,S004,P0004,Groceries,SUP-04,2023-11-23,2023-11-29,81,6,False,simulation
PO-SIM-0000573,S004,P0005,Clothing,SUP-01,2023-11-23,2023-11-26,108,3,False,simulation
PO-SIM-0000574,S004,P0012,Electronics,SUP-02,2023-11-23,2023-11-27,43,4,False,simulation
PO-SIM-0000575,S004,P0015,Furniture,SUP-03,2023-11-23,2023-11-28,17,5,False,simulation
PO-SIM-0000576,S005,P0003,Toys,SUP-05,2023-11-23,2023-11-26,48,3,False,simulation
PO-SIM-0000577,S005,P0004,Groceries,SUP-04,2023-11-23,2023-11-29,89,6,False,simulation
PO-SIM-0000578,S005,P0008,Groceries,SUP-04,2023-11-23,2023-11-29,76,6,False,simulation
PO-SIM-0000579,S005,P0017,Toys,SUP-05,2023-11-23,2023-11-26,10,3,False,simulation
PO-SIM-0000580,S005,P0018,Clothing,SUP-01,2023-11-23,2023-11-26,115,3,False,simulation
PO-SIM-0000581,S001,P0002,Clothing,SUP-01,2023-11-24,2023-11-27,23,3,False,simulation
PO-SIM-0000582,S001,P0008,Electronics,SUP-02,2023-11-24,2023-11-28,77,4,False,simulation
PO-SIM-0000583,S001,P0014,Groceries,SUP-04,2023-11-24,2023-11-30,8,6,False,simulation
PO-SIM-0000584,S001,P0017,Toys,SUP-05,2023-11-24,2023-11-27,64,3,False,simulation
PO-SIM-0000585,S001,P0018,Groceries,SUP-04,2023-11-24,2023-11-30,35,6,False,simulation
PO-SIM-0000586,S002,P0006,Clothing,SUP-01,2023-11-24,2023-11-27,52,3,False,simulation
PO-SIM-0000587,S002,P0008,Groceries,SUP-04,2023-11-24,2023-11-30,56,6,False,simulation
PO-SIM-0000588,S002,P0015,Clothing,SUP-01,2023-11-24,2023-11-27,105,3,False,simulation
PO-SIM-0000589,S002,P0018,Clothing,SUP-01,2023-11-24,2023-11-27,4,3,False,simulation
PO-SIM-0000590,S003,P0010,Groceries,SUP-04,2023-11-24,2023-11-30,38,6,False,simulation
PO-SIM-0000591,S003,P0019,Groceries,SUP-04,2023-11-24,2023-11-30,42,6,False,simulation
PO-SIM-0000592,S004,P0004,Groceries,SUP-04,2023-11-24,2023-11-30,188,6,False,simulation
PO-SIM-0000593,S004,P0008,Furniture,SUP-03,2023-11-24,2023-11-29,58,5,False,simulation
PO-SIM-0000594,S004,P0012,Electronics,SUP-02,2023-11-24,2023-11-28,5,4,False,simulation
PO-SIM-0000595,S004,P0017,Clothing,SUP-01,2023-11-24,2023-11-27,29,3,True,simulation
PO-SIM-0000596,S004,P0019,Clothing,SUP-01,2023-11-24,2023-11-27,77,3,False,simulation
PO-SIM-0000597,S004,P0020,Furniture,SUP-03,2023-11-24,2023-11-29,1,5,False,simulation
PO-SIM-0000598,S005,P0003,Toys,SUP-05,2023-11-24,2023-11-27,30,3,False,simulation
PO-SIM-0000599,S005,P0004,Groceries,SUP-04,2023-11-24,2023-11-30,86,6,False,simulation
PO-SIM-0000600,S005,P0008,Groceries,SUP-04,2023-11-24,2023-11-30,127,6,False,simulation
PO-SIM-0000601,S001,P0002,Clothing,SUP-01,2023-11-25,2023-11-28,26,3,False,simulation
PO-SIM-0000602,S001,P0011,Furniture,SUP-03,2023-11-25,2023-11-30,26,5,False,simulation
PO-SIM-0000603,S001,P0013,Toys,SUP-05,2023-11-25,2023-11-28,49,3,False,simulation
PO-SIM-0000604,S001,P0014,Groceries,SUP-04,2023-11-25,2023-12-01,151,6,False,simulation
PO-SIM-0000605,S001,P0018,Groceries,SUP-04,2023-11-25,2023-12-01,67,6,False,simulation
PO-SIM-0000606,S002,P0002,Toys,SUP-05,2023-11-25,2023-11-28,8,3,False,simulation
PO-SIM-0000607,S002,P0006,Clothing,SUP-01,2023-11-25,2023-11-28,55,3,False,simulation
PO-SIM-0000608,S002,P0007,Toys,SUP-05,2023-11-25,2023-11-28,51,3,False,simulation
PO-SIM-0000609,S002,P0008,Groceries,SUP-04,2023-11-25,2023-12-01,63,6,False,simulation
PO-SIM-0000610,S002,P0009,Groceries,SUP-04,2023-11-25,2023-12-01,41,6,False,simulation
PO-SIM-0000611,S002,P0010,Groceries,SUP-04,2023-11-25,2023-12-01,44,6,False,simulation
PO-SIM-0000612,S002,P0018,Clothing,SUP-01,2023-11-25,2023-11-28,64,3,False,simulation
PO-SIM-0000613,S003,P0001,Toys,SUP-05,2023-11-25,2023-11-28,37,3,False,simulation
PO-SIM-0000614,S003,P0009,Groceries,SUP-04,2023-11-25,2023-12-01,62,6,False,simulation
PO-SIM-0000615,S003,P0010,Groceries,SUP-04,2023-11-25,2023-12-01,45,6,False,simulation
PO-SIM-0000616,S003,P0016,Electronics,SUP-02,2023-11-25,2023-11-29,6,4,False,simulation
PO-SIM-0000617,S003,P0019,Groceries,SUP-04,2023-11-25,2023-12-01,57,6,False,simulation
PO-SIM-0000618,S004,P0006,Groceries,SUP-04,2023-11-25,2023-12-01,21,6,False,simulation
PO-SIM-0000619,S004,P0018,Furniture,SUP-03,2023-11-25,2023-11-30,70,5,False,simulation
PO-SIM-0000620,S004,P0020,Furniture,SUP-03,2023-11-25,2023-11-30,71,5,False,simulation
PO-SIM-0000621,S005,P0001,Groceries,SUP-04,2023-11-25,2023-12-01,1,6,False,simulation
PO-SIM-0000622,S005,P0003,Toys,SUP-05,2023-11-25,2023-11-28,14,3,False,simulation
PO-SIM-0000623,S005,P0005,Groceries,SUP-04,2023-11-25,2023-12-01,10,6,False,simulation
PO-SIM-0000624,S005,P0009,Groceries,SUP-04,2023-11-25,2023-12-01,124,6,False,simulation
PO-SIM-0000625,S005,P0018,Clothing,SUP-01,2023-11-25,2023-11-28,56,3,False,simulation
PO-SIM-0000626,S005,P0020,Toys,SUP-05,2023-11-25,2023-11-28,15,3,False,simulation
PO-SIM-0000627,S001,P0001,Electronics,SUP-02,2023-11-26,2023-11-30,90,4,False,simulation
PO-SIM-0000628,S001,P0002,Clothing,SUP-01,2023-11-26,2023-11-29,52,3,False,simulation
PO-SIM-0000629,S001,P0004,Electronics,SUP-02,2023-11-26,2023-11-30,20,4,False,simulation
PO-SIM-0000630,S001,P0013,Toys,SUP-05,2023-11-26,2023-11-29,39,3,False,simulation
PO-SIM-0000631,S001,P0015,Toys,SUP-05,2023-11-26,2023-11-29,86,3,False,simulation
PO-SIM-0000632,S001,P0017,Toys,SUP-05,2023-11-26,2023-11-29,101,3,False,simulation
PO-SIM-0000633,S001,P0019,Furniture,SUP-03,2023-11-26,2023-12-01,32,5,False,simulation
PO-SIM-0000634,S002,P0002,Toys,SUP-05,2023-11-26,2023-11-29,6,3,False,simulation
PO-SIM-0000635,S002,P0008,Groceries,SUP-04,2023-11-26,2023-12-02,10,6,False,simulation
PO-SIM-0000636,S002,P0018,Clothing,SUP-01,2023-11-26,2023-11-29,11,3,False,simulation
PO-SIM-0000637,S003,P0004,Groceries,SUP-04,2023-11-26,2023-12-02,95,6,False,simulation
PO-SIM-0000638,S003,P0010,Groceries,SUP-04,2023-11-26,2023-12-02,9,6,False,simulation
PO-SIM-0000639,S003,P0019,Groceries,SUP-04,2023-11-26,2023-12-02,60,6,False,simulation
PO-SIM-0000640,S004,P0011,Clothing,SUP-01,2023-11-26,2023-11-29,66,3,False,simulation
PO-SIM-0000641,S004,P0012,Electronics,SUP-02,2023-11-26,2023-11-30,47,4,False,simulation
PO-SIM-0000642,S004,P0016,Furniture,SUP-03,2023-11-26,2023-12-01,13,5,False,simulation
PO-SIM-0000643,S004,P0017,Clothing,SUP-01,2023-11-26,2023-11-29,64,3,False,simulation
PO-SIM-0000644,S004,P0019,Clothing,SUP-01,2023-11-26,2023-11-29,55,3,False,simulation
PO-SIM-0000645,S004,P0020,Furniture,SUP-03,2023-11-26,2023-12-01,37,5,False,simulation
PO-SIM-0000646,S005,P0002,Electronics,SUP-02,2023-11-26,2023-11-30,45,4,False,simulation
PO-SIM-0000647,S005,P0004,Groceries,SUP-04,2023-11-26,2023-12-02,6,6,True,simulation
PO-SIM-0000648,S005,P0017,Toys,SUP-05,2023-11-26,2023-11-29,24,3,False,simulation
PO-SIM-0000649,S005,P0018,Clothing,SUP-01,2023-11-26,2023-11-29,37,3,False,simulation
PO-SIM-0000650,S005,P0020,Toys,SUP-05,2023-11-26,2023-11-29,48,3,False,simulation
PO-SIM-0000651,S001,P0002,Clothing,SUP-01,2023-11-27,2023-11-30,18,3,False,simulation
PO-SIM-0000652,S001,P0008,Electronics,SUP-02,2023-11-27,2023-12-01,52,4,False,simulation
PO-SIM-0000653,S001,P0009,Clothing,SUP-01,2023-11-27,2023-11-30,63,3,False,simulation
PO-SIM-0000654,S001,P0013,Toys,SUP-05,2023-11-27,2023-11-30,56,3,False,simulation
PO-SIM-0000655,S001,P0015,Toys,SUP-05,2023-11-27,2023-11-30,25,3,False,simulation
PO-SIM-0000656,S001,P0019,Furniture,SUP-03,2023-11-27,2023-12-02,10,5,False,simulation
PO-SIM-0000657,S002,P0003,Groceries,SUP-04,2023-11-27,2023-12-03,137,6,False,simulation
PO-SIM-0000658,S002,P0006,Clothing,SUP-01,2023-11-27,2023-11-30,93,3,False,simulation
PO-SIM-0000659,S002,P0010,Groceries,SUP-04,2023-11-27,2023-12-03,60,6,False,simulation
PO-SIM-0000660,S002,P0016,Clothing,SUP-01,2023-11-27,2023-11-30,68,3,False,simulation
PO-SIM-0000661,S002,P0018,Clothing,SUP-01,2023-11-27,2023-11-30,6,3,False,simulation
PO-SIM-0000662,S002,P0020,Furniture,SUP-03,2023-11-27,2023-12-02,34,5,False,simulation
PO-SIM-0000663,S003,P0001,Toys,SUP-05,2023-11-27,2023-11-30,8,3,False,simulation
PO-SIM-0000664,S003,P0003,Electronics,SUP-02,2023-11-27,2023-12-01,34,4,False,simulation
PO-SIM-0000665,S003,P0006,Toys,SUP-05,2023-11-27,2023-11-30,54,3,False,simulation
PO-SIM-0000666,S003,P0009,Groceries,SUP-04,2023-11-27,2023-12-03,46,6,False,simulation
PO-SIM-0000667,S003,P0010,Groceries,SUP-04,2023-11-27,2023-12-03,73,6,False,simulation
PO-SIM-0000668,S004,P0012,Electronics,SUP-02,2023-11-27,2023-12-01,66,4,False,simulation
PO-SIM-0000669,S004,P0016,Furniture,SUP-03,2023-11-27,2023-12-02,94,5,False,simulation
PO-SIM-0000670,S004,P0019,Clothing,SUP-01,2023-11-27,2023-11-30,24,3,False,simulation
PO-SIM-0000671,S005,P0003,Toys,SUP-05,2023-11-27,2023-11-30,78,3,False,simulation
PO-SIM-0000672,S005,P0008,Groceries,SUP-04,2023-11-27,2023-12-03,76,6,False,simulation
PO-SIM-0000673,S005,P0009,Groceries,SUP-04,2023-11-27,2023-12-03,27,6,False,simulation
PO-SIM-0000674,S005,P0018,Clothing,SUP-01,2023-11-27,2023-11-30,21,3,False,simulation
PO-SIM-0000675,S005,P0019,Furniture,SUP-03,2023-11-27,2023-12-02,54,5,False,simulation
PO-SIM-0000676,S005,P0020,Toys,SUP-05,2023-11-27,2023-11-30,38,3,False,simulation
PO-SIM-0000677,S001,P0004,Electronics,SUP-02,2023-11-28,2023-12-02,63,4,False,simulation
PO-SIM-0000678,S001,P0006,Toys,SUP-05,2023-11-28,2023-12-01,17,3,False,simulation
PO-SIM-0000679,S001,P0008,Electronics,SUP-02,2023-11-28,2023-12-02,21,4,False,simulation
PO-SIM-0000680,S001,P0013,Toys,SUP-05,2023-11-28,2023-12-01,7,3,False,simulation
PO-SIM-0000681,S001,P0017,Toys,SUP-05,2023-11-28,2023-12-01,29,3,False,simulation
PO-SIM-0000682,S001,P0020,Furniture,SUP-03,2023-11-28,2023-12-03,46,5,False,simulation
PO-SIM-0000683,S002,P0010,Groceries,SUP-04,2023-11-28,2023-12-04,59,6,True,simulation
PO-SIM-0000684,S002,P0018,Clothing,SUP-01,2023-11-28,2023-12-01,60,3,False,simulation
PO-SIM-0000685,S003,P0006,Toys,SUP-05,2023-11-28,2023-12-01,58,3,False,simulation
PO-SIM-0000686,S003,P0009,Groceries,SUP-04,2023-11-28,2023-12-04,72,6,False,simulation
PO-SIM-0000687,S003,P0019,Groceries,SUP-04,2023-11-28,2023-12-04,51,6,False,simulation
PO-SIM-0000688,S003,P0020,Clothing,SUP-01,2023-11-28,2023-12-01,22,3,False,simulation
PO-SIM-0000689,S004,P0008,Furniture,SUP-03,2023-11-28,2023-12-03,7,5,False,simulation
PO-SIM-0000690,S004,P0009,Clothing,SUP-01,2023-11-28,2023-12-01,1,3,False,simulation
PO-SIM-0000691,S004,P0012,Electronics,SUP-02,2023-11-28,2023-12-02,26,4,False,simulation
PO-SIM-0000692,S004,P0014,Furniture,SUP-03,2023-11-28,2023-12-03,21,5,False,simulation
PO-SIM-0000693,S004,P0019,Clothing,SUP-01,2023-11-28,2023-12-01,1,3,False,simulation
PO-SIM-0000694,S005,P0001,Groceries,SUP-04,2023-11-28,2023-12-04,60,6,False,simulation
PO-SIM-0000695,S005,P0005,Groceries,SUP-04,2023-11-28,2023-12-04,32,6,False,simulation
PO-SIM-0000696,S005,P0010,Groceries,SUP-04,2023-11-28,2023-12-04,24,6,False,simulation
PO-SIM-0000697,S005,P0013,Groceries,SUP-04,2023-11-28,2023-12-04,61,6,False,simulation
PO-SIM-0000698,S005,P0015,Groceries,SUP-04,2023-11-28,2023-12-04,30,6,False,simulation
PO-SIM-0000699,S005,P0016,Toys,SUP-05,2023-11-28,2023-12-01,28,3,False,simulation
PO-SIM-0000700,S005,P0017,Toys,SUP-05,2023-11-28,2023-12-01,14,3,False,simulation
PO-SIM-0000701,S005,P0020,Toys,SUP-05,2023-11-28,2023-12-01,57,3,False,simulation
PO-SIM-0000702,S001,P0002,Clothing,SUP-01,2023-11-29,2023-12-02,20,3,False,simulation
PO-SIM-0000703,S001,P0015,Toys,SUP-05,2023-11-29,2023-12-02,33,3,False,simulation
PO-SIM-0000704,S002,P0006,Clothing,SUP-01,2023-11-29,2023-12-02,16,3,False,simulation
PO-SIM-0000705,S002,P0010,Groceries,SUP-04,2023-11-29,2023-12-05,25,6,False,simulation
PO-SIM-0000706,S002,P0018,Clothing,SUP-01,2023-11-29,2023-12-02,19,3,False,simulation
PO-SIM-0000707,S003,P0006,Toys,SUP-05,2023-11-29,2023-12-02,22,3,False,simulation
PO-SIM-0000708,S003,P0009,Groceries,SUP-04,2023-11-29,2023-12-05,11,6,False,simulation
PO-SIM-0000709,S003,P0013,Groceries,SUP-04,2023-11-29,2023-12-05,59,6,False,simulation
PO-SIM-0000710,S004,P0008,Furniture,SUP-03,2023-11-29,2023-12-04,66,5,False,simulation
PO-SIM-0000711,S004,P0012,Electronics,SUP-02,2023-11-29,2023-12-03,74,4,False,simulation
PO-SIM-0000712,S004,P0020,Furniture,SUP-03,2023-11-29,2023-12-04,2,5,False,simulation
PO-SIM-0000713,S005,P0002,Electronics,SUP-02,2023-11-29,2023-12-03,38,4,False,simulation
PO-SIM-0000714,S005,P0006,Groceries,SUP-04,2023-11-29,2023-12-05,97,6,False,simulation
PO-SIM-0000715,S005,P0008,Groceries,SUP-04,2023-11-29,2023-12-05,28,6,False,simulation
PO-SIM-0000716,S005,P0014,Furniture,SUP-03,2023-11-29,2023-12-04,27,5,False,simulation
PO-SIM-0000717,S005,P0017,Toys,SUP-05,2023-11-29,2023-12-02,42,3,False,simulation
PO-SIM-0000718,S005,P0020,Toys,SUP-05,2023-11-29,2023-12-02,46,3,False,simulation
PO-SIM-0000719,S001,P0002,Clothing,SUP-01,2023-11-30,2023-12-03,65,3,False,simulation
PO-SIM-0000720,S001,P0008,Electronics,SUP-02,2023-11-30,2023-12-04,79,4,False,simulation
PO-SIM-0000721,S001,P0017,Toys,SUP-05,2023-11-30,2023-12-03,34,3,False,simulation
PO-SIM-0000722,S001,P0018,Groceries,SUP-04,2023-11-30,2023-12-06,3,6,False,simulation
PO-SIM-0000723,S002,P0006,Clothing,SUP-01,2023-11-30,2023-12-03,32,3,False,simulation
PO-SIM-0000724,S002,P0008,Groceries,SUP-04,2023-11-30,2023-12-06,17,6,False,simulation
PO-SIM-0000725,S002,P0010,Groceries,SUP-04,2023-11-30,2023-12-06,65,6,False,simulation
PO-SIM-0000726,S002,P0018,Clothing,SUP-01,2023-11-30,2023-12-03,38,3,False,simulation
PO-SIM-0000727,S003,P0001,Toys,SUP-05,2023-11-30,2023-12-03,4,3,False,simulation
PO-SIM-0000728,S003,P0006,Toys,SUP-05,2023-11-30,2023-12-03,33,3,False,simulation
PO-SIM-0000729,S003,P0010,Groceries,SUP-04,2023-11-30,2023-12-06,42,6,False,simulation
PO-SIM-0000730,S003,P0011,Electronics,SUP-02,2023-11-30,2023-12-04,52,4,False,simulation
PO-SIM-0000731,S003,P0013,Groceries,SUP-04,2023-11-30,2023-12-06,133,6,False,simulation
PO-SIM-0000732,S003,P0019,Groceries,SUP-04,2023-11-30,2023-12-06,33,6,False,simulation
PO-SIM-0000733,S004,P0002,Groceries,SUP-04,2023-11-30,2023-12-06,26,6,False,simulation
PO-SIM-0000734,S004,P0010,Groceries,SUP-04,2023-11-30,2023-12-06,43,6,False,simulation
PO-SIM-0000735,S004,P0012,Electronics,SUP-02,2023-11-30,2023-12-04,10,4,False,simulation
PO-SIM-0000736,S004,P0018,Furniture,SUP-03,2023-11-30,2023-12-05,14,5,False,simulation
PO-SIM-0000737,S005,P0006,Groceries,SUP-04,2023-11-30,2023-12-06,160,6,False,simulation
PO-SIM-0000738,S005,P0017,Toys,SUP-05,2023-11-30,2023-12-03,38,3,False,simulation
PO-SIM-0000739,S005,P0018,Clothing,SUP-01,2023-11-30,2023-12-03,94,3,False,simulation
PO-SIM-0000740,S005,P0020,Toys,SUP-05,2023-11-30,2023-12-03,39,3,False,simulation
PO-SIM-0000741,S001,P0002,Clothing,SUP-01,2023-12-01,2023-12-04,3,3,True,simulation
PO-SIM-0000742,S001,P0008,Electronics,SUP-02,2023-12-01,2023-12-05,11,4,False,simulation
PO-SIM-0000743,S001,P0013,Toys,SUP-05,2023-12-01,2023-12-04,95,3,False,simulation
PO-SIM-0000744,S001,P0015,Toys,SUP-05,2023-12-01,2023-12-04,4,3,True,simulation
PO-SIM-0000745,S001,P0018,Groceries,SUP-04,2023-12-01,2023-12-07,76,6,False,simulation
PO-SIM-0000746,S002,P0001,Groceries,SUP-04,2023-12-01,2023-12-07,17,6,False,simulation
PO-SIM-0000747,S002,P0006,Clothing,SUP-01,2023-12-01,2023-12-04,49,3,False,simulation
PO-SIM-0000748,S002,P0009,Groceries,SUP-04,2023-12-01,2023-12-07,6,6,False,simulation
PO-SIM-0000749,S002,P0010,Groceries,SUP-04,2023-12-01,2023-12-07,48,6,False,simulation
PO-SIM-0000750,S002,P0011,Groceries,SUP-04,2023-12-01,2023-12-07,18,6,False,simulation
PO-SIM-0000751,S002,P0016,Clothing,SUP-01,2023-12-01,2023-12-04,40,3,False,simulation
PO-SIM-0000752,S002,P0018,Clothing,SUP-01,2023-12-01,2023-12-04,25,3,False,simulation
PO-SIM-0000753,S003,P0001,Toys,SUP-05,2023-12-01,2023-12-04,148,3,False,simulation
PO-SIM-0000754,S003,P0003,Electronics,SUP-02,2023-12-01,2023-12-05,101,4,False,simulation
PO-SIM-0000755,S003,P0006,Toys,SUP-05,2023-12-01,2023-12-04,34,3,False,simulation
PO-SIM-0000756,S003,P0009,Groceries,SUP-04,2023-12-01,2023-12-07,94,6,False,simulation
PO-SIM-0000757,S003,P0010,Groceries,SUP-04,2023-12-01,2023-12-07,32,6,False,simulation
PO-SIM-0000758,S003,P0019,Groceries,SUP-04,2023-12-01,2023-12-07,50,6,False,simulation
PO-SIM-0000759,S004,P0005,Clothing,SUP-01,2023-12-01,2023-12-04,39,3,False,simulation
PO-SIM-0000760,S004,P0008,Furniture,SUP-03,2023-12-01,2023-12-06,22,5,False,simulation
PO-SIM-0000761,S004,P0010,Groceries,SUP-04,2023-12-01,2023-12-07,125,6,False,simulation
PO-SIM-0000762,S004,P0017,Clothing,SUP-01,2023-12-01,2023-12-04,23,3,False,simulation
PO-SIM-0000763,S004,P0020,Furniture,SUP-03,2023-12-01,2023-12-06,14,5,False,simulation
PO-SIM-0000764,S005,P0001,Groceries,SUP-04,2023-12-01,2023-12-07,43,6,False,simulation
PO-SIM-0000765,S005,P0003,Toys,SUP-05,2023-12-01,2023-12-04,40,3,False,simulation
PO-SIM-0000766,S005,P0004,Groceries,SUP-04,2023-12-01,2023-12-07,29,6,True,simulation
PO-SIM-0000767,S005,P0008,Groceries,SUP-04,2023-12-01,2023-12-07,93,6,False,simulation
PO-SIM-0000768,S005,P0009,Groceries,SUP-04,2023-12-01,2023-12-07,158,6,False,simulation
PO-SIM-0000769,S005,P0013,Groceries,SUP-04,2023-12-01,2023-12-07,142,6,False,simulation
PO-SIM-0000770,S005,P0017,Toys,SUP-05,2023-12-01,2023-12-04,34,3,False,simulation
PO-SIM-0000771,S005,P0018,Clothing,SUP-01,2023-12-01,2023-12-04,77,3,False,simulation
PO-SIM-0000772,S005,P0020,Toys,SUP-05,2023-12-01,2023-12-04,30,3,False,simulation
PO-SIM-0000773,S001,P0008,Electronics,SUP-02,2023-12-02,2023-12-06,56,4,False,simulation
PO-SIM-0000774,S001,P0009,Clothing,SUP-01,2023-12-02,2023-12-05,13,3,False,simulation
PO-SIM-0000775,S001,P0011,Furniture,SUP-03,2023-12-02,2023-12-07,28,5,True,simulation
PO-SIM-0000776,S001,P0013,Toys,SUP-05,2023-12-02,2023-12-05,106,3,False,simulation
PO-SIM-0000777,S001,P0015,Toys,SUP-05,2023-12-02,2023-12-05,22,3,False,simulation
PO-SIM-0000778,S001,P0017,Toys,SUP-05,2023-12-02,2023-12-05,20,3,False,simulation
PO-SIM-0000779,S001,P0018,Groceries,SUP-04,2023-12-02,2023-12-08,32,6,False,simulation
PO-SIM-0000780,S001,P0019,Furniture,SUP-03,2023-12-02,2023-12-07,10,5,False,simulation
PO-SIM-0000781,S002,P0006,Clothing,SUP-01,2023-12-02,2023-12-05,39,3,False,simulation
PO-SIM-0000782,S002,P0008,Groceries,SUP-04,2023-12-02,2023-12-08,68,6,False,simulation
PO-SIM-0000783,S002,P0009,Groceries,SUP-04,2023-12-02,2023-12-08,115,6,False,simulation
PO-SIM-0000784,S002,P0010,Groceries,SUP-04,2023-12-02,2023-12-08,59,6,False,simulation
PO-SIM-0000785,S002,P0018,Clothing,SUP-01,2023-12-02,2023-12-05,59,3,False,simulation
PO-SIM-0000786,S003,P0003,Electronics,SUP-02,2023-12-02,2023-12-06,68,4,False,simulation
PO-SIM-0000787,S003,P0006,Toys,SUP-05,2023-12-02,2023-12-05,15,3,False,simulation
PO-SIM-0000788,S003,P0008,Clothing,SUP-01,2023-12-02,2023-12-05,10,3,False,simulation
PO-SIM-0000789,S003,P0009,Groceries,SUP-04,2023-12-02,2023-12-08,46,6,False,simulation
PO-SIM-0000790,S003,P0014,Groceries,SUP-04,2023-12-02,2023-12-08,83,6,False,simulation
PO-SIM-0000791,S003,P0019,Groceries,SUP-04,2023-12-02,2023-12-08,100,6,False,simulation
PO-SIM-0000792,S004,P0002,Groceries,SUP-04,2023-12-02,2023-12-08,50,6,False,simulation
PO-SIM-0000793,S004,P0008,Furniture,SUP-03,2023-12-02,2023-12-07,5,5,False,simulation
PO-SIM-0000794,S004,P0017,Clothing,SUP-01,2023-12-02,2023-12-05,12,3,False,simulation
PO-SIM-0000795,S004,P0018,Furniture,SUP-03,2023-12-02,2023-12-07,21,5,False,simulation
PO-SIM-0000796,S004,P0019,Clothing,SUP-01,2023-12-02,2023-12-05,22,3,False,simulation
PO-SIM-0000797,S005,P0001,Groceries,SUP-04,2023-12-02,2023-12-08,201,6,True,simulation
PO-SIM-0000798,S005,P0002,Electronics,SUP-02,2023-12-02,2023-12-06,58,4,False,simulation
PO-SIM-0000799,S005,P0016,Toys,SUP-05,2023-12-02,2023-12-05,27,3,False,simulation
PO-SIM-0000800,S005,P0018,Clothing,SUP-01,2023-12-02,2023-12-05,85,3,False,simulation
PO-SIM-0000801,S005,P0019,Furniture,SUP-03,2023-12-02,2023-12-07,93,5,False,simulation
PO-SIM-0000802,S005,P0020,Toys,SUP-05,2023-12-02,2023-12-05,54,3,False,simulation
PO-SIM-0000803,S001,P0001,Electronics,SUP-02,2023-12-03,2023-12-07,97,4,False,simulation
PO-SIM-0000804,S001,P0006,Toys,SUP-05,2023-12-03,2023-12-06,162,3,False,simulation
PO-SIM-0000805,S001,P0008,Electronics,SUP-02,2023-12-03,2023-12-07,35,4,False,simulation
PO-SIM-0000806,S001,P0017,Toys,SUP-05,2023-12-03,2023-12-06,86,3,False,simulation
PO-SIM-0000807,S001,P0018,Groceries,SUP-04,2023-12-03,2023-12-09,32,6,False,simulation
PO-SIM-0000808,S001,P0019,Furniture,SUP-03,2023-12-03,2023-12-08,67,5,False,simulation
PO-SIM-0000809,S002,P0008,Groceries,SUP-04,2023-12-03,2023-12-09,43,6,False,simulation
PO-SIM-0000810,S002,P0010,Groceries,SUP-04,2023-12-03,2023-12-09,4,6,False,simulation
PO-SIM-0000811,S003,P0004,Groceries,SUP-04,2023-12-03,2023-12-09,68,6,True,simulation
PO-SIM-0000812,S003,P0005,Toys,SUP-05,2023-12-03,2023-12-06,79,3,True,simulation
PO-SIM-0000813,S003,P0006,Toys,SUP-05,2023-12-03,2023-12-06,52,3,False,simulation
PO-SIM-0000814,S003,P0009,Groceries,SUP-04,2023-12-03,2023-12-09,70,6,False,simulation
PO-SIM-0000815,S003,P0010,Groceries,SUP-04,2023-12-03,2023-12-09,58,6,False,simulation
PO-SIM-0000816,S003,P0016,Electronics,SUP-02,2023-12-03,2023-12-07,128,4,False,simulation
PO-SIM-0000817,S003,P0019,Groceries,SUP-04,2023-12-03,2023-12-09,31,6,False,simulation
PO-SIM-0000818,S004,P0005,Clothing,SUP-01,2023-12-03,2023-12-06,48,3,False,simulation
PO-SIM-0000819,S004,P0006,Groceries,SUP-04,2023-12-03,2023-12-09,3,6,False,simulation
PO-SIM-0000820,S004,P0012,Electronics,SUP-02,2023-12-03,2023-12-07,97,4,False,simulation
PO-SIM-0000821,S004,P0015,Furniture,SUP-03,2023-12-03,2023-12-08,49,5,False,simulation
PO-SIM-0000822,S005,P0003,Toys,SUP-05,2023-12-03,2023-12-06,30,3,False,simulation
PO-SIM-0000823,S005,P0008,Groceries,SUP-04,2023-12-03,2023-12-09,83,6,False,simulation
PO-SIM-0000824,S005,P0012,Furniture,SUP-03,2023-12-03,2023-12-08,69,5,False,simulation
PO-SIM-0000825,S005,P0013,Groceries,SUP-04,2023-12-03,2023-12-09,48,6,False,simulation
PO-SIM-0000826,S005,P0016,Toys,SUP-05,2023-12-03,2023-12-06,181,3,True,simulation
PO-SIM-0000827,S005,P0017,Toys,SUP-05,2023-12-03,2023-12-06,65,3,False,simulation
PO-SIM-0000828,S005,P0020,Toys,SUP-05,2023-12-03,2023-12-06,41,3,False,simulation
PO-SIM-0000829,S001,P0002,Clothing,SUP-01,2023-12-04,2023-12-07,62,3,False,simulation
PO-SIM-0000830,S001,P0007,Groceries,SUP-04,2023-12-04,2023-12-10,89,6,False,simulation
PO-SIM-0000831,S001,P0008,Electronics,SUP-02,2023-12-04,2023-12-08,34,4,False,simulation
PO-SIM-0000832,S001,P0009,Clothing,SUP-01,2023-12-04,2023-12-07,81,3,False,simulation
PO-SIM-0000833,S001,P0013,Toys,SUP-05,2023-12-04,2023-12-07,9,3,False,simulation
PO-SIM-0000834,S001,P0015,Toys,SUP-05,2023-12-04,2023-12-07,60,3,False,simulation
PO-SIM-0000835,S001,P0016,Groceries,SUP-04,2023-12-04,2023-12-10,81,6,False,simulation
PO-SIM-0000836,S001,P0017,Toys,SUP-05,2023-12-04,2023-12-07,13,3,False,simulation
PO-SIM-0000837,S002,P0006,Clothing,SUP-01,2023-12-04,2023-12-07,107,3,False,simulation
PO-SIM-0000838,S002,P0007,Toys,SUP-05,2023-12-04,2023-12-07,71,3,False,simulation
PO-SIM-0000839,S002,P0008,Groceries,SUP-04,2023-12-04,2023-12-10,84,6,False,simulation
PO-SIM-0000840,S002,P0010,Groceries,SUP-04,2023-12-04,2023-12-10,47,6,False,simulation
PO-SIM-0000841,S002,P0011,Groceries,SUP-04,2023-12-04,2023-12-10,12,6,True,simulation
PO-SIM-0000842,S002,P0018,Clothing,SUP-01,2023-12-04,2023-12-07,21,3,False,simulation
PO-SIM-0000843,S003,P0003,Electronics,SUP-02,2023-12-04,2023-12-08,1,4,False,simulation
PO-SIM-0000844,S003,P0010,Groceries,SUP-04,2023-12-04,2023-12-10,45,6,False,simulation
PO-SIM-0000845,S004,P0008,Furniture,SUP-03,2023-12-04,2023-12-09,7,5,False,simulation
PO-SIM-0000846,S004,P0018,Furniture,SUP-03,2023-12-04,2023-12-09,13,5,False,simulation
PO-SIM-0000847,S004,P0019,Clothing,SUP-01,2023-12-04,2023-12-07,15,3,False,simulation
PO-SIM-0000848,S005,P0003,Toys,SUP-05,2023-12-04,2023-12-07,9,3,False,simulation
PO-SIM-0000849,S005,P0004,Groceries,SUP-04,2023-12-04,2023-12-10,69,6,False,simulation
PO-SIM-0000850,S005,P0007,Groceries,SUP-04,2023-12-04,2023-12-10,67,6,False,simulation
PO-SIM-0000851,S005,P0008,Groceries,SUP-04,2023-12-04,2023-12-10,32,6,False,simulation
PO-SIM-0000852,S005,P0017,Toys,SUP-05,2023-12-04,2023-12-07,38,3,False,simulation
PO-SIM-0000853,S005,P0018,Clothing,SUP-01,2023-12-04,2023-12-07,77,3,False,simulation
PO-SIM-0000854,S005,P0020,Toys,SUP-05,2023-12-04,2023-12-07,81,3,False,simulation
PO-SIM-0000855,S001,P0008,Electronics,SUP-02,2023-12-05,2023-12-09,77,4,False,simulation
PO-SIM-0000856,S001,P0016,Groceries,SUP-04,2023-12-05,2023-12-11,195,6,False,simulation
PO-SIM-0000857,S001,P0017,Toys,SUP-05,2023-12-05,2023-12-08,37,3,False,simulation
PO-SIM-0000858,S001,P0018,Groceries,SUP-04,2023-12-05,2023-12-11,63,6,False,simulation
PO-SIM-0000859,S002,P0002,Toys,SUP-05,2023-12-05,2023-12-08,8,3,False,simulation
PO-SIM-0000860,S002,P0006,Clothing,SUP-01,2023-12-05,2023-12-08,85,3,False,simulation
PO-SIM-0000861,S002,P0008,Groceries,SUP-04,2023-12-05,2023-12-11,111,6,False,simulation
PO-SIM-0000862,S002,P0016,Clothing,SUP-01,2023-12-05,2023-12-08,115,3,False,simulation
PO-SIM-0000863,S002,P0018,Clothing,SUP-01,2023-12-05,2023-12-08,45,3,False,simulation
PO-SIM-0000864,S003,P0009,Groceries,SUP-04,2023-12-05,2023-12-11,5,6,False,simulation
PO-SIM-0000865,S004,P0001,Groceries,SUP-04,2023-12-05,2023-12-11,30,6,False,simulation
PO-SIM-0000866,S004,P0002,Groceries,SUP-04,2023-12-05,2023-12-11,31,6,False,simulation
PO-SIM-0000867,S004,P0005,Clothing,SUP-01,2023-12-05,2023-12-08,100,3,False,simulation
PO-SIM-0000868,S004,P0008,Furniture,SUP-03,2023-12-05,2023-12-10,31,5,False,simulation
PO-SIM-0000869,S004,P0009,Clothing,SUP-01,2023-12-05,2023-12-08,41,3,False,simulation
PO-SIM-0000870,S004,P0013,Groceries,SUP-04,2023-12-05,2023-12-11,30,6,False,simulation
PO-SIM-0000871,S004,P0014,Furniture,SUP-03,2023-12-05,2023-12-10,35,5,False,simulation
PO-SIM-0000872,S004,P0017,Clothing,SUP-01,2023-12-05,2023-12-08,41,3,False,simulation
PO-SIM-0000873,S004,P0018,Furniture,SUP-03,2023-12-05,2023-12-10,35,5,False,simulation
PO-SIM-0000874,S004,P0019,Clothing,SUP-01,2023-12-05,2023-12-08,25,3,False,simulation
PO-SIM-0000875,S005,P0001,Groceries,SUP-04,2023-12-05,2023-12-11,61,6,False,simulation
PO-SIM-0000876,S005,P0004,Groceries,SUP-04,2023-12-05,2023-12-11,74,6,False,simulation
PO-SIM-0000877,S005,P0008,Groceries,SUP-04,2023-12-05,2023-12-11,56,6,False,simulation
PO-SIM-0000878,S005,P0015,Groceries,SUP-04,2023-12-05,2023-12-11,3,6,False,simulation
PO-SIM-0000879,S005,P0017,Toys,SUP-05,2023-12-05,2023-12-08,21,3,False,simulation
PO-SIM-0000880,S005,P0018,Clothing,SUP-01,2023-12-05,2023-12-08,118,3,False,simulation
PO-SIM-0000881,S005,P0020,Toys,SUP-05,2023-12-05,2023-12-08,80,3,False,simulation
PO-SIM-0000882,S001,P0004,Electronics,SUP-02,2023-12-06,2023-12-10,54,4,False,simulation
PO-SIM-0000883,S001,P0013,Toys,SUP-05,2023-12-06,2023-12-09,58,3,False,simulation
PO-SIM-0000884,S001,P0015,Toys,SUP-05,2023-12-06,2023-12-09,101,3,False,simulation
PO-SIM-0000885,S001,P0017,Toys,SUP-05,2023-12-06,2023-12-09,73,3,False,simulation
PO-SIM-0000886,S001,P0018,Groceries,SUP-04,2023-12-06,2023-12-12,17,6,False,simulation
PO-SIM-0000887,S001,P0019,Furniture,SUP-03,2023-12-06,2023-12-11,12,5,False,simulation
PO-SIM-0000888,S002,P0006,Clothing,SUP-01,2023-12-06,2023-12-09,4,3,False,simulation
PO-SIM-0000889,S002,P0010,Groceries,SUP-04,2023-12-06,2023-12-12,33,6,False,simulation
PO-SIM-0000890,S002,P0018,Clothing,SUP-01,2023-12-06,2023-12-09,13,3,False,simulation
PO-SIM-0000891,S003,P0003,Electronics,SUP-02,2023-12-06,2023-12-10,38,4,False,simulation
PO-SIM-0000892,S003,P0006,Toys,SUP-05,2023-12-06,2023-12-09,77,3,False,simulation
PO-SIM-0000893,S003,P0009,Groceries,SUP-04,2023-12-06,2023-12-12,121,6,False,simulation
PO-SIM-0000894,S003,P0010,Groceries,SUP-04,2023-12-06,2023-12-12,81,6,False,simulation
PO-SIM-0000895,S003,P0016,Electronics,SUP-02,2023-12-06,2023-12-10,37,4,False,simulation
PO-SIM-0000896,S003,P0017,Furniture,SUP-03,2023-12-06,2023-12-11,41,5,False,simulation
PO-SIM-0000897,S003,P0019,Groceries,SUP-04,2023-12-06,2023-12-12,21,6,False,simulation
PO-SIM-0000898,S004,P0001,Groceries,SUP-04,2023-12-06,2023-12-12,128,6,False,simulation
PO-SIM-0000899,S004,P0012,Electronics,SUP-02,2023-12-06,2023-12-10,16,4,False,simulation
PO-SIM-0000900,S004,P0016,Furniture,SUP-03,2023-12-06,2023-12-11,29,5,False,simulation
PO-SIM-0000901,S004,P0017,Clothing,SUP-01,2023-12-06,2023-12-09,7,3,False,simulation
PO-SIM-0000902,S004,P0018,Furniture,SUP-03,2023-12-06,2023-12-11,37,5,False,simulation
PO-SIM-0000903,S004,P0019,Clothing,SUP-01,2023-12-06,2023-12-09,32,3,False,simulation
PO-SIM-0000904,S005,P0002,Electronics,SUP-02,2023-12-06,2023-12-10,7,4,False,simulation
PO-SIM-0000905,S005,P0003,Toys,SUP-05,2023-12-06,2023-12-09,7,3,False,simulation
PO-SIM-0000906,S005,P0004,Groceries,SUP-04,2023-12-06,2023-12-12,111,6,False,simulation
PO-SIM-0000907,S005,P0007,Groceries,SUP-04,2023-12-06,2023-12-12,34,6,False,simulation
PO-SIM-0000908,S005,P0017,Toys,SUP-05,2023-12-06,2023-12-09,52,3,False,simulation
PO-SIM-0000909,S005,P0018,Clothing,SUP-01,2023-12-06,2023-12-09,1,3,False,simulation
PO-SIM-0000910,S005,P0019,Furniture,SUP-03,2023-12-06,2023-12-11,22,5,False,simulation
PO-SIM-0000911,S001,P0002,Clothing,SUP-01,2023-12-07,2023-12-10,9,3,False,simulation
PO-SIM-0000912,S001,P0008,Electronics,SUP-02,2023-12-07,2023-12-11,56,4,False,simulation
PO-SIM-0000913,S001,P0009,Clothing,SUP-01,2023-12-07,2023-12-10,8,3,False,simulation
PO-SIM-0000914,S001,P0012,Groceries,SUP-04,2023-12-07,2023-12-13,107,6,False,simulation
PO-SIM-0000915,S001,P0015,Toys,SUP-05,2023-12-07,2023-12-10,62,3,False,simulation
PO-SIM-0000916,S002,P0006,Clothing,SUP-01,2023-12-07,2023-12-10,138,3,False,simulation
PO-SIM-0000917,S002,P0008,Groceries,SUP-04,2023-12-07,2023-12-13,95,6,False,simulation
PO-SIM-0000918,S002,P0009,Groceries,SUP-04,2023-12-07,2023-12-13,61,6,False,simulation
PO-SIM-0000919,S002,P0010,Groceries,SUP-04,2023-12-07,2023-12-13,10,6,False,simulation
PO-SIM-0000920,S002,P0018,Clothing,SUP-01,2023-12-07,2023-12-10,2,3,False,simulation
PO-SIM-0000921,S003,P0003,Electronics,SUP-02,2023-12-07,2023-12-11,39,4,False,simulation
PO-SIM-0000922,S003,P0011,Electronics,SUP-02,2023-12-07,2023-12-11,156,4,False,simulation
PO-SIM-0000923,S004,P0005,Clothing,SUP-01,2023-12-07,2023-12-10,63,3,False,simulation
PO-SIM-0000924,S004,P0006,Groceries,SUP-04,2023-12-07,2023-12-13,118,6,False,simulation
PO-SIM-0000925,S004,P0009,Clothing,SUP-01,2023-12-07,2023-12-10,61,3,False,simulation
PO-SIM-0000926,S004,P0012,Electronics,SUP-02,2023-12-07,2023-12-11,36,4,False,simulation
PO-SIM-0000927,S005,P0005,Groceries,SUP-04,2023-12-07,2023-12-13,83,6,False,simulation
PO-SIM-0000928,S005,P0007,Groceries,SUP-04,2023-12-07,2023-12-13,156,6,False,simulation
PO-SIM-0000929,S005,P0008,Groceries,SUP-04,2023-12-07,2023-12-13,88,6,False,simulation
PO-SIM-0000930,S005,P0014,Furniture,SUP-03,2023-12-07,2023-12-12,56,5,False,simulation
PO-SIM-0000931,S001,P0001,Electronics,SUP-02,2023-12-08,2023-12-12,11,4,False,simulation
PO-SIM-0000932,S001,P0008,Electronics,SUP-02,2023-12-08,2023-12-12,12,4,False,simulation
PO-SIM-0000933,S001,P0009,Clothing,SUP-01,2023-12-08,2023-12-11,61,3,False,simulation
PO-SIM-0000934,S001,P0013,Toys,SUP-05,2023-12-08,2023-12-11,41,3,False,simulation
PO-SIM-0000935,S001,P0015,Toys,SUP-05,2023-12-08,2023-12-11,50,3,False,simulation
PO-SIM-0000936,S001,P0017,Toys,SUP-05,2023-12-08,2023-12-11,71,3,False,simulation
PO-SIM-0000937,S002,P0005,Electronics,SUP-02,2023-12-08,2023-12-12,3,4,False,simulation
PO-SIM-0000938,S002,P0006,Clothing,SUP-01,2023-12-08,2023-12-11,56,3,False,simulation
PO-SIM-0000939,S002,P0009,Groceries,SUP-04,2023-12-08,2023-12-14,1,6,False,simulation
PO-SIM-0000940,S002,P0010,Groceries,SUP-04,2023-12-08,2023-12-14,31,6,False,simulation
PO-SIM-0000941,S002,P0011,Groceries,SUP-04,2023-12-08,2023-12-14,30,6,False,simulation
PO-SIM-0000942,S003,P0001,Toys,SUP-05,2023-12-08,2023-12-11,47,3,False,simulation
PO-SIM-0000943,S003,P0006,Toys,SUP-05,2023-12-08,2023-12-11,72,3,False,simulation
PO-SIM-0000944,S003,P0009,Groceries,SUP-04,2023-12-08,2023-12-14,49,6,False,simulation
PO-SIM-0000945,S003,P0010,Groceries,SUP-04,2023-12-08,2023-12-14,144,6,False,simulation
PO-SIM-0000946,S003,P0016,Electronics,SUP-02,2023-12-08,2023-12-12,103,4,False,simulation
PO-SIM-0000947,S003,P0019,Groceries,SUP-04,2023-12-08,2023-12-14,27,6,False,simulation
PO-SIM-0000948,S004,P0003,Furniture,SUP-03,2023-12-08,2023-12-13,47,5,False,simulation
PO-SIM-0000949,S004,P0016,Furniture,SUP-03,2023-12-08,2023-12-13,2,5,False,simulation
PO-SIM-0000950,S004,P0017,Clothing,SUP-01,2023-12-08,2023-12-11,54,3,False,simulation
PO-SIM-0000951,S005,P0001,Groceries,SUP-04,2023-12-08,2023-12-14,103,6,False,simulation
PO-SIM-0000952,S005,P0003,Toys,SUP-05,2023-12-08,2023-12-11,8,3,False,simulation
PO-SIM-0000953,S005,P0004,Groceries,SUP-04,2023-12-08,2023-12-14,40,6,False,simulation
PO-SIM-0000954,S005,P0017,Toys,SUP-05,2023-12-08,2023-12-11,20,3,False,simulation
PO-SIM-0000955,S005,P0018,Clothing,SUP-01,2023-12-08,2023-12-11,87,3,False,simulation
PO-SIM-0000956,S005,P0020,Toys,SUP-05,2023-12-08,2023-12-11,17,3,False,simulation
PO-SIM-0000957,S001,P0007,Groceries,SUP-04,2023-12-09,2023-12-15,30,6,False,simulation
PO-SIM-0000958,S001,P0015,Toys,SUP-05,2023-12-09,2023-12-12,45,3,False,simulation
PO-SIM-0000959,S002,P0008,Groceries,SUP-04,2023-12-09,2023-12-15,84,6,False,simulation
PO-SIM-0000960,S002,P0010,Groceries,SUP-04,2023-12-09,2023-12-15,75,6,False,simulation
PO-SIM-0000961,S002,P0011,Groceries,SUP-04,2023-12-09,2023-12-15,215,6,False,simulation
PO-SIM-0000962,S002,P0015,Clothing,SUP-01,2023-12-09,2023-12-12,25,3,False,simulation
PO-SIM-0000963,S002,P0018,Clothing,SUP-01,2023-12-09,2023-12-12,69,3,False,simulation
PO-SIM-0000964,S003,P0001,Toys,SUP-05,2023-12-09,2023-12-12,114,3,False,simulation
PO-SIM-0000965,S003,P0003,Electronics,SUP-02,2023-12-09,2023-12-13,36,4,False,simulation
PO-SIM-0000966,S003,P0006,Toys,SUP-05,2023-12-09,2023-12-12,22,3,False,simulation
PO-SIM-0000967,S003,P0010,Groceries,SUP-04,2023-12-09,2023-12-15,48,6,False,simulation
PO-SIM-0000968,S004,P0005,Clothing,SUP-01,2023-12-09,2023-12-12,74,3,False,simulation
PO-SIM-0000969,S004,P0008,Furniture,SUP-03,2023-12-09,2023-12-14,8,5,False,simulation
PO-SIM-0000970,S004,P0012,Electronics,SUP-02,2023-12-09,2023-12-13,89,4,False,simulation
PO-SIM-0000971,S004,P0014,Furniture,SUP-03,2023-12-09,2023-12-14,18,5,False,simulation
PO-SIM-0000972,S004,P0016,Furniture,SUP-03,2023-12-09,2023-12-14,105,5,False,simulation
PO-SIM-0000973,S004,P0017,Clothing,SUP-01,2023-12-09,2023-12-12,27,3,False,simulation
PO-SIM-0000974,S004,P0020,Furniture,SUP-03,2023-12-09,2023-12-14,77,5,False,simulation
PO-SIM-0000975,S005,P0011,Electronics,SUP-02,2023-12-09,2023-12-13,86,4,False,simulation
PO-SIM-0000976,S005,P0017,Toys,SUP-05,2023-12-09,2023-12-12,24,3,False,simulation
PO-SIM-0000977,S001,P0001,Electronics,SUP-02,2023-12-10,2023-12-14,30,4,False,simulation
PO-SIM-0000978,S001,P0002,Clothing,SUP-01,2023-12-10,2023-12-13,74,3,False,simulation
PO-SIM-0000979,S001,P0013,Toys,SUP-05,2023-12-10,2023-12-13,16,3,False,simulation
PO-SIM-0000980,S001,P0014,Groceries,SUP-04,2023-12-10,2023-12-16,23,6,False,simulation
PO-SIM-0000981,S001,P0015,Toys,SUP-05,2023-12-10,2023-12-13,22,3,False,simulation
PO-SIM-0000982,S001,P0017,Toys,SUP-05,2023-12-10,2023-12-13,73,3,False,simulation
PO-SIM-0000983,S001,P0018,Groceries,SUP-04,2023-12-10,2023-12-16,41,6,False,simulation
PO-SIM-0000984,S001,P0019,Furniture,SUP-03,2023-12-10,2023-12-15,41,5,False,simulation
PO-SIM-0000985,S002,P0006,Clothing,SUP-01,2023-12-10,2023-12-13,93,3,False,simulation
PO-SIM-0000986,S002,P0008,Groceries,SUP-04,2023-12-10,2023-12-16,88,6,False,simulation
PO-SIM-0000987,S002,P0012,Electronics,SUP-02,2023-12-10,2023-12-14,56,4,False,simulation
PO-SIM-0000988,S002,P0018,Clothing,SUP-01,2023-12-10,2023-12-13,66,3,False,simulation
PO-SIM-0000989,S003,P0003,Electronics,SUP-02,2023-12-10,2023-12-14,56,4,False,simulation
PO-SIM-0000990,S003,P0007,Groceries,SUP-04,2023-12-10,2023-12-16,51,6,False,simulation
PO-SIM-0000991,S003,P0009,Groceries,SUP-04,2023-12-10,2023-12-16,66,6,False,simulation
PO-SIM-0000992,S003,P0010,Groceries,SUP-04,2023-12-10,2023-12-16,53,6,False,simulation
PO-SIM-0000993,S003,P0019,Groceries,SUP-04,2023-12-10,2023-12-16,9,6,False,simulation
PO-SIM-0000994,S004,P0005,Clothing,SUP-01,2023-12-10,2023-12-13,39,3,False,simulation
PO-SIM-0000995,S004,P0010,Groceries,SUP-04,2023-12-10,2023-12-16,35,6,False,simulation
PO-SIM-0000996,S004,P0012,Electronics,SUP-02,2023-12-10,2023-12-14,50,4,False,simulation
PO-SIM-0000997,S004,P0014,Furniture,SUP-03,2023-12-10,2023-12-15,45,5,False,simulation
PO-SIM-0000998,S005,P0004,Groceries,SUP-04,2023-12-10,2023-12-16,34,6,True,simulation
PO-SIM-0000999,S005,P0008,Groceries,SUP-04,2023-12-10,2023-12-16,34,6,False,simulation
PO-SIM-0001000,S005,P0009,Groceries,SUP-04,2023-12-10,2023-12-16,1,6,False,simulation
PO-SIM-0001001,S005,P0017,Toys,SUP-05,2023-12-10,2023-12-13,4,3,False,simulation
PO-SIM-0001002,S005,P0018,Clothing,SUP-01,2023-12-10,2023-12-13,80,3,False,simulation
PO-SIM-0001003,S001,P0003,Clothing,SUP-01,2023-12-11,2023-12-14,1,3,False,simulation
PO-SIM-0001004,S001,P0008,Electronics,SUP-02,2023-12-11,2023-12-15,21,4,False,simulation
PO-SIM-0001005,S001,P0012,Groceries,SUP-04,2023-12-11,2023-12-17,4,6,False,simulation
PO-SIM-0001006,S001,P0013,Toys,SUP-05,2023-12-11,2023-12-14,11,3,False,simulation
PO-SIM-0001007,S001,P0015,Toys,SUP-05,2023-12-11,2023-12-14,4,3,False,simulation
PO-SIM-0001008,S001,P0017,Toys,SUP-05,2023-12-11,2023-12-14,2,3,False,simulation
PO-SIM-0001009,S002,P0006,Clothing,SUP-01,2023-12-11,2023-12-14,38,3,False,simulation
PO-SIM-0001010,S002,P0008,Groceries,SUP-04,2023-12-11,2023-12-17,20,6,False,simulation
PO-SIM-0001011,S002,P0016,Clothing,SUP-01,2023-12-11,2023-12-14,24,3,False,simulation
PO-SIM-0001012,S003,P0006,Toys,SUP-05,2023-12-11,2023-12-14,26,3,False,simulation
PO-SIM-0001013,S003,P0008,Clothing,SUP-01,2023-12-11,2023-12-14,5,3,False,simulation
PO-SIM-0001014,S003,P0010,Groceries,SUP-04,2023-12-11,2023-12-17,69,6,False,simulation
PO-SIM-0001015,S003,P0014,Groceries,SUP-04,2023-12-11,2023-12-17,56,6,False,simulation
PO-SIM-0001016,S003,P0019,Groceries,SUP-04,2023-12-11,2023-12-17,18,6,False,simulation
PO-SIM-0001017,S004,P0002,Groceries,SUP-04,2023-12-11,2023-12-17,126,6,False,simulation
PO-SIM-0001018,S004,P0005,Clothing,SUP-01,2023-12-11,2023-12-14,33,3,False,simulation
PO-SIM-0001019,S004,P0006,Groceries,SUP-04,2023-12-11,2023-12-17,97,6,False,simulation
PO-SIM-0001020,S004,P0012,Electronics,SUP-02,2023-12-11,2023-12-15,22,4,False,simulation
PO-SIM-0001021,S005,P0001,Groceries,SUP-04,2023-12-11,2023-12-17,38,6,False,simulation
PO-SIM-0001022,S005,P0003,Toys,SUP-05,2023-12-11,2023-12-14,39,3,False,simulation
PO-SIM-0001023,S005,P0004,Groceries,SUP-04,2023-12-11,2023-12-17,103,6,False,simulation
PO-SIM-0001024,S005,P0015,Groceries,SUP-04,2023-12-11,2023-12-17,6,6,False,simulation
PO-SIM-0001025,S005,P0017,Toys,SUP-05,2023-12-11,2023-12-14,25,3,False,simulation
PO-SIM-0001026,S005,P0018,Clothing,SUP-01,2023-12-11,2023-12-14,15,3,False,simulation
PO-SIM-0001027,S001,P0002,Clothing,SUP-01,2023-12-12,2023-12-15,75,3,False,simulation
PO-SIM-0001028,S001,P0003,Clothing,SUP-01,2023-12-12,2023-12-15,193,3,False,simulation
PO-SIM-0001029,S001,P0004,Electronics,SUP-02,2023-12-12,2023-12-16,116,4,False,simulation
PO-SIM-0001030,S001,P0008,Electronics,SUP-02,2023-12-12,2023-12-16,59,4,False,simulation
PO-SIM-0001031,S001,P0009,Clothing,SUP-01,2023-12-12,2023-12-15,31,3,False,simulation
PO-SIM-0001032,S001,P0013,Toys,SUP-05,2023-12-12,2023-12-15,28,3,False,simulation
PO-SIM-0001033,S001,P0015,Toys,SUP-05,2023-12-12,2023-12-15,24,3,False,simulation
PO-SIM-0001034,S001,P0018,Groceries,SUP-04,2023-12-12,2023-12-18,77,6,False,simulation
PO-SIM-0001035,S001,P0019,Furniture,SUP-03,2023-12-12,2023-12-17,66,5,False,simulation
PO-SIM-0001036,S002,P0006,Clothing,SUP-01,2023-12-12,2023-12-15,2,3,False,simulation
PO-SIM-0001037,S002,P0008,Groceries,SUP-04,2023-12-12,2023-12-18,49,6,False,simulation
PO-SIM-0001038,S002,P0009,Groceries,SUP-04,2023-12-12,2023-12-18,209,6,False,simulation
PO-SIM-0001039,S002,P0010,Groceries,SUP-04,2023-12-12,2023-12-18,12,6,False,simulation
PO-SIM-0001040,S003,P0001,Toys,SUP-05,2023-12-12,2023-12-15,108,3,False,simulation
PO-SIM-0001041,S003,P0002,Groceries,SUP-04,2023-12-12,2023-12-18,68,6,False,simulation
PO-SIM-0001042,S003,P0003,Electronics,SUP-02,2023-12-12,2023-12-16,37,4,False,simulation
PO-SIM-0001043,S003,P0006,Toys,SUP-05,2023-12-12,2023-12-15,30,3,False,simulation
PO-SIM-0001044,S003,P0010,Groceries,SUP-04,2023-12-12,2023-12-18,5,6,False,simulation
PO-SIM-0001045,S003,P0011,Electronics,SUP-02,2023-12-12,2023-12-16,68,4,True,simulation
PO-SIM-0001046,S003,P0019,Groceries,SUP-04,2023-12-12,2023-12-18,45,6,False,simulation
PO-SIM-0001047,S004,P0005,Clothing,SUP-01,2023-12-12,2023-12-15,32,3,False,simulation
PO-SIM-0001048,S004,P0008,Furniture,SUP-03,2023-12-12,2023-12-17,13,5,False,simulation
PO-SIM-0001049,S004,P0012,Electronics,SUP-02,2023-12-12,2023-12-16,43,4,False,simulation
PO-SIM-0001050,S004,P0017,Clothing,SUP-01,2023-12-12,2023-12-15,24,3,False,simulation
PO-SIM-0001051,S004,P0019,Clothing,SUP-01,2023-12-12,2023-12-15,10,3,False,simulation
PO-SIM-0001052,S005,P0003,Toys,SUP-05,2023-12-12,2023-12-15,85,3,False,simulation
PO-SIM-0001053,S005,P0004,Groceries,SUP-04,2023-12-12,2023-12-18,37,6,False,simulation
PO-SIM-0001054,S005,P0005,Groceries,SUP-04,2023-12-12,2023-12-18,100,6,False,simulation
PO-SIM-0001055,S005,P0008,Groceries,SUP-04,2023-12-12,2023-12-18,166,6,False,simulation
PO-SIM-0001056,S005,P0017,Toys,SUP-05,2023-12-12,2023-12-15,97,3,False,simulation
PO-SIM-0001057,S005,P0018,Clothing,SUP-01,2023-12-12,2023-12-15,40,3,False,simulation
PO-SIM-0001058,S005,P0020,Toys,SUP-05,2023-12-12,2023-12-15,55,3,False,simulation
PO-SIM-0001059,S001,P0002,Clothing,SUP-01,2023-12-13,2023-12-16,36,3,False,simulation
PO-SIM-0001060,S001,P0013,Toys,SUP-05,2023-12-13,2023-12-16,47,3,False,simulation
PO-SIM-0001061,S001,P0015,Toys,SUP-05,2023-12-13,2023-12-16,56,3,False,simulation
PO-SIM-0001062,S001,P0018,Groceries,SUP-04,2023-12-13,2023-12-19,41,6,False,simulation
PO-SIM-0001063,S001,P0019,Furniture,SUP-03,2023-12-13,2023-12-18,43,5,False,simulation
PO-SIM-0001064,S002,P0006,Clothing,SUP-01,2023-12-13,2023-12-16,39,3,False,simulation
PO-SIM-0001065,S002,P0008,Groceries,SUP-04,2023-12-13,2023-12-19,43,6,False,simulation
PO-SIM-0001066,S002,P0010,Groceries,SUP-04,2023-12-13,2023-12-19,42,6,False,simulation
PO-SIM-0001067,S002,P0018,Clothing,SUP-01,2023-12-13,2023-12-16,115,3,False,simulation
PO-SIM-0001068,S003,P0003,Electronics,SUP-02,2023-12-13,2023-12-17,46,4,False,simulation
PO-SIM-0001069,S003,P0006,Toys,SUP-05,2023-12-13,2023-12-16,3,3,False,simulation
PO-SIM-0001070,S003,P0008,Clothing,SUP-01,2023-12-13,2023-12-16,11,3,False,simulation
PO-SIM-0001071,S003,P0009,Groceries,SUP-04,2023-12-13,2023-12-19,36,6,False,simulation
PO-SIM-0001072,S003,P0016,Electronics,SUP-02,2023-12-13,2023-12-17,35,4,False,simulation
PO-SIM-0001073,S003,P0018,Furniture,SUP-03,2023-12-13,2023-12-18,24,5,False,simulation
PO-SIM-0001074,S003,P0019,Groceries,SUP-04,2023-12-13,2023-12-19,71,6,False,simulation
PO-SIM-0001075,S004,P0002,Groceries,SUP-04,2023-12-13,2023-12-19,42,6,False,simulation
PO-SIM-0001076,S004,P0005,Clothing,SUP-01,2023-12-13,2023-12-16,14,3,False,simulation
PO-SIM-0001077,S004,P0017,Clothing,SUP-01,2023-12-13,2023-12-16,24,3,False,simulation
PO-SIM-0001078,S004,P0018,Furniture,SUP-03,2023-12-13,2023-12-18,10,5,False,simulation
PO-SIM-0001079,S004,P0019,Clothing,SUP-01,2023-12-13,2023-12-16,4,3,False,simulation
PO-SIM-0001080,S005,P0003,Toys,SUP-05,2023-12-13,2023-12-16,20,3,False,simulation
PO-SIM-0001081,S005,P0004,Groceries,SUP-04,2023-12-13,2023-12-19,53,6,False,simulation
PO-SIM-0001082,S005,P0005,Groceries,SUP-04,2023-12-13,2023-12-19,168,6,False,simulation
PO-SIM-0001083,S005,P0009,Groceries,SUP-04,2023-12-13,2023-12-19,73,6,False,simulation
PO-SIM-0001084,S005,P0012,Furniture,SUP-03,2023-12-13,2023-12-18,25,5,False,simulation
PO-SIM-0001085,S005,P0015,Groceries,SUP-04,2023-12-13,2023-12-19,84,6,False,simulation
PO-SIM-0001086,S005,P0018,Clothing,SUP-01,2023-12-13,2023-12-16,98,3,False,simulation
PO-SIM-0001087,S005,P0020,Toys,SUP-05,2023-12-13,2023-12-16,52,3,False,simulation
PO-SIM-0001088,S001,P0008,Electronics,SUP-02,2023-12-14,2023-12-18,87,4,False,simulation
PO-SIM-0001089,S001,P0013,Toys,SUP-05,2023-12-14,2023-12-17,35,3,False,simulation
PO-SIM-0001090,S001,P0015,Toys,SUP-05,2023-12-14,2023-12-17,100,3,False,simulation
PO-SIM-0001091,S002,P0006,Clothing,SUP-01,2023-12-14,2023-12-17,66,3,False,simulation
PO-SIM-0001092,S002,P0008,Groceries,SUP-04,2023-12-14,2023-12-20,39,6,False,simulation
PO-SIM-0001093,S002,P0010,Groceries,SUP-04,2023-12-14,2023-12-20,6,6,False,simulation
PO-SIM-0001094,S002,P0016,Clothing,SUP-01,2023-12-14,2023-12-17,73,3,False,simulation
PO-SIM-0001095,S002,P0018,Clothing,SUP-01,2023-12-14,2023-12-17,29,3,False,simulation
PO-SIM-0001096,S003,P0011,Electronics,SUP-02,2023-12-14,2023-12-18,6,4,False,simulation
PO-SIM-0001097,S004,P0006,Groceries,SUP-04,2023-12-14,2023-12-20,21,6,False,simulation
PO-SIM-0001098,S004,P0012,Electronics,SUP-02,2023-12-14,2023-12-18,73,4,False,simulation
PO-SIM-0001099,S004,P0013,Groceries,SUP-04,2023-12-14,2023-12-20,109,6,False,simulation
PO-SIM-0001100,S004,P0017,Clothing,SUP-01,2023-12-14,2023-12-17,46,3,False,simulation
PO-SIM-0001101,S004,P0019,Clothing,SUP-01,2023-12-14,2023-12-17,82,3,True,simulation
PO-SIM-0001102,S005,P0001,Groceries,SUP-04,2023-12-14,2023-12-20,87,6,False,simulation
PO-SIM-0001103,S005,P0004,Groceries,SUP-04,2023-12-14,2023-12-20,56,6,False,simulation
PO-SIM-0001104,S005,P0008,Groceries,SUP-04,2023-12-14,2023-12-20,102,6,False,simulation
PO-SIM-0001105,S005,P0009,Groceries,SUP-04,2023-12-14,2023-12-20,157,6,False,simulation
PO-SIM-0001106,S005,P0010,Groceries,SUP-04,2023-12-14,2023-12-20,11,6,False,simulation
PO-SIM-0001107,S005,P0013,Groceries,SUP-04,2023-12-14,2023-12-20,3,6,False,simulation
PO-SIM-0001108,S005,P0014,Furniture,SUP-03,2023-12-14,2023-12-19,3,5,False,simulation
PO-SIM-0001109,S005,P0016,Toys,SUP-05,2023-12-14,2023-12-17,132,3,False,simulation
PO-SIM-0001110,S005,P0018,Clothing,SUP-01,2023-12-14,2023-12-17,32,3,False,simulation
PO-SIM-0001111,S005,P0019,Furniture,SUP-03,2023-12-14,2023-12-19,41,5,False,simulation
PO-SIM-0001112,S005,P0020,Toys,SUP-05,2023-12-14,2023-12-17,27,3,False,simulation
PO-SIM-0001113,S001,P0002,Clothing,SUP-01,2023-12-15,2023-12-18,21,3,False,simulation
PO-SIM-0001114,S001,P0005,Groceries,SUP-04,2023-12-15,2023-12-21,107,6,False,simulation
PO-SIM-0001115,S001,P0007,Groceries,SUP-04,2023-12-15,2023-12-21,37,6,False,simulation
PO-SIM-0001116,S001,P0008,Electronics,SUP-02,2023-12-15,2023-12-19,59,4,False,simulation
PO-SIM-0001117,S001,P0015,Toys,SUP-05,2023-12-15,2023-12-18,3,3,False,simulation
PO-SIM-0001118,S001,P0017,Toys,SUP-05,2023-12-15,2023-12-18,44,3,False,simulation
PO-SIM-0001119,S001,P0018,Groceries,SUP-04,2023-12-15,2023-12-21,20,6,False,simulation
PO-SIM-0001120,S001,P0019,Furniture,SUP-03,2023-12-15,2023-12-20,5,5,False,simulation
PO-SIM-0001121,S002,P0002,Toys,SUP-05,2023-12-15,2023-12-18,26,3,False,simulation
PO-SIM-0001122,S002,P0006,Clothing,SUP-01,2023-12-15,2023-12-18,73,3,False,simulation
PO-SIM-0001123,S002,P0013,Groceries,SUP-04,2023-12-15,2023-12-21,84,6,False,simulation
PO-SIM-0001124,S002,P0015,Clothing,SUP-01,2023-12-15,2023-12-18,40,3,False,simulation
PO-SIM-0001125,S002,P0016,Clothing,SUP-01,2023-12-15,2023-12-18,3,3,False,simulation
PO-SIM-0001126,S002,P0018,Clothing,SUP-01,2023-12-15,2023-12-18,70,3,False,simulation
PO-SIM-0001127,S003,P0006,Toys,SUP-05,2023-12-15,2023-12-18,19,3,False,simulation
PO-SIM-0001128,S003,P0009,Groceries,SUP-04,2023-12-15,2023-12-21,63,6,False,simulation
PO-SIM-0001129,S003,P0010,Groceries,SUP-04,2023-12-15,2023-12-21,27,6,False,simulation
PO-SIM-0001130,S003,P0011,Electronics,SUP-02,2023-12-15,2023-12-19,136,4,False,simulation
PO-SIM-0001131,S003,P0012,Furniture,SUP-03,2023-12-15,2023-12-20,1,5,False,simulation
PO-SIM-0001132,S004,P0003,Furniture,SUP-03,2023-12-15,2023-12-20,35,5,False,simulation
PO-SIM-0001133,S004,P0005,Clothing,SUP-01,2023-12-15,2023-12-18,88,3,False,simulation
PO-SIM-0001134,S004,P0012,Electronics,SUP-02,2023-12-15,2023-12-19,36,4,False,simulation
PO-SIM-0001135,S004,P0017,Clothing,SUP-01,2023-12-15,2023-12-18,55,3,False,simulation
PO-SIM-0001136,S005,P0003,Toys,SUP-05,2023-12-15,2023-12-18,17,3,False,simulation
PO-SIM-0001137,S005,P0006,Groceries,SUP-04,2023-12-15,2023-12-21,22,6,False,simulation
PO-SIM-0001138,S005,P0013,Groceries,SUP-04,2023-12-15,2023-12-21,101,6,False,simulation
PO-SIM-0001139,S005,P0020,Toys,SUP-05,2023-12-15,2023-12-18,39,3,False,simulation
PO-SIM-0001140,S001,P0007,Groceries,SUP-04,2023-12-16,2023-12-22,151,6,False,simulation
PO-SIM-0001141,S001,P0009,Clothing,SUP-01,2023-12-16,2023-12-19,65,3,False,simulation
PO-SIM-0001142,S001,P0015,Toys,SUP-05,2023-12-16,2023-12-19,46,3,False,simulation
PO-SIM-0001143,S001,P0017,Toys,SUP-05,2023-12-16,2023-12-19,42,3,False,simulation
PO-SIM-0001144,S002,P0005,Electronics,SUP-02,2023-12-16,2023-12-20,51,4,False,simulation
PO-SIM-0001145,S002,P0011,Groceries,SUP-04,2023-12-16,2023-12-22,9,6,False,simulation
PO-SIM-0001146,S002,P0016,Clothing,SUP-01,2023-12-16,2023-12-19,84,3,False,simulation
PO-SIM-0001147,S003,P0003,Electronics,SUP-02,2023-12-16,2023-12-20,60,4,False,simulation
PO-SIM-0001148,S003,P0009,Groceries,SUP-04,2023-12-16,2023-12-22,11,6,False,simulation
PO-SIM-0001149,S003,P0010,Groceries,SUP-04,2023-12-16,2023-12-22,17,6,False,simulation
PO-SIM-0001150,S003,P0016,Electronics,SUP-02,2023-12-16,2023-12-20,34,4,False,simulation
PO-SIM-0001151,S003,P0019,Groceries,SUP-04,2023-12-16,2023-12-22,2,6,False,simulation
PO-SIM-0001152,S003,P0020,Clothing,SUP-01,2023-12-16,2023-12-19,68,3,False,simulation
PO-SIM-0001153,S004,P0004,Groceries,SUP-04,2023-12-16,2023-12-22,44,6,False,simulation
PO-SIM-0001154,S004,P0005,Clothing,SUP-01,2023-12-16,2023-12-19,23,3,False,simulation
PO-SIM-0001155,S004,P0018,Furniture,SUP-03,2023-12-16,2023-12-21,2,5,False,simulation
PO-SIM-0001156,S005,P0001,Groceries,SUP-04,2023-12-16,2023-12-22,17,6,False,simulation
PO-SIM-0001157,S005,P0003,Toys,SUP-05,2023-12-16,2023-12-19,55,3,False,simulation
PO-SIM-0001158,S005,P0004,Groceries,SUP-04,2023-12-16,2023-12-22,10,6,True,simulation
PO-SIM-0001159,S005,P0011,Electronics,SUP-02,2023-12-16,2023-12-20,76,4,False,simulation
PO-SIM-0001160,S005,P0017,Toys,SUP-05,2023-12-16,2023-12-19,9,3,False,simulation
PO-SIM-0001161,S005,P0020,Toys,SUP-05,2023-12-16,2023-12-19,50,3,False,simulation
PO-SIM-0001162,S001,P0002,Clothing,SUP-01,2023-12-17,2023-12-20,14,3,False,simulation
PO-SIM-0001163,S001,P0008,Electronics,SUP-02,2023-12-17,2023-12-21,114,4,False,simulation
PO-SIM-0001164,S001,P0013,Toys,SUP-05,2023-12-17,2023-12-20,83,3,False,simulation
PO-SIM-0001165,S001,P0015,Toys,SUP-05,2023-12-17,2023-12-20,45,3,False,simulation
PO-SIM-0001166,S001,P0018,Groceries,SUP-04,2023-12-17,2023-12-23,28,6,False,simulation
PO-SIM-0001167,S001,P0019,Furniture,SUP-03,2023-12-17,2023-12-22,7,5,False,simulation
PO-SIM-0001168,S002,P0010,Groceries,SUP-04,2023-12-17,2023-12-23,89,6,False,simulation
PO-SIM-0001169,S002,P0011,Groceries,SUP-04,2023-12-17,2023-12-23,55,6,False,simulation
PO-SIM-0001170,S002,P0018,Clothing,SUP-01,2023-12-17,2023-12-20,11,3,False,simulation
PO-SIM-0001171,S003,P0006,Toys,SUP-05,2023-12-17,2023-12-20,8,3,False,simulation
PO-SIM-0001172,S003,P0009,Groceries,SUP-04,2023-12-17,2023-12-23,78,6,False,simulation
PO-SIM-0001173,S003,P0010,Groceries,SUP-04,2023-12-17,2023-12-23,112,6,False,simulation
PO-SIM-0001174,S003,P0015,Groceries,SUP-04,2023-12-17,2023-12-23,57,6,False,simulation
PO-SIM-0001175,S003,P0019,Groceries,SUP-04,2023-12-17,2023-12-23,79,6,False,simulation
PO-SIM-0001176,S004,P0005,Clothing,SUP-01,2023-12-17,2023-12-20,141,3,False,simulation
PO-SIM-0001177,S004,P0006,Groceries,SUP-04,2023-12-17,2023-12-23,112,6,False,simulation
PO-SIM-0001178,S004,P0008,Furniture,SUP-03,2023-12-17,2023-12-22,61,5,False,simulation
PO-SIM-0001179,S004,P0010,Groceries,SUP-04,2023-12-17,2023-12-23,136,6,False,simulation
PO-SIM-0001180,S004,P0012,Electronics,SUP-02,2023-12-17,2023-12-21,76,4,False,simulation
PO-SIM-0001181,S004,P0014,Furniture,SUP-03,2023-12-17,2023-12-22,27,5,False,simulation
PO-SIM-0001182,S004,P0018,Furniture,SUP-03,2023-12-17,2023-12-22,18,5,False,simulation
PO-SIM-0001183,S004,P0020,Furniture,SUP-03,2023-12-17,2023-12-22,31,5,False,simulation
PO-SIM-0001184,S005,P0003,Toys,SUP-05,2023-12-17,2023-12-20,5,3,False,simulation
PO-SIM-0001185,S005,P0005,Groceries,SUP-04,2023-12-17,2023-12-23,42,6,False,simulation
PO-SIM-0001186,S005,P0007,Groceries,SUP-04,2023-12-17,2023-12-23,66,6,False,simulation
PO-SIM-0001187,S005,P0018,Clothing,SUP-01,2023-12-17,2023-12-20,35,3,False,simulation
PO-SIM-0001188,S005,P0019,Furniture,SUP-03,2023-12-17,2023-12-22,38,5,False,simulation
PO-SIM-0001189,S001,P0002,Clothing,SUP-01,2023-12-18,2023-12-21,36,3,False,simulation
PO-SIM-0001190,S001,P0008,Electronics,SUP-02,2023-12-18,2023-12-22,36,4,False,simulation
PO-SIM-0001191,S001,P0009,Clothing,SUP-01,2023-12-18,2023-12-21,53,3,False,simulation
PO-SIM-0001192,S001,P0015,Toys,SUP-05,2023-12-18,2023-12-21,2,3,False,simulation
PO-SIM-0001193,S001,P0017,Toys,SUP-05,2023-12-18,2023-12-21,91,3,False,simulation
PO-SIM-0001194,S001,P0019,Furniture,SUP-03,2023-12-18,2023-12-23,35,5,False,simulation
PO-SIM-0001195,S002,P0002,Toys,SUP-05,2023-12-18,2023-12-21,16,3,False,simulation
PO-SIM-0001196,S002,P0003,Groceries,SUP-04,2023-12-18,2023-12-24,66,6,False,simulation
PO-SIM-0001197,S002,P0006,Clothing,SUP-01,2023-12-18,2023-12-21,101,3,False,simulation
PO-SIM-0001198,S002,P0007,Toys,SUP-05,2023-12-18,2023-12-21,12,3,False,simulation
PO-SIM-0001199,S002,P0009,Groceries,SUP-04,2023-12-18,2023-12-24,78,6,False,simulation
PO-SIM-0001200,S002,P0010,Groceries,SUP-04,2023-12-18,2023-12-24,34,6,False,simulation
PO-SIM-0001201,S002,P0015,Clothing,SUP-01,2023-12-18,2023-12-21,35,3,False,simulation
PO-SIM-0001202,S002,P0018,Clothing,SUP-01,2023-12-18,2023-12-21,73,3,False,simulation
PO-SIM-0001203,S003,P0006,Toys,SUP-05,2023-12-18,2023-12-21,11,3,False,simulation
PO-SIM-0001204,S003,P0009,Groceries,SUP-04,2023-12-18,2023-12-24,49,6,False,simulation
PO-SIM-0001205,S003,P0010,Groceries,SUP-04,2023-12-18,2023-12-24,90,6,False,simulation
PO-SIM-0001206,S003,P0015,Groceries,SUP-04,2023-12-18,2023-12-24,165,6,False,simulation
PO-SIM-0001207,S003,P0016,Electronics,SUP-02,2023-12-18,2023-12-22,149,4,False,simulation
PO-SIM-0001208,S003,P0019,Groceries,SUP-04,2023-12-18,2023-12-24,12,6,False,simulation
PO-SIM-0001209,S004,P0002,Groceries,SUP-04,2023-12-18,2023-12-24,69,6,False,simulation
PO-SIM-0001210,S005,P0002,Electronics,SUP-02,2023-12-18,2023-12-22,20,4,False,simulation
PO-SIM-0001211,S005,P0003,Toys,SUP-05,2023-12-18,2023-12-21,37,3,False,simulation
PO-SIM-0001212,S005,P0008,Groceries,SUP-04,2023-12-18,2023-12-24,56,6,False,simulation
PO-SIM-0001213,S005,P0017,Toys,SUP-05,2023-12-18,2023-12-21,44,3,False,simulation
PO-SIM-0001214,S005,P0018,Clothing,SUP-01,2023-12-18,2023-12-21,47,3,False,simulation
PO-SIM-0001215,S005,P0020,Toys,SUP-05,2023-12-18,2023-12-21,19,3,False,simulation
PO-SIM-0001216,S001,P0001,Electronics,SUP-02,2023-12-19,2023-12-23,66,4,False,simulation
PO-SIM-0001217,S001,P0006,Toys,SUP-05,2023-12-19,2023-12-22,26,3,False,simulation
PO-SIM-0001218,S001,P0008,Electronics,SUP-02,2023-12-19,2023-12-23,56,4,False,simulation
PO-SIM-0001219,S001,P0009,Clothing,SUP-01,2023-12-19,2023-12-22,91,3,False,simulation
PO-SIM-0001220,S001,P0013,Toys,SUP-05,2023-12-19,2023-12-22,19,3,False,simulation
PO-SIM-0001221,S001,P0017,Toys,SUP-05,2023-12-19,2023-12-22,81,3,True,simulation
PO-SIM-0001222,S001,P0018,Groceries,SUP-04,2023-12-19,2023-12-25,82,6,False,simulation
PO-SIM-0001223,S002,P0008,Groceries,SUP-04,2023-12-19,2023-12-25,108,6,False,simulation
PO-SIM-0001224,S002,P0015,Clothing,SUP-01,2023-12-19,2023-12-22,129,3,False,simulation
PO-SIM-0001225,S002,P0016,Clothing,SUP-01,2023-12-19,2023-12-22,7,3,False,simulation
PO-SIM-0001226,S002,P0018,Clothing,SUP-01,2023-12-19,2023-12-22,79,3,False,simulation
PO-SIM-0001227,S003,P0001,Toys,SUP-05,2023-12-19,2023-12-22,33,3,False,simulation
PO-SIM-0001228,S003,P0006,Toys,SUP-05,2023-12-19,2023-12-22,44,3,False,simulation
PO-SIM-0001229,S003,P0011,Electronics,SUP-02,2023-12-19,2023-12-23,90,4,False,simulation
PO-SIM-0001230,S003,P0015,Groceries,SUP-04,2023-12-19,2023-12-25,125,6,False,simulation
PO-SIM-0001231,S004,P0005,Clothing,SUP-01,2023-12-19,2023-12-22,110,3,False,simulation
PO-SIM-0001232,S004,P0008,Furniture,SUP-03,2023-12-19,2023-12-24,5,5,False,simulation
PO-SIM-0001233,S004,P0011,Clothing,SUP-01,2023-12-19,2023-12-22,148,3,False,simulation
PO-SIM-0001234,S004,P0012,Electronics,SUP-02,2023-12-19,2023-12-23,141,4,False,simulation
PO-SIM-0001235,S004,P0017,Clothing,SUP-01,2023-12-19,2023-12-22,19,3,False,simulation
PO-SIM-0001236,S004,P0019,Clothing,SUP-01,2023-12-19,2023-12-22,37,3,False,simulation
PO-SIM-0001237,S004,P0020,Furniture,SUP-03,2023-12-19,2023-12-24,7,5,False,simulation
PO-SIM-0001238,S005,P0005,Groceries,SUP-04,2023-12-19,2023-12-25,55,6,False,simulation
PO-SIM-0001239,S005,P0007,Groceries,SUP-04,2023-12-19,2023-12-25,71,6,False,simulation
PO-SIM-0001240,S005,P0008,Groceries,SUP-04,2023-12-19,2023-12-25,5,6,False,simulation
PO-SIM-0001241,S005,P0013,Groceries,SUP-04,2023-12-19,2023-12-25,166,6,False,simulation
PO-SIM-0001242,S005,P0015,Groceries,SUP-04,2023-12-19,2023-12-25,89,6,False,simulation
PO-SIM-0001243,S005,P0017,Toys,SUP-05,2023-12-19,2023-12-22,78,3,False,simulation
PO-SIM-0001244,S005,P0018,Clothing,SUP-01,2023-12-19,2023-12-22,62,3,False,simulation
PO-SIM-0001245,S001,P0002,Clothing,SUP-01,2023-12-20,2023-12-23,145,3,False,simulation
PO-SIM-0001246,S001,P0008,Electronics,SUP-02,2023-12-20,2023-12-24,60,4,False,simulation
PO-SIM-0001247,S001,P0013,Toys,SUP-05,2023-12-20,2023-12-23,32,3,False,simulation
PO-SIM-0001248,S001,P0014,Groceries,SUP-04,2023-12-20,2023-12-26,44,6,False,simulation
PO-SIM-0001249,S001,P0017,Toys,SUP-05,2023-12-20,2023-12-23,13,3,False,simulation
PO-SIM-0001250,S001,P0018,Groceries,SUP-04,2023-12-20,2023-12-26,6,6,False,simulation
PO-SIM-0001251,S002,P0001,Groceries,SUP-04,2023-12-20,2023-12-26,23,6,False,simulation
PO-SIM-0001252,S002,P0008,Groceries,SUP-04,2023-12-20,2023-12-26,77,6,False,simulation
PO-SIM-0001253,S002,P0010,Groceries,SUP-04,2023-12-20,2023-12-26,63,6,False,simulation
PO-SIM-0001254,S002,P0013,Groceries,SUP-04,2023-12-20,2023-12-26,77,6,False,simulation
PO-SIM-0001255,S002,P0018,Clothing,SUP-01,2023-12-20,2023-12-23,19,3,False,simulation
PO-SIM-0001256,S002,P0020,Furniture,SUP-03,2023-12-20,2023-12-25,18,5,False,simulation
PO-SIM-0001257,S003,P0001,Toys,SUP-05,2023-12-20,2023-12-23,12,3,False,simulation
PO-SIM-0001258,S003,P0003,Electronics,SUP-02,2023-12-20,2023-12-24,34,4,False,simulation
PO-SIM-0001259,S003,P0006,Toys,SUP-05,2023-12-20,2023-12-23,85,3,False,simulation
PO-SIM-0001260,S003,P0008,Clothing,SUP-01,2023-12-20,2023-12-23,71,3,False,simulation
PO-SIM-0001261,S003,P0009,Groceries,SUP-04,2023-12-20,2023-12-26,46,6,False,simulation
PO-SIM-0001262,S003,P0010,Groceries,SUP-04,2023-12-20,2023-12-26,91,6,False,simulation
PO-SIM-0001263,S004,P0002,Groceries,SUP-04,2023-12-20,2023-12-26,190,6,False,simulation
PO-SIM-0001264,S004,P0006,Groceries,SUP-04,2023-12-20,2023-12-26,20,6,False,simulation
PO-SIM-0001265,S004,P0008,Furniture,SUP-03,2023-12-20,2023-12-25,2,5,False,simulation
PO-SIM-0001266,S005,P0005,Groceries,SUP-04,2023-12-20,2023-12-26,98,6,False,simulation
PO-SIM-0001267,S005,P0017,Toys,SUP-05,2023-12-20,2023-12-23,6,3,False,simulation
PO-SIM-0001268,S005,P0018,Clothing,SUP-01,2023-12-20,2023-12-23,27,3,False,simulation
PO-SIM-0001269,S005,P0020,Toys,SUP-05,2023-12-20,2023-12-23,24,3,False,simulation
PO-SIM-0001270,S001,P0002,Clothing,SUP-01,2023-12-21,2023-12-24,30,3,False,simulation
PO-SIM-0001271,S001,P0009,Clothing,SUP-01,2023-12-21,2023-12-24,28,3,False,simulation
PO-SIM-0001272,S001,P0013,Toys,SUP-05,2023-12-21,2023-12-24,18,3,False,simulation
PO-SIM-0001273,S001,P0018,Groceries,SUP-04,2023-12-21,2023-12-27,38,6,False,simulation
PO-SIM-0001274,S001,P0019,Furniture,SUP-03,2023-12-21,2023-12-26,11,5,False,simulation
PO-SIM-0001275,S002,P0008,Groceries,SUP-04,2023-12-21,2023-12-27,70,6,False,simulation
PO-SIM-0001276,S002,P0018,Clothing,SUP-01,2023-12-21,2023-12-24,23,3,False,simulation
PO-SIM-0001277,S003,P0003,Electronics,SUP-02,2023-12-21,2023-12-25,5,4,False,simulation
PO-SIM-0001278,S003,P0006,Toys,SUP-05,2023-12-21,2023-12-24,81,3,False,simulation
PO-SIM-0001279,S003,P0009,Groceries,SUP-04,2023-12-21,2023-12-27,97,6,False,simulation
PO-SIM-0001280,S003,P0011,Electronics,SUP-02,2023-12-21,2023-12-25,63,4,False,simulation
PO-SIM-0001281,S003,P0014,Groceries,SUP-04,2023-12-21,2023-12-27,10,6,False,simulation
PO-SIM-0001282,S003,P0018,Furniture,SUP-03,2023-12-21,2023-12-26,87,5,False,simulation
PO-SIM-0001283,S003,P0019,Groceries,SUP-04,2023-12-21,2023-12-27,110,6,False,simulation
PO-SIM-0001284,S004,P0005,Clothing,SUP-01,2023-12-21,2023-12-24,96,3,False,simulation
PO-SIM-0001285,S004,P0008,Furniture,SUP-03,2023-12-21,2023-12-26,3,5,False,simulation
PO-SIM-0001286,S004,P0012,Electronics,SUP-02,2023-12-21,2023-12-25,30,4,False,simulation
PO-SIM-0001287,S004,P0018,Furniture,SUP-03,2023-12-21,2023-12-26,19,5,False,simulation
PO-SIM-0001288,S004,P0019,Clothing,SUP-01,2023-12-21,2023-12-24,75,3,False,simulation
PO-SIM-0001289,S004,P0020,Furniture,SUP-03,2023-12-21,2023-12-26,5,5,False,simulation
PO-SIM-0001290,S005,P0001,Groceries,SUP-04,2023-12-21,2023-12-27,118,6,False,simulation
PO-SIM-0001291,S005,P0003,Toys,SUP-05,2023-12-21,2023-12-24,8,3,False,simulation
PO-SIM-0001292,S005,P0018,Clothing,SUP-01,2023-12-21,2023-12-24,68,3,False,simulation
PO-SIM-0001293,S001,P0006,Toys,SUP-05,2023-12-22,2023-12-25,86,3,False,simulation
PO-SIM-0001294,S001,P0008,Electronics,SUP-02,2023-12-22,2023-12-26,96,4,False,simulation
PO-SIM-0001295,S001,P0013,Toys,SUP-05,2023-12-22,2023-12-25,53,3,False,simulation
PO-SIM-0001296,S001,P0016,Groceries,SUP-04,2023-12-22,2023-12-28,32,6,False,simulation
PO-SIM-0001297,S001,P0017,Toys,SUP-05,2023-12-22,2023-12-25,87,3,False,simulation
PO-SIM-0001298,S001,P0018,Groceries,SUP-04,2023-12-22,2023-12-28,26,6,False,simulation
PO-SIM-0001299,S002,P0003,Groceries,SUP-04,2023-12-22,2023-12-28,5,6,False,simulation
PO-SIM-0001300,S002,P0006,Clothing,SUP-01,2023-12-22,2023-12-25,49,3,False,simulation
PO-SIM-0001301,S002,P0008,Groceries,SUP-04,2023-12-22,2023-12-28,73,6,False,simulation
PO-SIM-0001302,S002,P0012,Electronics,SUP-02,2023-12-22,2023-12-26,18,4,False,simulation
PO-SIM-0001303,S002,P0016,Clothing,SUP-01,2023-12-22,2023-12-25,99,3,False,simulation
PO-SIM-0001304,S003,P0014,Groceries,SUP-04,2023-12-22,2023-12-28,69,6,False,simulation
PO-SIM-0001305,S004,P0005,Clothing,SUP-01,2023-12-22,2023-12-25,9,3,False,simulation
PO-SIM-0001306,S004,P0012,Electronics,SUP-02,2023-12-22,2023-12-26,56,4,False,simulation
PO-SIM-0001307,S004,P0017,Clothing,SUP-01,2023-12-22,2023-12-25,61,3,False,simulation
PO-SIM-0001308,S004,P0020,Furniture,SUP-03,2023-12-22,2023-12-27,123,5,False,simulation
PO-SIM-0001309,S005,P0001,Groceries,SUP-04,2023-12-22,2023-12-28,10,6,False,simulation
PO-SIM-0001310,S005,P0002,Electronics,SUP-02,2023-12-22,2023-12-26,89,4,False,simulation
PO-SIM-0001311,S005,P0003,Toys,SUP-05,2023-12-22,2023-12-25,12,3,False,simulation
PO-SIM-0001312,S005,P0007,Groceries,SUP-04,2023-12-22,2023-12-28,47,6,False,simulation
PO-SIM-0001313,S005,P0008,Groceries,SUP-04,2023-12-22,2023-12-28,172,6,False,simulation
PO-SIM-0001314,S005,P0017,Toys,SUP-05,2023-12-22,2023-12-25,56,3,True,simulation
PO-SIM-0001315,S005,P0018,Clothing,SUP-01,2023-12-22,2023-12-25,72,3,False,simulation
PO-SIM-0001316,S005,P0020,Toys,SUP-05,2023-12-22,2023-12-25,114,3,False,simulation
PO-SIM-0001317,S001,P0002,Clothing,SUP-01,2023-12-23,2023-12-26,70,3,False,simulation
PO-SIM-0001318,S001,P0008,Electronics,SUP-02,2023-12-23,2023-12-27,62,4,False,simulation
PO-SIM-0001319,S001,P0016,Groceries,SUP-04,2023-12-23,2023-12-29,134,6,False,simulation
PO-SIM-0001320,S002,P0002,Toys,SUP-05,2023-12-23,2023-12-26,91,3,False,simulation
PO-SIM-0001321,S002,P0006,Clothing,SUP-01,2023-12-23,2023-12-26,68,3,False,simulation
PO-SIM-0001322,S002,P0008,Groceries,SUP-04,2023-12-23,2023-12-29,24,6,False,simulation
PO-SIM-0001323,S002,P0010,Groceries,SUP-04,2023-12-23,2023-12-29,60,6,True,simulation
PO-SIM-0001324,S002,P0018,Clothing,SUP-01,2023-12-23,2023-12-26,94,3,False,simulation
PO-SIM-0001325,S003,P0006,Toys,SUP-05,2023-12-23,2023-12-26,26,3,False,simulation
PO-SIM-0001326,S003,P0009,Groceries,SUP-04,2023-12-23,2023-12-29,55,6,False,simulation
PO-SIM-0001327,S003,P0019,Groceries,SUP-04,2023-12-23,2023-12-29,97,6,False,simulation
PO-SIM-0001328,S004,P0013,Groceries,SUP-04,2023-12-23,2023-12-29,9,6,False,simulation
PO-SIM-0001329,S004,P0016,Furniture,SUP-03,2023-12-23,2023-12-28,22,5,False,simulation
PO-SIM-0001330,S004,P0018,Furniture,SUP-03,2023-12-23,2023-12-28,23,5,False,simulation
PO-SIM-0001331,S004,P0019,Clothing,SUP-01,2023-12-23,2023-12-26,50,3,False,simulation
PO-SIM-0001332,S005,P0008,Groceries,SUP-04,2023-12-23,2023-12-29,21,6,False,simulation
PO-SIM-0001333,S005,P0020,Toys,SUP-05,2023-12-23,2023-12-26,22,3,False,simulation
PO-SIM-0001334,S001,P0001,Electronics,SUP-02,2023-12-24,2023-12-28,74,4,False,simulation
PO-SIM-0001335,S001,P0002,Clothing,SUP-01,2023-12-24,2023-12-27,68,3,False,simulation
PO-SIM-0001336,S001,P0004,Electronics,SUP-02,2023-12-24,2023-12-28,84,4,False,simulation
PO-SIM-0001337,S001,P0009,Clothing,SUP-01,2023-12-24,2023-12-27,56,3,False,simulation
PO-SIM-0001338,S001,P0013,Toys,SUP-05,2023-12-24,2023-12-27,51,3,False,simulation
PO-SIM-0001339,S001,P0015,Toys,SUP-05,2023-12-24,2023-12-27,15,3,False,simulation
PO-SIM-0001340,S001,P0017,Toys,SUP-05,2023-12-24,2023-12-27,123,3,False,simulation
PO-SIM-0001341,S002,P0004,Groceries,SUP-04,2023-12-24,2023-12-30,152,6,False,simulation
PO-SIM-0001342,S002,P0006,Clothing,SUP-01,2023-12-24,2023-12-27,34,3,False,simulation
PO-SIM-0001343,S002,P0010,Groceries,SUP-04,2023-12-24,2023-12-30,75,6,False,simulation
PO-SIM-0001344,S002,P0020,Furniture,SUP-03,2023-12-24,2023-12-29,56,5,False,simulation
PO-SIM-0001345,S003,P0006,Toys,SUP-05,2023-12-24,2023-12-27,24,3,False,simulation
PO-SIM-0001346,S003,P0009,Groceries,SUP-04,2023-12-24,2023-12-30,2,6,False,simulation
PO-SIM-0001347,S003,P0010,Groceries,SUP-04,2023-12-24,2023-12-30,111,6,False,simulation
PO-SIM-0001348,S003,P0011,Electronics,SUP-02,2023-12-24,2023-12-28,56,4,False,simulation
PO-SIM-0001349,S004,P0006,Groceries,SUP-04,2023-12-24,2023-12-30,117,6,False,simulation
PO-SIM-0001350,S004,P0008,Furniture,SUP-03,2023-12-24,2023-12-29,1,5,False,simulation
PO-SIM-0001351,S004,P0018,Furniture,SUP-03,2023-12-24,2023-12-29,50,5,False,simulation
PO-SIM-0001352,S005,P0015,Groceries,SUP-04,2023-12-24,2023-12-30,36,6,False,simulation
PO-SIM-0001353,S005,P0017,Toys,SUP-05,2023-12-24,2023-12-27,48,3,False,simulation
PO-SIM-0001354,S005,P0018,Clothing,SUP-01,2023-12-24,2023-12-27,96,3,False,simulation
PO-SIM-0001355,S005,P0019,Furniture,SUP-03,2023-12-24,2023-12-29,12,5,False,simulation
PO-SIM-0001356,S001,P0004,Electronics,SUP-02,2023-12-25,2023-12-29,162,4,False,simulation
PO-SIM-0001357,S001,P0009,Clothing,SUP-01,2023-12-25,2023-12-28,6,3,False,simulation
PO-SIM-0001358,S001,P0015,Toys,SUP-05,2023-12-25,2023-12-28,26,3,False,simulation
PO-SIM-0001359,S002,P0006,Clothing,SUP-01,2023-12-25,2023-12-28,12,3,False,simulation
PO-SIM-0001360,S002,P0008,Groceries,SUP-04,2023-12-25,2023-12-31,2,6,False,simulation
PO-SIM-0001361,S002,P0010,Groceries,SUP-04,2023-12-25,2023-12-31,54,6,False,simulation
PO-SIM-0001362,S002,P0016,Clothing,SUP-01,2023-12-25,2023-12-28,106,3,False,simulation
PO-SIM-0001363,S002,P0018,Clothing,SUP-01,2023-12-25,2023-12-28,53,3,False,simulation
PO-SIM-0001364,S003,P0006,Toys,SUP-05,2023-12-25,2023-12-28,21,3,False,simulation
PO-SIM-0001365,S003,P0019,Groceries,SUP-04,2023-12-25,2023-12-31,16,6,False,simulation
PO-SIM-0001366,S004,P0005,Clothing,SUP-01,2023-12-25,2023-12-28,23,3,False,simulation
PO-SIM-0001367,S004,P0012,Electronics,SUP-02,2023-12-25,2023-12-29,108,4,False,simulation
PO-SIM-0001368,S004,P0014,Furniture,SUP-03,2023-12-25,2023-12-30,80,5,False,simulation
PO-SIM-0001369,S004,P0015,Furniture,SUP-03,2023-12-25,2023-12-30,26,5,False,simulation
PO-SIM-0001370,S004,P0018,Furniture,SUP-03,2023-12-25,2023-12-30,22,5,False,simulation
PO-SIM-0001371,S004,P0019,Clothing,SUP-01,2023-12-25,2023-12-28,50,3,False,simulation
PO-SIM-0001372,S005,P0001,Groceries,SUP-04,2023-12-25,2023-12-31,76,6,False,simulation
PO-SIM-0001373,S005,P0008,Groceries,SUP-04,2023-12-25,2023-12-31,4,6,False,simulation
PO-SIM-0001374,S001,P0002,Clothing,SUP-01,2023-12-26,2023-12-29,56,3,False,simulation
PO-SIM-0001375,S001,P0006,Toys,SUP-05,2023-12-26,2023-12-29,20,3,False,simulation
PO-SIM-0001376,S001,P0008,Electronics,SUP-02,2023-12-26,2023-12-30,32,4,False,simulation
PO-SIM-0001377,S001,P0009,Clothing,SUP-01,2023-12-26,2023-12-29,62,3,False,simulation
PO-SIM-0001378,S001,P0013,Toys,SUP-05,2023-12-26,2023-12-29,20,3,False,simulation
PO-SIM-0001379,S001,P0015,Toys,SUP-05,2023-12-26,2023-12-29,18,3,False,simulation
PO-SIM-0001380,S001,P0017,Toys,SUP-05,2023-12-26,2023-12-29,59,3,False,simulation
PO-SIM-0001381,S002,P0008,Groceries,SUP-04,2023-12-26,2024-01-01,88,6,False,simulation
PO-SIM-0001382,S002,P0018,Clothing,SUP-01,2023-12-26,2023-12-29,34,3,False,simulation
PO-SIM-0001383,S003,P0003,Electronics,SUP-02,2023-12-26,2023-12-30,74,4,False,simulation
PO-SIM-0001384,S003,P0005,Toys,SUP-05,2023-12-26,2023-12-29,25,3,False,simulation
PO-SIM-0001385,S003,P0006,Toys,SUP-05,2023-12-26,2023-12-29,21,3,False,simulation
PO-SIM-0001386,S003,P0008,Clothing,SUP-01,2023-12-26,2023-12-29,53,3,False,simulation
PO-SIM-0001387,S003,P0009,Groceries,SUP-04,2023-12-26,2024-01-01,121,6,False,simulation
PO-SIM-0001388,S003,P0011,Electronics,SUP-02,2023-12-26,2023-12-30,64,4,False,simulation
PO-SIM-0001389,S003,P0019,Groceries,SUP-04,2023-12-26,2024-01-01,57,6,False,simulation
PO-SIM-0001390,S004,P0001,Groceries,SUP-04,2023-12-26,2024-01-01,124,6,False,simulation
PO-SIM-0001391,S004,P0005,Clothing,SUP-01,2023-12-26,2023-12-29,17,3,False,simulation
PO-SIM-0001392,S004,P0017,Clothing,SUP-01,2023-12-26,2023-12-29,64,3,False,simulation
PO-SIM-0001393,S004,P0018,Furniture,SUP-03,2023-12-26,2023-12-31,7,5,False,simulation
PO-SIM-0001394,S005,P0003,Toys,SUP-05,2023-12-26,2023-12-29,23,3,False,simulation
PO-SIM-0001395,S005,P0008,Groceries,SUP-04,2023-12-26,2024-01-01,62,6,False,simulation
PO-SIM-0001396,S005,P0014,Furniture,SUP-03,2023-12-26,2023-12-31,22,5,False,simulation
PO-SIM-0001397,S005,P0018,Clothing,SUP-01,2023-12-26,2023-12-29,51,3,False,simulation
PO-SIM-0001398,S002,P0001,Groceries,SUP-04,2023-12-27,2024-01-02,18,6,False,simulation
PO-SIM-0001399,S002,P0006,Clothing,SUP-01,2023-12-27,2023-12-30,103,3,False,simulation
PO-SIM-0001400,S002,P0015,Clothing,SUP-01,2023-12-27,2023-12-30,147,3,False,simulation
PO-SIM-0001401,S003,P0003,Electronics,SUP-02,2023-12-27,2023-12-31,22,4,False,simulation
PO-SIM-0001402,S003,P0005,Toys,SUP-05,2023-12-27,2023-12-30,60,3,False,simulation
PO-SIM-0001403,S003,P0016,Electronics,SUP-02,2023-12-27,2023-12-31,49,4,False,simulation
PO-SIM-0001404,S003,P0019,Groceries,SUP-04,2023-12-27,2024-01-02,40,6,False,simulation
PO-SIM-0001405,S004,P0001,Groceries,SUP-04,2023-12-27,2024-01-02,138,6,False,simulation
PO-SIM-0001406,S004,P0002,Groceries,SUP-04,2023-12-27,2024-01-02,43,6,False,simulation
PO-SIM-0001407,S004,P0017,Clothing,SUP-01,2023-12-27,2023-12-30,20,3,False,simulation
PO-SIM-0001408,S004,P0019,Clothing,SUP-01,2023-12-27,2023-12-30,78,3,False,simulation
PO-SIM-0001409,S005,P0010,Groceries,SUP-04,2023-12-27,2024-01-02,3,6,False,simulation
PO-SIM-0001410,S005,P0018,Clothing,SUP-01,2023-12-27,2023-12-30,47,3,False,simulation
PO-SIM-0001411,S001,P0002,Clothing,SUP-01,2023-12-28,2023-12-31,120,3,False,simulation
PO-SIM-0001412,S001,P0018,Groceries,SUP-04,2023-12-28,2024-01-03,65,6,False,simulation
PO-SIM-0001413,S002,P0011,Groceries,SUP-04,2023-12-28,2024-01-03,38,6,False,simulation
PO-SIM-0001414,S002,P0018,Clothing,SUP-01,2023-12-28,2023-12-31,4,3,False,simulation
PO-SIM-0001415,S004,P0005,Clothing,SUP-01,2023-12-28,2023-12-31,152,3,False,simulation
PO-SIM-0001416,S005,P0001,Groceries,SUP-04,2023-12-28,2024-01-03,6,6,False,simulation
PO-SIM-0001417,S005,P0004,Groceries,SUP-04,2023-12-28,2024-01-03,36,6,False,simulation
PO-SIM-0001418,S005,P0007,Groceries,SUP-04,2023-12-28,2024-01-03,10,6,False,simulation
PO-SIM-0001419,S005,P0018,Clothing,SUP-01,2023-12-28,2023-12-31,156,3,False,simulation
PO-SIM-0001420,S001,P0002,Clothing,SUP-01,2023-12-29,2024-01-01,82,3,False,simulation
PO-SIM-0001421,S001,P0008,Electronics,SUP-02,2023-12-29,2024-01-02,9,4,False,simulation
PO-SIM-0001422,S001,P0009,Clothing,SUP-01,2023-12-29,2024-01-01,78,3,False,simulation
PO-SIM-0001423,S001,P0017,Toys,SUP-05,2023-12-29,2024-01-01,6,3,False,simulation
PO-SIM-0001424,S002,P0008,Groceries,SUP-04,2023-12-29,2024-01-04,12,6,False,simulation
PO-SIM-0001425,S002,P0019,Clothing,SUP-01,2023-12-29,2024-01-01,46,3,False,simulation
PO-SIM-0001426,S003,P0008,Clothing,SUP-01,2023-12-29,2024-01-01,36,3,False,simulation
PO-SIM-0001427,S003,P0009,Groceries,SUP-04,2023-12-29,2024-01-04,24,6,False,simulation
PO-SIM-0001428,S005,P0008,Groceries,SUP-04,2023-12-29,2024-01-04,38,6,False,simulation
PO-SIM-0001429,S005,P0018,Clothing,SUP-01,2023-12-29,2024-01-01,44,3,False,simulation
PO-SIM-0001430,S002,P0006,Clothing,SUP-01,2023-12-30,2024-01-02,78,3,False,simulation
PO-SIM-0001431,S002,P0015,Clothing,SUP-01,2023-12-30,2024-01-02,99,3,False,simulation
PO-SIM-0001432,S002,P0016,Clothing,SUP-01,2023-12-30,2024-01-02,13,3,False,simulation
PO-SIM-0001433,S002,P0018,Clothing,SUP-01,2023-12-30,2024-01-02,63,3,False,simulation
PO-SIM-0001434,S002,P0019,Clothing,SUP-01,2023-12-30,2024-01-02,132,3,False,simulation
PO-SIM-0001435,S003,P0010,Groceries,SUP-04,2023-12-30,2024-01-05,1,6,False,simulation
PO-SIM-0001436,S004,P0005,Clothing,SUP-01,2023-12-30,2024-01-02,68,3,False,simulation
PO-SIM-0001437,S004,P0012,Electronics,SUP-02,2023-12-30,2024-01-03,14,4,False,simulation
PO-SIM-0001438,S004,P0017,Clothing,SUP-01,2023-12-30,2024-01-02,79,3,False,simulation
PO-SIM-0001439,S004,P0019,Clothing,SUP-01,2023-12-30,2024-01-02,49,3,False,simulation
PO-SIM-0001440,S001,P0002,Clothing,SUP-01,2023-12-31,2024-01-03,55,3,False,simulation
PO-SIM-0001441,S001,P0008,Electronics,SUP-02,2023-12-31,2024-01-04,31,4,False,simulation
PO-SIM-0001442,S001,P0009,Clothing,SUP-01,2023-12-31,2024-01-03,33,3,False,simulation
PO-SIM-0001443,S001,P0014,Groceries,SUP-04,2023-12-31,2024-01-06,59,6,False,simulation
PO-SIM-0001444,S002,P0008,Groceries,SUP-04,2023-12-31,2024-01-06,35,6,False,simulation
PO-SIM-0001445,S002,P0010,Groceries,SUP-04,2023-12-31,2024-01-06,38,6,False,simulation
PO-SIM-0001446,S003,P0019,Groceries,SUP-04,2023-12-31,2024-01-06,58,6,False,simulation
PO-SIM-0001447,S003,P0020,Clothing,SUP-01,2023-12-31,2024-01-03,104,3,False,simulation
PO-SIM-0001448,S004,P0006,Groceries,SUP-04,2023-12-31,2024-01-06,10,6,False,simulation
PO-SIM-0001449,S005,P0008,Groceries,SUP-04,2023-12-31,2024-01-06,21,6,False,simulation
PO-SIM-0001450,S001,P0002,Clothing,SUP-01,2024-01-01,2024-01-04,20,3,False,simulation
PO-SIM-0001451,S001,P0008,Electronics,SUP-02,2024-01-01,2024-01-05,9,4,False,simulation
PO-SIM-0001452,S001,P0018,Groceries,SUP-04,2024-01-01,2024-01-07,15,6,False,simulation
PO-SIM-0001453,S002,P0006,Clothing,SUP-01,2024-01-01,2024-01-04,62,3,False,simulation
PO-SIM-0001454,S002,P0008,Groceries,SUP-04,2024-01-01,2024-01-07,33,6,False,simulation
PO-SIM-0001455,S002,P0010,Groceries,SUP-04,2024-01-01,2024-01-07,61,6,False,simulation
PO-SIM-0001456,S002,P0018,Clothing,SUP-01,2024-01-01,2024-01-04,80,3,False,simulation
PO-SIM-0001457,S003,P0008,Clothing,SUP-01,2024-01-01,2024-01-04,59,3,False,simulation
PO-SIM-0001458,S003,P0009,Groceries,SUP-04,2024-01-01,2024-01-07,61,6,False,simulation
PO-SIM-0001459,S004,P0002,Groceries,SUP-04,2024-01-01,2024-01-07,19,6,False,simulation
PO-SIM-0001460,S004,P0005,Clothing,SUP-01,2024-01-01,2024-01-04,111,3,False,simulation
PO-SIM-0001461,S004,P0018,Furniture,SUP-03,2024-01-01,2024-01-06,8,5,False,simulation
PO-SIM-0001462,S004,P0019,Clothing,SUP-01,2024-01-01,2024-01-04,24,3,False,simulation
PO-SIM-0001463,S005,P0001,Groceries,SUP-04,2024-01-01,2024-01-07,37,6,False,simulation
PO-SIM-0001464,S005,P0018,Clothing,SUP-01,2024-01-01,2024-01-04,35,3,False,simulation
PO-SIM-0001465,S001,P0002,Clothing,SUP-01,2024-01-02,2024-01-05,61,3,False,simulation
PO-SIM-0001466,S001,P0009,Clothing,SUP-01,2024-01-02,2024-01-05,129,3,False,simulation
PO-SIM-0001467,S002,P0006,Clothing,SUP-01,2024-01-02,2024-01-05,148,3,False,simulation
PO-SIM-0001468,S002,P0008,Groceries,SUP-04,2024-01-02,2024-01-08,51,6,False,simulation
PO-SIM-0001469,S002,P0009,Groceries,SUP-04,2024-01-02,2024-01-08,59,6,False,simulation
PO-SIM-0001470,S002,P0010,Groceries,SUP-04,2024-01-02,2024-01-08,32,6,False,simulation
PO-SIM-0001471,S002,P0016,Clothing,SUP-01,2024-01-02,2024-01-05,45,3,False,simulation
PO-SIM-0001472,S002,P0018,Clothing,SUP-01,2024-01-02,2024-01-05,39,3,False,simulation
PO-SIM-0001473,S003,P0009,Groceries,SUP-04,2024-01-02,2024-01-08,34,6,False,simulation
PO-SIM-0001474,S003,P0010,Groceries,SUP-04,2024-01-02,2024-01-08,30,6,False,simulation
PO-SIM-0001475,S004,P0002,Groceries,SUP-04,2024-01-02,2024-01-08,90,6,False,simulation
PO-SIM-0001476,S004,P0005,Clothing,SUP-01,2024-01-02,2024-01-05,82,3,False,simulation
PO-SIM-0001477,S004,P0006,Groceries,SUP-04,2024-01-02,2024-01-08,30,6,False,simulation
PO-SIM-0001478,S004,P0009,Clothing,SUP-01,2024-01-02,2024-01-05,7,3,False,simulation
PO-SIM-0001479,S004,P0017,Clothing,SUP-01,2024-01-02,2024-01-05,89,3,False,simulation
PO-SIM-0001480,S005,P0005,Groceries,SUP-04,2024-01-02,2024-01-08,94,6,False,simulation
PO-SIM-0001481,S005,P0008,Groceries,SUP-04,2024-01-02,2024-01-08,39,6,False,simulation
PO-SIM-0001482,S005,P0015,Groceries,SUP-04,2024-01-02,2024-01-08,110,6,False,simulation
PO-SIM-0001483,S005,P0018,Clothing,SUP-01,2024-01-02,2024-01-05,12,3,False,simulation
PO-SIM-0001484,S001,P0002,Clothing,SUP-01,2024-01-03,2024-01-06,5,3,False,simulation
PO-SIM-0001485,S001,P0008,Electronics,SUP-02,2024-01-03,2024-01-07,4,4,False,simulation
PO-SIM-0001486,S002,P0003,Groceries,SUP-04,2024-01-03,2024-01-09,85,6,False,simulation
PO-SIM-0001487,S002,P0008,Groceries,SUP-04,2024-01-03,2024-01-09,65,6,False,simulation
PO-SIM-0001488,S003,P0004,Groceries,SUP-04,2024-01-03,2024-01-09,18,6,False,simulation
PO-SIM-0001489,S003,P0010,Groceries,SUP-04,2024-01-03,2024-01-09,26,6,False,simulation
PO-SIM-0001490,S004,P0012,Electronics,SUP-02,2024-01-03,2024-01-07,13,4,False,simulation
PO-SIM-0001491,S004,P0017,Clothing,SUP-01,2024-01-03,2024-01-06,54,3,False,simulation
PO-SIM-0001492,S004,P0019,Clothing,SUP-01,2024-01-03,2024-01-06,60,3,False,simulation
PO-SIM-0001493,S005,P0008,Groceries,SUP-04,2024-01-03,2024-01-09,80,6,False,simulation
PO-SIM-0001494,S001,P0008,Electronics,SUP-02,2024-01-04,2024-01-08,17,4,False,simulation
PO-SIM-0001495,S001,P0009,Clothing,SUP-01,2024-01-04,2024-01-07,31,3,False,simulation
PO-SIM-0001496,S001,P0012,Groceries,SUP-04,2024-01-04,2024-01-10,64,6,False,simulation
PO-SIM-0001497,S002,P0006,Clothing,SUP-01,2024-01-04,2024-01-07,134,3,False,simulation
PO-SIM-0001498,S002,P0008,Groceries,SUP-04,2024-01-04,2024-01-10,33,6,False,simulation
PO-SIM-0001499,S002,P0010,Groceries,SUP-04,2024-01-04,2024-01-10,27,6,False,simulation
PO-SIM-0001500,S002,P0016,Clothing,SUP-01,2024-01-04,2024-01-07,39,3,False,simulation
PO-SIM-0001501,S003,P0004,Groceries,SUP-04,2024-01-04,2024-01-10,75,6,False,simulation
PO-SIM-0001502,S003,P0010,Groceries,SUP-04,2024-01-04,2024-01-10,26,6,False,simulation
PO-SIM-0001503,S004,P0014,Furniture,SUP-03,2024-01-04,2024-01-09,2,5,False,simulation
PO-SIM-0001504,S004,P0017,Clothing,SUP-01,2024-01-04,2024-01-07,58,3,False,simulation
PO-SIM-0001505,S005,P0018,Clothing,SUP-01,2024-01-04,2024-01-07,121,3,False,simulation
PO-SIM-0001506,S001,P0008,Electronics,SUP-02,2024-01-05,2024-01-09,10,4,False,simulation
PO-SIM-0001507,S001,P0009,Clothing,SUP-01,2024-01-05,2024-01-08,9,3,False,simulation
PO-SIM-0001508,S001,P0016,Groceries,SUP-04,2024-01-05,2024-01-11,54,6,False,simulation
PO-SIM-0001509,S001,P0017,Toys,SUP-05,2024-01-05,2024-01-08,19,3,False,simulation
PO-SIM-0001510,S001,P0018,Groceries,SUP-04,2024-01-05,2024-01-11,21,6,False,simulation
PO-SIM-0001511,S002,P0006,Clothing,SUP-01,2024-01-05,2024-01-08,1,3,False,simulation
PO-SIM-0001512,S002,P0008,Groceries,SUP-04,2024-01-05,2024-01-11,35,6,False,simulation
PO-SIM-0001513,S002,P0010,Groceries,SUP-04,2024-01-05,2024-01-11,53,6,False,simulation
PO-SIM-0001514,S002,P0016,Clothing,SUP-01,2024-01-05,2024-01-08,154,3,False,simulation
PO-SIM-0001515,S003,P0003,Electronics,SUP-02,2024-01-05,2024-01-09,1,4,False,simulation
PO-SIM-0001516,S003,P0008,Clothing,SUP-01,2024-01-05,2024-01-08,86,3,False,simulation
PO-SIM-0001517,S003,P0009,Groceries,SUP-04,2024-01-05,2024-01-11,41,6,False,simulation
PO-SIM-0001518,S003,P0010,Groceries,SUP-04,2024-01-05,2024-01-11,56,6,False,simulation
PO-SIM-0001519,S003,P0011,Electronics,SUP-02,2024-01-05,2024-01-09,30,4,False,simulation
PO-SIM-0001520,S003,P0019,Groceries,SUP-04,2024-01-05,2024-01-11,56,6,False,simulation
PO-SIM-0001521,S004,P0005,Clothing,SUP-01,2024-01-05,2024-01-08,101,3,False,simulation
PO-SIM-0001522,S004,P0017,Clothing,SUP-01,2024-01-05,2024-01-08,87,3,False,simulation
PO-SIM-0001523,S004,P0019,Clothing,SUP-01,2024-01-05,2024-01-08,97,3,False,simulation
PO-SIM-0001524,S005,P0005,Groceries,SUP-04,2024-01-05,2024-01-11,87,6,False,simulation
PO-SIM-0001525,S005,P0008,Groceries,SUP-04,2024-01-05,2024-01-11,30,6,False,simulation
PO-SIM-0001526,S005,P0018,Clothing,SUP-01,2024-01-05,2024-01-08,112,3,False,simulation
PO-SIM-0001527,S001,P0002,Clothing,SUP-01,2024-01-06,2024-01-09,76,3,False,simulation
PO-SIM-0001528,S001,P0004,Electronics,SUP-02,2024-01-06,2024-01-10,27,4,False,simulation
PO-SIM-0001529,S001,P0009,Clothing,SUP-01,2024-01-06,2024-01-09,62,3,False,simulation
PO-SIM-0001530,S001,P0017,Toys,SUP-05,2024-01-06,2024-01-09,1,3,False,simulation
PO-SIM-0001531,S002,P0018,Clothing,SUP-01,2024-01-06,2024-01-09,26,3,False,simulation
PO-SIM-0001532,S002,P0019,Clothing,SUP-01,2024-01-06,2024-01-09,42,3,False,simulation
PO-SIM-0001533,S003,P0001,Toys,SUP-05,2024-01-06,2024-01-09,12,3,False,simulation
PO-SIM-0001534,S003,P0009,Groceries,SUP-04,2024-01-06,2024-01-12,50,6,False,simulation
PO-SIM-0001535,S004,P0005,Clothing,SUP-01,2024-01-06,2024-01-09,19,3,False,simulation
PO-SIM-0001536,S004,P0009,Clothing,SUP-01,2024-01-06,2024-01-09,104,3,False,simulation
PO-SIM-0001537,S004,P0019,Clothing,SUP-01,2024-01-06,2024-01-09,43,3,False,simulation
PO-SIM-0001538,S005,P0001,Groceries,SUP-04,2024-01-06,2024-01-12,7,6,False,simulation
PO-SIM-0001539,S005,P0006,Groceries,SUP-04,2024-01-06,2024-01-12,33,6,False,simulation
PO-SIM-0001540,S005,P0009,Groceries,SUP-04,2024-01-06,2024-01-12,21,6,False,simulation
PO-SIM-0001541,S005,P0015,Groceries,SUP-04,2024-01-06,2024-01-12,38,6,False,simulation
PO-SIM-0001542,S005,P0018,Clothing,SUP-01,2024-01-06,2024-01-09,6,3,False,simulation
PO-SIM-0001543,S001,P0002,Clothing,SUP-01,2024-01-07,2024-01-10,19,3,False,simulation
PO-SIM-0001544,S001,P0009,Clothing,SUP-01,2024-01-07,2024-01-10,9,3,False,simulation
PO-SIM-0001545,S002,P0006,Clothing,SUP-01,2024-01-07,2024-01-10,88,3,False,simulation
PO-SIM-0001546,S002,P0008,Groceries,SUP-04,2024-01-07,2024-01-13,57,6,False,simulation
PO-SIM-0001547,S002,P0010,Groceries,SUP-04,2024-01-07,2024-01-13,109,6,False,simulation
PO-SIM-0001548,S002,P0019,Clothing,SUP-01,2024-01-07,2024-01-10,146,3,False,simulation
PO-SIM-0001549,S003,P0009,Groceries,SUP-04,2024-01-07,2024-01-13,20,6,False,simulation
PO-SIM-0001550,S003,P0010,Groceries,SUP-04,2024-01-07,2024-01-13,10,6,False,simulation
PO-SIM-0001551,S003,P0011,Electronics,SUP-02,2024-01-07,2024-01-11,68,4,False,simulation
PO-SIM-0001552,S003,P0013,Groceries,SUP-04,2024-01-07,2024-01-13,58,6,False,simulation
PO-SIM-0001553,S003,P0019,Groceries,SUP-04,2024-01-07,2024-01-13,35,6,False,simulation
PO-SIM-0001554,S004,P0009,Clothing,SUP-01,2024-01-07,2024-01-10,163,3,False,simulation
PO-SIM-0001555,S004,P0011,Clothing,SUP-01,2024-01-07,2024-01-10,34,3,False,simulation
PO-SIM-0001556,S004,P0012,Electronics,SUP-02,2024-01-07,2024-01-11,37,4,False,simulation
PO-SIM-0001557,S004,P0013,Groceries,SUP-04,2024-01-07,2024-01-13,38,6,False,simulation
PO-SIM-0001558,S004,P0017,Clothing,SUP-01,2024-01-07,2024-01-10,27,3,False,simulation
PO-SIM-0001559,S004,P0019,Clothing,SUP-01,2024-01-07,2024-01-10,13,3,False,simulation
PO-SIM-0001560,S005,P0004,Groceries,SUP-04,2024-01-07,2024-01-13,1,6,False,simulation
PO-SIM-0001561,S001,P0002,Clothing,SUP-01,2024-01-08,2024-01-11,58,3,False,simulation
PO-SIM-0001562,S001,P0016,Groceries,SUP-04,2024-01-08,2024-01-14,58,6,False,simulation
PO-SIM-0001563,S002,P0006,Clothing,SUP-01,2024-01-08,2024-01-11,125,3,False,simulation
PO-SIM-0001564,S002,P0018,Clothing,SUP-01,2024-01-08,2024-01-11,72,3,False,simulation
PO-SIM-0001565,S003,P0004,Groceries,SUP-04,2024-01-08,2024-01-14,24,6,False,simulation
PO-SIM-0001566,S003,P0019,Groceries,SUP-04,2024-01-08,2024-01-14,28,6,False,simulation
PO-SIM-0001567,S004,P0002,Groceries,SUP-04,2024-01-08,2024-01-14,5,6,False,simulation
PO-SIM-0001568,S004,P0004,Groceries,SUP-04,2024-01-08,2024-01-14,77,6,True,simulation
PO-SIM-0001569,S004,P0005,Clothing,SUP-01,2024-01-08,2024-01-11,25,3,False,simulation
PO-SIM-0001570,S004,P0011,Clothing,SUP-01,2024-01-08,2024-01-11,146,3,False,simulation
PO-SIM-0001571,S004,P0016,Furniture,SUP-03,2024-01-08,2024-01-13,60,5,False,simulation
PO-SIM-0001572,S004,P0017,Clothing,SUP-01,2024-01-08,2024-01-11,120,3,False,simulation
PO-SIM-0001573,S004,P0019,Clothing,SUP-01,2024-01-08,2024-01-11,19,3,False,simulation
PO-SIM-0001574,S005,P0004,Groceries,SUP-04,2024-01-08,2024-01-14,57,6,False,simulation
PO-SIM-0001575,S005,P0018,Clothing,SUP-01,2024-01-08,2024-01-11,52,3,False,simulation
PO-SIM-0001576,S001,P0004,Electronics,SUP-02,2024-01-09,2024-01-13,79,4,False,simulation
PO-SIM-0001577,S001,P0005,Groceries,SUP-04,2024-01-09,2024-01-15,18,6,False,simulation
PO-SIM-0001578,S001,P0008,Electronics,SUP-02,2024-01-09,2024-01-13,96,4,False,simulation
PO-SIM-0001579,S001,P0013,Toys,SUP-05,2024-01-09,2024-01-12,39,3,False,simulation
PO-SIM-0001580,S001,P0015,Toys,SUP-05,2024-01-09,2024-01-12,58,3,False,simulation
PO-SIM-0001581,S001,P0017,Toys,SUP-05,2024-01-09,2024-01-12,41,3,False,simulation
PO-SIM-0001582,S001,P0018,Groceries,SUP-04,2024-01-09,2024-01-15,12,6,False,simulation
PO-SIM-0001583,S002,P0001,Groceries,SUP-04,2024-01-09,2024-01-15,10,6,False,simulation
PO-SIM-0001584,S002,P0008,Groceries,SUP-04,2024-01-09,2024-01-15,65,6,False,simulation
PO-SIM-0001585,S002,P0011,Groceries,SUP-04,2024-01-09,2024-01-15,94,6,False,simulation
PO-SIM-0001586,S002,P0016,Clothing,SUP-01,2024-01-09,2024-01-12,61,3,False,simulation
PO-SIM-0001587,S002,P0018,Clothing,SUP-01,2024-01-09,2024-01-12,41,3,False,simulation
PO-SIM-0001588,S003,P0006,Toys,SUP-05,2024-01-09,2024-01-12,5,3,False,simulation
PO-SIM-0001589,S003,P0007,Groceries,SUP-04,2024-01-09,2024-01-15,26,6,False,simulation
PO-SIM-0001590,S003,P0009,Groceries,SUP-04,2024-01-09,2024-01-15,126,6,False,simulation
PO-SIM-0001591,S003,P0010,Groceries,SUP-04,2024-01-09,2024-01-15,83,6,False,simulation
PO-SIM-0001592,S003,P0019,Groceries,SUP-04,2024-01-09,2024-01-15,63,6,False,simulation
PO-SIM-0001593,S004,P0006,Groceries,SUP-04,2024-01-09,2024-01-15,15,6,False,simulation
PO-SIM-0001594,S004,P0008,Furniture,SUP-03,2024-01-09,2024-01-14,20,5,False,simulation
PO-SIM-0001595,S004,P0012,Electronics,SUP-02,2024-01-09,2024-01-13,61,4,False,simulation
PO-SIM-0001596,S005,P0001,Groceries,SUP-04,2024-01-09,2024-01-15,52,6,False,simulation
PO-SIM-0001597,S005,P0007,Groceries,SUP-04,2024-01-09,2024-01-15,11,6,False,simulation
PO-SIM-0001598,S005,P0008,Groceries,SUP-04,2024-01-09,2024-01-15,42,6,False,simulation
PO-SIM-0001599,S005,P0015,Groceries,SUP-04,2024-01-09,2024-01-15,62,6,False,simulation
PO-SIM-0001600,S005,P0017,Toys,SUP-05,2024-01-09,2024-01-12,9,3,False,simulation
PO-SIM-0001601,S005,P0018,Clothing,SUP-01,2024-01-09,2024-01-12,29,3,False,simulation
PO-SIM-0001602,S005,P0019,Furniture,SUP-03,2024-01-09,2024-01-14,64,5,False,simulation
PO-SIM-0001603,S005,P0020,Toys,SUP-05,2024-01-09,2024-01-12,17,3,False,simulation
PO-SIM-0001604,S001,P0001,Electronics,SUP-02,2024-01-10,2024-01-14,1,4,False,simulation
PO-SIM-0001605,S001,P0002,Clothing,SUP-01,2024-01-10,2024-01-13,73,3,False,simulation
PO-SIM-0001606,S001,P0006,Toys,SUP-05,2024-01-10,2024-01-13,21,3,False,simulation
PO-SIM-0001607,S001,P0008,Electronics,SUP-02,2024-01-10,2024-01-14,14,4,False,simulation
PO-SIM-0001608,S001,P0009,Clothing,SUP-01,2024-01-10,2024-01-13,2,3,False,simulation
PO-SIM-0001609,S001,P0012,Groceries,SUP-04,2024-01-10,2024-01-16,76,6,False,simulation
PO-SIM-0001610,S001,P0013,Toys,SUP-05,2024-01-10,2024-01-13,17,3,False,simulation
PO-SIM-0001611,S001,P0016,Groceries,SUP-04,2024-01-10,2024-01-16,4,6,False,simulation
PO-SIM-0001612,S001,P0017,Toys,SUP-05,2024-01-10,2024-01-13,7,3,False,simulation
PO-SIM-0001613,S002,P0001,Groceries,SUP-04,2024-01-10,2024-01-16,109,6,False,simulation
PO-SIM-0001614,S002,P0002,Toys,SUP-05,2024-01-10,2024-01-13,56,3,False,simulation
PO-SIM-0001615,S002,P0006,Clothing,SUP-01,2024-01-10,2024-01-13,81,3,False,simulation
PO-SIM-0001616,S002,P0010,Groceries,SUP-04,2024-01-10,2024-01-16,7,6,False,simulation
PO-SIM-0001617,S002,P0018,Clothing,SUP-01,2024-01-10,2024-01-13,16,3,True,simulation
PO-SIM-0001618,S003,P0003,Electronics,SUP-02,2024-01-10,2024-01-14,9,4,False,simulation
PO-SIM-0001619,S003,P0006,Toys,SUP-05,2024-01-10,2024-01-13,6,3,False,simulation
PO-SIM-0001620,S003,P0010,Groceries,SUP-04,2024-01-10,2024-01-16,25,6,False,simulation
PO-SIM-0001621,S003,P0012,Furniture,SUP-03,2024-01-10,2024-01-15,49,5,False,simulation
PO-SIM-0001622,S003,P0016,Electronics,SUP-02,2024-01-10,2024-01-14,43,4,False,simulation
PO-SIM-0001623,S004,P0005,Clothing,SUP-01,2024-01-10,2024-01-13,26,3,False,simulation
PO-SIM-0001624,S004,P0007,Groceries,SUP-04,2024-01-10,2024-01-16,64,6,False,simulation
PO-SIM-0001625,S004,P0008,Furniture,SUP-03,2024-01-10,2024-01-15,14,5,False,simulation
PO-SIM-0001626,S004,P0014,Furniture,SUP-03,2024-01-10,2024-01-15,38,5,False,simulation
PO-SIM-0001627,S004,P0017,Clothing,SUP-01,2024-01-10,2024-01-13,67,3,False,simulation
PO-SIM-0001628,S004,P0019,Clothing,SUP-01,2024-01-10,2024-01-13,61,3,False,simulation
PO-SIM-0001629,S004,P0020,Furniture,SUP-03,2024-01-10,2024-01-15,2,5,False,simulation
PO-SIM-0001630,S005,P0004,Groceries,SUP-04,2024-01-10,2024-01-16,9,6,False,simulation
PO-SIM-0001631,S005,P0005,Groceries,SUP-04,2024-01-10,2024-01-16,82,6,False,simulation
PO-SIM-0001632,S005,P0007,Groceries,SUP-04,2024-01-10,2024-01-16,121,6,False,simulation
PO-SIM-0001633,S005,P0012,Furniture,SUP-03,2024-01-10,2024-01-15,75,5,False,simulation
PO-SIM-0001634,S005,P0013,Groceries,SUP-04,2024-01-10,2024-01-16,23,6,False,simulation
PO-SIM-0001635,S005,P0017,Toys,SUP-05,2024-01-10,2024-01-13,22,3,False,simulation
PO-SIM-0001636,S005,P0018,Clothing,SUP-01,2024-01-10,2024-01-13,33,3,False,simulation
PO-SIM-0001637,S001,P0006,Toys,SUP-05,2024-01-11,2024-01-14,87,3,False,simulation
PO-SIM-0001638,S001,P0007,Groceries,SUP-04,2024-01-11,2024-01-17,43,6,False,simulation
PO-SIM-0001639,S001,P0008,Electronics,SUP-02,2024-01-11,2024-01-15,46,4,False,simulation
PO-SIM-0001640,S001,P0009,Clothing,SUP-01,2024-01-11,2024-01-14,81,3,False,simulation
PO-SIM-0001641,S001,P0016,Groceries,SUP-04,2024-01-11,2024-01-17,76,6,False,simulation
PO-SIM-0001642,S001,P0017,Toys,SUP-05,2024-01-11,2024-01-14,57,3,False,simulation
PO-SIM-0001643,S001,P0018,Groceries,SUP-04,2024-01-11,2024-01-17,42,6,False,simulation
PO-SIM-0001644,S002,P0002,Toys,SUP-05,2024-01-11,2024-01-14,12,3,False,simulation
PO-SIM-0001645,S002,P0006,Clothing,SUP-01,2024-01-11,2024-01-14,24,3,False,simulation
PO-SIM-0001646,S002,P0008,Groceries,SUP-04,2024-01-11,2024-01-17,116,6,False,simulation
PO-SIM-0001647,S002,P0010,Groceries,SUP-04,2024-01-11,2024-01-17,41,6,False,simulation
PO-SIM-0001648,S002,P0011,Groceries,SUP-04,2024-01-11,2024-01-17,42,6,False,simulation
PO-SIM-0001649,S002,P0014,Electronics,SUP-02,2024-01-11,2024-01-15,44,4,False,simulation
PO-SIM-0001650,S002,P0018,Clothing,SUP-01,2024-01-11,2024-01-14,25,3,False,simulation
PO-SIM-0001651,S003,P0003,Electronics,SUP-02,2024-01-11,2024-01-15,18,4,False,simulation
PO-SIM-0001652,S003,P0006,Toys,SUP-05,2024-01-11,2024-01-14,63,3,False,simulation
PO-SIM-0001653,S003,P0009,Groceries,SUP-04,2024-01-11,2024-01-17,100,6,False,simulation
PO-SIM-0001654,S003,P0011,Electronics,SUP-02,2024-01-11,2024-01-15,81,4,False,simulation
PO-SIM-0001655,S003,P0017,Furniture,SUP-03,2024-01-11,2024-01-16,71,5,False,simulation
PO-SIM-0001656,S003,P0019,Groceries,SUP-04,2024-01-11,2024-01-17,102,6,False,simulation
PO-SIM-0001657,S004,P0002,Groceries,SUP-04,2024-01-11,2024-01-17,57,6,False,simulation
PO-SIM-0001658,S004,P0005,Clothing,SUP-01,2024-01-11,2024-01-14,24,3,False,simulation
PO-SIM-0001659,S004,P0008,Furniture,SUP-03,2024-01-11,2024-01-16,35,5,False,simulation
PO-SIM-0001660,S004,P0010,Groceries,SUP-04,2024-01-11,2024-01-17,89,6,False,simulation
PO-SIM-0001661,S004,P0012,Electronics,SUP-02,2024-01-11,2024-01-15,174,4,False,simulation
PO-SIM-0001662,S004,P0018,Furniture,SUP-03,2024-01-11,2024-01-16,53,5,False,simulation
PO-SIM-0001663,S004,P0019,Clothing,SUP-01,2024-01-11,2024-01-14,51,3,False,simulation
PO-SIM-0001664,S005,P0004,Groceries,SUP-04,2024-01-11,2024-01-17,33,6,False,simulation
PO-SIM-0001665,S005,P0008,Groceries,SUP-04,2024-01-11,2024-01-17,66,6,False,simulation
PO-SIM-0001666,S005,P0018,Clothing,SUP-01,2024-01-11,2024-01-14,66,3,False,simulation
PO-SIM-0001667,S001,P0004,Electronics,SUP-02,2024-01-12,2024-01-16,53,4,False,simulation
PO-SIM-0001668,S001,P0012,Groceries,SUP-04,2024-01-12,2024-01-18,40,6,False,simulation
PO-SIM-0001669,S001,P0013,Toys,SUP-05,2024-01-12,2024-01-15,25,3,False,simulation
PO-SIM-0001670,S001,P0015,Toys,SUP-05,2024-01-12,2024-01-15,71,3,False,simulation
PO-SIM-0001671,S001,P0017,Toys,SUP-05,2024-01-12,2024-01-15,48,3,False,simulation
PO-SIM-0001672,S001,P0018,Groceries,SUP-04,2024-01-12,2024-01-18,16,6,False,simulation
PO-SIM-0001673,S001,P0019,Furniture,SUP-03,2024-01-12,2024-01-17,28,5,False,simulation
PO-SIM-0001674,S002,P0003,Groceries,SUP-04,2024-01-12,2024-01-18,37,6,False,simulation
PO-SIM-0001675,S002,P0006,Clothing,SUP-01,2024-01-12,2024-01-15,73,3,False,simulation
PO-SIM-0001676,S002,P0007,Toys,SUP-05,2024-01-12,2024-01-15,29,3,False,simulation
PO-SIM-0001677,S002,P0010,Groceries,SUP-04,2024-01-12,2024-01-18,42,6,False,simulation
PO-SIM-0001678,S002,P0012,Electronics,SUP-02,2024-01-12,2024-01-16,66,4,False,simulation
PO-SIM-0001679,S002,P0014,Electronics,SUP-02,2024-01-12,2024-01-16,122,4,False,simulation
PO-SIM-0001680,S002,P0018,Clothing,SUP-01,2024-01-12,2024-01-15,91,3,False,simulation
PO-SIM-0001681,S003,P0001,Toys,SUP-05,2024-01-12,2024-01-15,4,3,False,simulation
PO-SIM-0001682,S003,P0002,Groceries,SUP-04,2024-01-12,2024-01-18,72,6,False,simulation
PO-SIM-0001683,S003,P0004,Groceries,SUP-04,2024-01-12,2024-01-18,126,6,False,simulation
PO-SIM-0001684,S003,P0006,Toys,SUP-05,2024-01-12,2024-01-15,58,3,False,simulation
PO-SIM-0001685,S003,P0007,Groceries,SUP-04,2024-01-12,2024-01-18,16,6,False,simulation
PO-SIM-0001686,S003,P0010,Groceries,SUP-04,2024-01-12,2024-01-18,42,6,False,simulation
PO-SIM-0001687,S003,P0011,Electronics,SUP-02,2024-01-12,2024-01-16,37,4,False,simulation
PO-SIM-0001688,S003,P0015,Groceries,SUP-04,2024-01-12,2024-01-18,97,6,False,simulation
PO-SIM-0001689,S003,P0017,Furniture,SUP-03,2024-01-12,2024-01-17,105,5,False,simulation
PO-SIM-0001690,S003,P0019,Groceries,SUP-04,2024-01-12,2024-01-18,9,6,False,simulation
PO-SIM-0001691,S004,P0001,Groceries,SUP-04,2024-01-12,2024-01-18,133,6,False,simulation
PO-SIM-0001692,S004,P0005,Clothing,SUP-01,2024-01-12,2024-01-15,16,3,False,simulation
PO-SIM-0001693,S004,P0014,Furniture,SUP-03,2024-01-12,2024-01-17,30,5,False,simulation
PO-SIM-0001694,S004,P0018,Furniture,SUP-03,2024-01-12,2024-01-17,46,5,False,simulation
PO-SIM-0001695,S005,P0004,Groceries,SUP-04,2024-01-12,2024-01-18,39,6,False,simulation
PO-SIM-0001696,S005,P0009,Groceries,SUP-04,2024-01-12,2024-01-18,83,6,False,simulation
PO-SIM-0001697,S005,P0011,Electronics,SUP-02,2024-01-12,2024-01-16,11,4,False,simulation
PO-SIM-0001698,S005,P0014,Furniture,SUP-03,2024-01-12,2024-01-17,34,5,False,simulation
PO-SIM-0001699,S005,P0018,Clothing,SUP-01,2024-01-12,2024-01-15,71,3,False,simulation
PO-SIM-0001700,S005,P0020,Toys,SUP-05,2024-01-12,2024-01-15,59,3,False,simulation
PO-SIM-0001701,S001,P0007,Groceries,SUP-04,2024-01-13,2024-01-19,38,6,False,simulation
PO-SIM-0001702,S001,P0009,Clothing,SUP-01,2024-01-13,2024-01-16,75,3,False,simulation
PO-SIM-0001703,S001,P0013,Toys,SUP-05,2024-01-13,2024-01-16,53,3,False,simulation
PO-SIM-0001704,S001,P0015,Toys,SUP-05,2024-01-13,2024-01-16,51,3,False,simulation
PO-SIM-0001705,S001,P0017,Toys,SUP-05,2024-01-13,2024-01-16,69,3,False,simulation
PO-SIM-0001706,S001,P0019,Furniture,SUP-03,2024-01-13,2024-01-18,17,5,False,simulation
PO-SIM-0001707,S002,P0006,Clothing,SUP-01,2024-01-13,2024-01-16,12,3,False,simulation
PO-SIM-0001708,S002,P0008,Groceries,SUP-04,2024-01-13,2024-01-19,26,6,False,simulation
PO-SIM-0001709,S003,P0004,Groceries,SUP-04,2024-01-13,2024-01-19,208,6,False,simulation
PO-SIM-0001710,S003,P0006,Toys,SUP-05,2024-01-13,2024-01-16,16,3,False,simulation
PO-SIM-0001711,S003,P0009,Groceries,SUP-04,2024-01-13,2024-01-19,97,6,False,simulation
PO-SIM-0001712,S003,P0010,Groceries,SUP-04,2024-01-13,2024-01-19,23,6,False,simulation
PO-SIM-0001713,S004,P0005,Clothing,SUP-01,2024-01-13,2024-01-16,53,3,False,simulation
PO-SIM-0001714,S004,P0007,Groceries,SUP-04,2024-01-13,2024-01-19,76,6,False,simulation
PO-SIM-0001715,S004,P0012,Electronics,SUP-02,2024-01-13,2024-01-17,146,4,False,simulation
PO-SIM-0001716,S004,P0017,Clothing,SUP-01,2024-01-13,2024-01-16,82,3,False,simulation
PO-SIM-0001717,S004,P0018,Furniture,SUP-03,2024-01-13,2024-01-18,46,5,False,simulation
PO-SIM-0001718,S004,P0019,Clothing,SUP-01,2024-01-13,2024-01-16,80,3,False,simulation
PO-SIM-0001719,S004,P0020,Furniture,SUP-03,2024-01-13,2024-01-18,4,5,False,simulation
PO-SIM-0001720,S005,P0001,Groceries,SUP-04,2024-01-13,2024-01-19,21,6,False,simulation
PO-SIM-0001721,S005,P0003,Toys,SUP-05,2024-01-13,2024-01-16,62,3,False,simulation
PO-SIM-0001722,S005,P0006,Groceries,SUP-04,2024-01-13,2024-01-19,51,6,False,simulation
PO-SIM-0001723,S005,P0008,Groceries,SUP-04,2024-01-13,2024-01-19,16,6,False,simulation
PO-SIM-0001724,S005,P0010,Groceries,SUP-04,2024-01-13,2024-01-19,82,6,False,simulation
PO-SIM-0001725,S005,P0015,Groceries,SUP-04,2024-01-13,2024-01-19,164,6,False,simulation
PO-SIM-0001726,S005,P0017,Toys,SUP-05,2024-01-13,2024-01-16,55,3,False,simulation
PO-SIM-0001727,S005,P0018,Clothing,SUP-01,2024-01-13,2024-01-16,80,3,False,simulation
PO-SIM-0001728,S005,P0019,Furniture,SUP-03,2024-01-13,2024-01-18,5,5,False,simulation
PO-SIM-0001729,S005,P0020,Toys,SUP-05,2024-01-13,2024-01-16,56,3,False,simulation
PO-SIM-0001730,S001,P0002,Clothing,SUP-01,2024-01-14,2024-01-17,37,3,False,simulation
PO-SIM-0001731,S001,P0004,Electronics,SUP-02,2024-01-14,2024-01-18,25,4,False,simulation
PO-SIM-0001732,S001,P0008,Electronics,SUP-02,2024-01-14,2024-01-18,27,4,False,simulation
PO-SIM-0001733,S001,P0016,Groceries,SUP-04,2024-01-14,2024-01-20,101,6,False,simulation
PO-SIM-0001734,S001,P0020,Furniture,SUP-03,2024-01-14,2024-01-19,25,5,False,simulation
PO-SIM-0001735,S002,P0006,Clothing,SUP-01,2024-01-14,2024-01-17,21,3,False,simulation
PO-SIM-0001736,S002,P0008,Groceries,SUP-04,2024-01-14,2024-01-20,40,6,False,simulation
PO-SIM-0001737,S002,P0018,Clothing,SUP-01,2024-01-14,2024-01-17,53,3,False,simulation
PO-SIM-0001738,S002,P0019,Clothing,SUP-01,2024-01-14,2024-01-17,63,3,False,simulation
PO-SIM-0001739,S003,P0006,Toys,SUP-05,2024-01-14,2024-01-17,14,3,False,simulation
PO-SIM-0001740,S003,P0008,Clothing,SUP-01,2024-01-14,2024-01-17,82,3,False,simulation
PO-SIM-0001741,S003,P0009,Groceries,SUP-04,2024-01-14,2024-01-20,31,6,False,simulation
PO-SIM-0001742,S003,P0010,Groceries,SUP-04,2024-01-14,2024-01-20,21,6,False,simulation
PO-SIM-0001743,S004,P0002,Groceries,SUP-04,2024-01-14,2024-01-20,51,6,False,simulation
PO-SIM-0001744,S004,P0008,Furniture,SUP-03,2024-01-14,2024-01-19,10,5,False,simulation
PO-SIM-0001745,S005,P0001,Groceries,SUP-04,2024-01-14,2024-01-20,96,6,False,simulation
PO-SIM-0001746,S005,P0003,Toys,SUP-05,2024-01-14,2024-01-17,32,3,False,simulation
PO-SIM-0001747,S005,P0004,Groceries,SUP-04,2024-01-14,2024-01-20,105,6,False,simulation
PO-SIM-0001748,S005,P0007,Groceries,SUP-04,2024-01-14,2024-01-20,56,6,False,simulation
PO-SIM-0001749,S005,P0009,Groceries,SUP-04,2024-01-14,2024-01-20,5,6,False,simulation
PO-SIM-0001750,S005,P0020,Toys,SUP-05,2024-01-14,2024-01-17,7,3,False,simulation
PO-SIM-0001751,S001,P0002,Clothing,SUP-01,2024-01-15,2024-01-18,71,3,False,simulation
PO-SIM-0001752,S001,P0008,Electronics,SUP-02,2024-01-15,2024-01-19,50,4,False,simulation
PO-SIM-0001753,S001,P0009,Clothing,SUP-01,2024-01-15,2024-01-18,18,3,False,simulation
PO-SIM-0001754,S001,P0016,Groceries,SUP-04,2024-01-15,2024-01-21,218,6,False,simulation
PO-SIM-0001755,S002,P0008,Groceries,SUP-04,2024-01-15,2024-01-21,30,6,False,simulation
PO-SIM-0001756,S002,P0009,Groceries,SUP-04,2024-01-15,2024-01-21,21,6,False,simulation
PO-SIM-0001757,S002,P0012,Electronics,SUP-02,2024-01-15,2024-01-19,41,4,False,simulation
PO-SIM-0001758,S002,P0016,Clothing,SUP-01,2024-01-15,2024-01-18,40,3,False,simulation
PO-SIM-0001759,S002,P0019,Clothing,SUP-01,2024-01-15,2024-01-18,136,3,False,simulation
PO-SIM-0001760,S003,P0001,Toys,SUP-05,2024-01-15,2024-01-18,54,3,False,simulation
PO-SIM-0001761,S003,P0006,Toys,SUP-05,2024-01-15,2024-01-18,2,3,False,simulation
PO-SIM-0001762,S003,P0009,Groceries,SUP-04,2024-01-15,2024-01-21,71,6,False,simulation
PO-SIM-0001763,S003,P0010,Groceries,SUP-04,2024-01-15,2024-01-21,36,6,False,simulation
PO-SIM-0001764,S003,P0016,Electronics,SUP-02,2024-01-15,2024-01-19,101,4,False,simulation
PO-SIM-0001765,S003,P0019,Groceries,SUP-04,2024-01-15,2024-01-21,29,6,False,simulation
PO-SIM-0001766,S004,P0002,Groceries,SUP-04,2024-01-15,2024-01-21,205,6,False,simulation
PO-SIM-0001767,S004,P0005,Clothing,SUP-01,2024-01-15,2024-01-18,24,3,False,simulation
PO-SIM-0001768,S004,P0012,Electronics,SUP-02,2024-01-15,2024-01-19,49,4,False,simulation
PO-SIM-0001769,S004,P0015,Furniture,SUP-03,2024-01-15,2024-01-20,23,5,False,simulation
PO-SIM-0001770,S004,P0017,Clothing,SUP-01,2024-01-15,2024-01-18,16,3,False,simulation
PO-SIM-0001771,S005,P0003,Toys,SUP-05,2024-01-15,2024-01-18,17,3,False,simulation
PO-SIM-0001772,S005,P0004,Groceries,SUP-04,2024-01-15,2024-01-21,26,6,False,simulation
PO-SIM-0001773,S005,P0018,Clothing,SUP-01,2024-01-15,2024-01-18,60,3,False,simulation
PO-SIM-0001774,S001,P0002,Clothing,SUP-01,2024-01-16,2024-01-19,74,3,False,simulation
PO-SIM-0001775,S001,P0008,Electronics,SUP-02,2024-01-16,2024-01-20,46,4,False,simulation
PO-SIM-0001776,S001,P0009,Clothing,SUP-01,2024-01-16,2024-01-19,121,3,False,simulation
PO-SIM-0001777,S001,P0013,Toys,SUP-05,2024-01-16,2024-01-19,90,3,False,simulation
PO-SIM-0001778,S001,P0015,Toys,SUP-05,2024-01-16,2024-01-19,27,3,False,simulation
PO-SIM-0001779,S001,P0017,Toys,SUP-05,2024-01-16,2024-01-19,2,3,False,simulation
PO-SIM-0001780,S001,P0019,Furniture,SUP-03,2024-01-16,2024-01-21,23,5,False,simulation
PO-SIM-0001781,S002,P0006,Clothing,SUP-01,2024-01-16,2024-01-19,45,3,False,simulation
PO-SIM-0001782,S002,P0008,Groceries,SUP-04,2024-01-16,2024-01-22,26,6,False,simulation
PO-SIM-0001783,S002,P0011,Groceries,SUP-04,2024-01-16,2024-01-22,21,6,False,simulation
PO-SIM-0001784,S003,P0003,Electronics,SUP-02,2024-01-16,2024-01-20,43,4,False,simulation
PO-SIM-0001785,S003,P0006,Toys,SUP-05,2024-01-16,2024-01-19,7,3,False,simulation
PO-SIM-0001786,S003,P0009,Groceries,SUP-04,2024-01-16,2024-01-22,36,6,False,simulation
PO-SIM-0001787,S003,P0010,Groceries,SUP-04,2024-01-16,2024-01-22,35,6,False,simulation
PO-SIM-0001788,S003,P0014,Groceries,SUP-04,2024-01-16,2024-01-22,143,6,False,simulation
PO-SIM-0001789,S004,P0005,Clothing,SUP-01,2024-01-16,2024-01-19,20,3,False,simulation
PO-SIM-0001790,S004,P0007,Groceries,SUP-04,2024-01-16,2024-01-22,16,6,False,simulation
PO-SIM-0001791,S004,P0008,Furniture,SUP-03,2024-01-16,2024-01-21,8,5,False,simulation
PO-SIM-0001792,S004,P0009,Clothing,SUP-01,2024-01-16,2024-01-19,35,3,False,simulation
PO-SIM-0001793,S004,P0012,Electronics,SUP-02,2024-01-16,2024-01-20,14,4,False,simulation
PO-SIM-0001794,S004,P0013,Groceries,SUP-04,2024-01-16,2024-01-22,24,6,False,simulation
PO-SIM-0001795,S005,P0003,Toys,SUP-05,2024-01-16,2024-01-19,47,3,False,simulation
PO-SIM-0001796,S005,P0004,Groceries,SUP-04,2024-01-16,2024-01-22,50,6,False,simulation
PO-SIM-0001797,S005,P0010,Groceries,SUP-04,2024-01-16,2024-01-22,5,6,False,simulation
PO-SIM-0001798,S005,P0011,Electronics,SUP-02,2024-01-16,2024-01-20,51,4,False,simulation
PO-SIM-0001799,S005,P0018,Clothing,SUP-01,2024-01-16,2024-01-19,31,3,False,simulation
PO-SIM-0001800,S005,P0020,Toys,SUP-05,2024-01-16,2024-01-19,22,3,False,simulation
PO-SIM-0001801,S001,P0008,Electronics,SUP-02,2024-01-17,2024-01-21,23,4,False,simulation
PO-SIM-0001802,S001,P0013,Toys,SUP-05,2024-01-17,2024-01-20,20,3,False,simulation
PO-SIM-0001803,S001,P0015,Toys,SUP-05,2024-01-17,2024-01-20,44,3,False,simulation
PO-SIM-0001804,S001,P0017,Toys,SUP-05,2024-01-17,2024-01-20,83,3,False,simulation
PO-SIM-0001805,S001,P0019,Furniture,SUP-03,2024-01-17,2024-01-22,45,5,False,simulation
PO-SIM-0001806,S002,P0007,Toys,SUP-05,2024-01-17,2024-01-20,4,3,False,simulation
PO-SIM-0001807,S002,P0008,Groceries,SUP-04,2024-01-17,2024-01-23,26,6,False,simulation
PO-SIM-0001808,S002,P0009,Groceries,SUP-04,2024-01-17,2024-01-23,88,6,False,simulation
PO-SIM-0001809,S002,P0010,Groceries,SUP-04,2024-01-17,2024-01-23,104,6,False,simulation
PO-SIM-0001810,S002,P0011,Groceries,SUP-04,2024-01-17,2024-01-23,150,6,False,simulation
PO-SIM-0001811,S002,P0013,Groceries,SUP-04,2024-01-17,2024-01-23,52,6,False,simulation
PO-SIM-0001812,S002,P0018,Clothing,SUP-01,2024-01-17,2024-01-20,67,3,False,simulation
PO-SIM-0001813,S003,P0009,Groceries,SUP-04,2024-01-17,2024-01-23,26,6,False,simulation
PO-SIM-0001814,S003,P0011,Electronics,SUP-02,2024-01-17,2024-01-21,50,4,False,simulation
PO-SIM-0001815,S003,P0013,Groceries,SUP-04,2024-01-17,2024-01-23,45,6,False,simulation
PO-SIM-0001816,S003,P0019,Groceries,SUP-04,2024-01-17,2024-01-23,6,6,False,simulation
PO-SIM-0001817,S004,P0005,Clothing,SUP-01,2024-01-17,2024-01-20,9,3,False,simulation
PO-SIM-0001818,S004,P0012,Electronics,SUP-02,2024-01-17,2024-01-21,27,4,False,simulation
PO-SIM-0001819,S005,P0002,Electronics,SUP-02,2024-01-17,2024-01-21,60,4,False,simulation
PO-SIM-0001820,S005,P0003,Toys,SUP-05,2024-01-17,2024-01-20,8,3,False,simulation
PO-SIM-0001821,S005,P0004,Groceries,SUP-04,2024-01-17,2024-01-23,12,6,False,simulation
PO-SIM-0001822,S005,P0005,Groceries,SUP-04,2024-01-17,2024-01-23,84,6,False,simulation
PO-SIM-0001823,S005,P0013,Groceries,SUP-04,2024-01-17,2024-01-23,97,6,False,simulation
PO-SIM-0001824,S005,P0017,Toys,SUP-05,2024-01-17,2024-01-20,32,3,False,simulation
PO-SIM-0001825,S005,P0018,Clothing,SUP-01,2024-01-17,2024-01-20,83,3,False,simulation
PO-SIM-0001826,S005,P0020,Toys,SUP-05,2024-01-17,2024-01-20,22,3,False,simulation
PO-SIM-0001827,S001,P0004,Electronics,SUP-02,2024-01-18,2024-01-22,69,4,False,simulation
PO-SIM-0001828,S001,P0006,Toys,SUP-05,2024-01-18,2024-01-21,21,3,False,simulation
PO-SIM-0001829,S001,P0008,Electronics,SUP-02,2024-01-18,2024-01-22,129,4,False,simulation
PO-SIM-0001830,S001,P0009,Clothing,SUP-01,2024-01-18,2024-01-21,95,3,False,simulation
PO-SIM-0001831,S001,P0012,Groceries,SUP-04,2024-01-18,2024-01-24,112,6,False,simulation
PO-SIM-0001832,S001,P0015,Toys,SUP-05,2024-01-18,2024-01-21,29,3,False,simulation
PO-SIM-0001833,S001,P0017,Toys,SUP-05,2024-01-18,2024-01-21,37,3,False,simulation
PO-SIM-0001834,S001,P0019,Furniture,SUP-03,2024-01-18,2024-01-23,28,5,False,simulation
PO-SIM-0001835,S002,P0001,Groceries,SUP-04,2024-01-18,2024-01-24,20,6,False,simulation
PO-SIM-0001836,S002,P0006,Clothing,SUP-01,2024-01-18,2024-01-21,25,3,False,simulation
PO-SIM-0001837,S002,P0008,Groceries,SUP-04,2024-01-18,2024-01-24,122,6,True,simulation
PO-SIM-0001838,S002,P0010,Groceries,SUP-04,2024-01-18,2024-01-24,4,6,False,simulation
PO-SIM-0001839,S002,P0013,Groceries,SUP-04,2024-01-18,2024-01-24,145,6,False,simulation
PO-SIM-0001840,S002,P0016,Clothing,SUP-01,2024-01-18,2024-01-21,47,3,False,simulation
PO-SIM-0001841,S002,P0018,Clothing,SUP-01,2024-01-18,2024-01-21,63,3,False,simulation
PO-SIM-0001842,S003,P0001,Toys,SUP-05,2024-01-18,2024-01-21,69,3,False,simulation
PO-SIM-0001843,S003,P0003,Electronics,SUP-02,2024-01-18,2024-01-22,4,4,False,simulation
PO-SIM-0001844,S003,P0011,Electronics,SUP-02,2024-01-18,2024-01-22,122,4,False,simulation
PO-SIM-0001845,S003,P0019,Groceries,SUP-04,2024-01-18,2024-01-24,65,6,False,simulation
PO-SIM-0001846,S004,P0005,Clothing,SUP-01,2024-01-18,2024-01-21,10,3,False,simulation
PO-SIM-0001847,S004,P0006,Groceries,SUP-04,2024-01-18,2024-01-24,38,6,False,simulation
PO-SIM-0001848,S004,P0012,Electronics,SUP-02,2024-01-18,2024-01-22,21,4,False,simulation
PO-SIM-0001849,S004,P0013,Groceries,SUP-04,2024-01-18,2024-01-24,3,6,False,simulation
PO-SIM-0001850,S004,P0016,Furniture,SUP-03,2024-01-18,2024-01-23,16,5,False,simulation
PO-SIM-0001851,S004,P0019,Clothing,SUP-01,2024-01-18,2024-01-21,9,3,False,simulation
PO-SIM-0001852,S005,P0004,Groceries,SUP-04,2024-01-18,2024-01-24,74,6,False,simulation
PO-SIM-0001853,S005,P0016,Toys,SUP-05,2024-01-18,2024-01-21,52,3,False,simulation
PO-SIM-0001854,S005,P0017,Toys,SUP-05,2024-01-18,2024-01-21,57,3,False,simulation
PO-SIM-0001855,S005,P0020,Toys,SUP-05,2024-01-18,2024-01-21,63,3,False,simulation
PO-SIM-0001856,S001,P0005,Groceries,SUP-04,2024-01-19,2024-01-25,25,6,False,simulation
PO-SIM-0001857,S001,P0006,Toys,SUP-05,2024-01-19,2024-01-22,41,3,False,simulation
PO-SIM-0001858,S002,P0006,Clothing,SUP-01,2024-01-19,2024-01-22,7,3,False,simulation
PO-SIM-0001859,S002,P0008,Groceries,SUP-04,2024-01-19,2024-01-25,28,6,False,simulation
PO-SIM-0001860,S002,P0016,Clothing,SUP-01,2024-01-19,2024-01-22,30,3,False,simulation
PO-SIM-0001861,S002,P0018,Clothing,SUP-01,2024-01-19,2024-01-22,61,3,False,simulation
PO-SIM-0001862,S003,P0003,Electronics,SUP-02,2024-01-19,2024-01-23,21,4,False,simulation
PO-SIM-0001863,S004,P0005,Clothing,SUP-01,2024-01-19,2024-01-22,72,3,False,simulation
PO-SIM-0001864,S004,P0006,Groceries,SUP-04,2024-01-19,2024-01-25,119,6,False,simulation
PO-SIM-0001865,S004,P0014,Furniture,SUP-03,2024-01-19,2024-01-24,51,5,False,simulation
PO-SIM-0001866,S004,P0017,Clothing,SUP-01,2024-01-19,2024-01-22,58,3,False,simulation
PO-SIM-0001867,S005,P0001,Groceries,SUP-04,2024-01-19,2024-01-25,18,6,False,simulation
PO-SIM-0001868,S005,P0003,Toys,SUP-05,2024-01-19,2024-01-22,14,3,False,simulation
PO-SIM-0001869,S005,P0004,Groceries,SUP-04,2024-01-19,2024-01-25,9,6,False,simulation
PO-SIM-0001870,S005,P0010,Groceries,SUP-04,2024-01-19,2024-01-25,44,6,False,simulation
PO-SIM-0001871,S005,P0018,Clothing,SUP-01,2024-01-19,2024-01-22,76,3,False,simulation
PO-SIM-0001872,S001,P0002,Clothing,SUP-01,2024-01-20,2024-01-23,42,3,False,simulation
PO-SIM-0001873,S001,P0008,Electronics,SUP-02,2024-01-20,2024-01-24,57,4,False,simulation
PO-SIM-0001874,S001,P0009,Clothing,SUP-01,2024-01-20,2024-01-23,72,3,False,simulation
PO-SIM-0001875,S001,P0013,Toys,SUP-05,2024-01-20,2024-01-23,5,3,False,simulation
PO-SIM-0001876,S001,P0014,Groceries,SUP-04,2024-01-20,2024-01-26,7,6,False,simulation
PO-SIM-0001877,S001,P0015,Toys,SUP-05,2024-01-20,2024-01-23,93,3,False,simulation
PO-SIM-0001878,S001,P0017,Toys,SUP-05,2024-01-20,2024-01-23,117,3,False,simulation
PO-SIM-0001879,S001,P0018,Groceries,SUP-04,2024-01-20,2024-01-26,81,6,False,simulation
PO-SIM-0001880,S001,P0019,Furniture,SUP-03,2024-01-20,2024-01-25,11,5,False,simulation
PO-SIM-0001881,S001,P0020,Furniture,SUP-03,2024-01-20,2024-01-25,14,5,False,simulation
PO-SIM-0001882,S002,P0006,Clothing,SUP-01,2024-01-20,2024-01-23,39,3,False,simulation
PO-SIM-0001883,S002,P0008,Groceries,SUP-04,2024-01-20,2024-01-26,82,6,False,simulation
PO-SIM-0001884,S002,P0010,Groceries,SUP-04,2024-01-20,2024-01-26,38,6,False,simulation
PO-SIM-0001885,S002,P0014,Electronics,SUP-02,2024-01-20,2024-01-24,19,4,False,simulation
PO-SIM-0001886,S002,P0018,Clothing,SUP-01,2024-01-20,2024-01-23,17,3,False,simulation
PO-SIM-0001887,S003,P0001,Toys,SUP-05,2024-01-20,2024-01-23,6,3,False,simulation
PO-SIM-0001888,S003,P0004,Groceries,SUP-04,2024-01-20,2024-01-26,149,6,False,simulation
PO-SIM-0001889,S003,P0006,Toys,SUP-05,2024-01-20,2024-01-23,53,3,False,simulation
PO-SIM-0001890,S003,P0009,Groceries,SUP-04,2024-01-20,2024-01-26,122,6,False,simulation
PO-SIM-0001891,S003,P0010,Groceries,SUP-04,2024-01-20,2024-01-26,69,6,False,simulation
PO-SIM-0001892,S004,P0005,Clothing,SUP-01,2024-01-20,2024-01-23,80,3,False,simulation
PO-SIM-0001893,S004,P0012,Electronics,SUP-02,2024-01-20,2024-01-24,82,4,False,simulation
PO-SIM-0001894,S004,P0017,Clothing,SUP-01,2024-01-20,2024-01-23,126,3,False,simulation
PO-SIM-0001895,S004,P0019,Clothing,SUP-01,2024-01-20,2024-01-23,3,3,False,simulation
PO-SIM-0001896,S005,P0003,Toys,SUP-05,2024-01-20,2024-01-23,49,3,False,simulation
PO-SIM-0001897,S005,P0004,Groceries,SUP-04,2024-01-20,2024-01-26,54,6,False,simulation
PO-SIM-0001898,S005,P0005,Groceries,SUP-04,2024-01-20,2024-01-26,169,6,False,simulation
PO-SIM-0001899,S005,P0015,Groceries,SUP-04,2024-01-20,2024-01-26,52,6,False,simulation
PO-SIM-0001900,S005,P0017,Toys,SUP-05,2024-01-20,2024-01-23,32,3,False,simulation
PO-SIM-0001901,S005,P0018,Clothing,SUP-01,2024-01-20,2024-01-23,37,3,False,simulation
PO-SIM-0001902,S001,P0002,Clothing,SUP-01,2024-01-21,2024-01-24,16,3,False,simulation
PO-SIM-0001903,S001,P0006,Toys,SUP-05,2024-01-21,2024-01-24,95,3,False,simulation
PO-SIM-0001904,S001,P0012,Groceries,SUP-04,2024-01-21,2024-01-27,89,6,False,simulation
PO-SIM-0001905,S001,P0020,Furniture,SUP-03,2024-01-21,2024-01-26,116,5,False,simulation
PO-SIM-0001906,S002,P0001,Groceries,SUP-04,2024-01-21,2024-01-27,114,6,False,simulation
PO-SIM-0001907,S002,P0008,Groceries,SUP-04,2024-01-21,2024-01-27,24,6,False,simulation
PO-SIM-0001908,S002,P0010,Groceries,SUP-04,2024-01-21,2024-01-27,63,6,False,simulation
PO-SIM-0001909,S002,P0014,Electronics,SUP-02,2024-01-21,2024-01-25,153,4,False,simulation
PO-SIM-0001910,S002,P0017,Toys,SUP-05,2024-01-21,2024-01-24,81,3,False,simulation
PO-SIM-0001911,S002,P0018,Clothing,SUP-01,2024-01-21,2024-01-24,12,3,True,simulation
PO-SIM-0001912,S003,P0006,Toys,SUP-05,2024-01-21,2024-01-24,79,3,False,simulation
PO-SIM-0001913,S003,P0009,Groceries,SUP-04,2024-01-21,2024-01-27,73,6,False,simulation
PO-SIM-0001914,S003,P0010,Groceries,SUP-04,2024-01-21,2024-01-27,98,6,False,simulation
PO-SIM-0001915,S003,P0012,Furniture,SUP-03,2024-01-21,2024-01-26,24,5,False,simulation
PO-SIM-0001916,S003,P0013,Groceries,SUP-04,2024-01-21,2024-01-27,81,6,False,simulation
PO-SIM-0001917,S004,P0006,Groceries,SUP-04,2024-01-21,2024-01-27,14,6,False,simulation
PO-SIM-0001918,S004,P0014,Furniture,SUP-03,2024-01-21,2024-01-26,54,5,False,simulation
PO-SIM-0001919,S004,P0018,Furniture,SUP-03,2024-01-21,2024-01-26,3,5,False,simulation
PO-SIM-0001920,S004,P0020,Furniture,SUP-03,2024-01-21,2024-01-26,63,5,False,simulation
PO-SIM-0001921,S005,P0003,Toys,SUP-05,2024-01-21,2024-01-24,36,3,False,simulation
PO-SIM-0001922,S005,P0004,Groceries,SUP-04,2024-01-21,2024-01-27,11,6,False,simulation
PO-SIM-0001923,S005,P0008,Groceries,SUP-04,2024-01-21,2024-01-27,99,6,False,simulation
PO-SIM-0001924,S005,P0009,Groceries,SUP-04,2024-01-21,2024-01-27,90,6,False,simulation
PO-SIM-0001925,S001,P0006,Toys,SUP-05,2024-01-22,2024-01-25,141,3,False,simulation
PO-SIM-0001926,S001,P0017,Toys,SUP-05,2024-01-22,2024-01-25,40,3,False,simulation
PO-SIM-0001927,S001,P0018,Groceries,SUP-04,2024-01-22,2024-01-28,3,6,False,simulation
PO-SIM-0001928,S001,P0019,Furniture,SUP-03,2024-01-22,2024-01-27,24,5,False,simulation
PO-SIM-0001929,S002,P0006,Clothing,SUP-01,2024-01-22,2024-01-25,55,3,True,simulation
PO-SIM-0001930,S002,P0008,Groceries,SUP-04,2024-01-22,2024-01-28,18,6,False,simulation
PO-SIM-0001931,S002,P0010,Groceries,SUP-04,2024-01-22,2024-01-28,55,6,False,simulation
PO-SIM-0001932,S002,P0017,Toys,SUP-05,2024-01-22,2024-01-25,155,3,False,simulation
PO-SIM-0001933,S002,P0018,Clothing,SUP-01,2024-01-22,2024-01-25,22,3,False,simulation
PO-SIM-0001934,S002,P0020,Furniture,SUP-03,2024-01-22,2024-01-27,42,5,False,simulation
PO-SIM-0001935,S003,P0003,Electronics,SUP-02,2024-01-22,2024-01-26,66,4,False,simulation
PO-SIM-0001936,S003,P0006,Toys,SUP-05,2024-01-22,2024-01-25,52,3,False,simulation
PO-SIM-0001937,S003,P0007,Groceries,SUP-04,2024-01-22,2024-01-28,33,6,False,simulation
PO-SIM-0001938,S003,P0008,Clothing,SUP-01,2024-01-22,2024-01-25,8,3,False,simulation
PO-SIM-0001939,S003,P0009,Groceries,SUP-04,2024-01-22,2024-01-28,26,6,False,simulation
PO-SIM-0001940,S003,P0010,Groceries,SUP-04,2024-01-22,2024-01-28,70,6,False,simulation
PO-SIM-0001941,S003,P0013,Groceries,SUP-04,2024-01-22,2024-01-28,188,6,False,simulation
PO-SIM-0001942,S003,P0019,Groceries,SUP-04,2024-01-22,2024-01-28,84,6,False,simulation
PO-SIM-0001943,S004,P0002,Groceries,SUP-04,2024-01-22,2024-01-28,9,6,False,simulation
PO-SIM-0001944,S004,P0012,Electronics,SUP-02,2024-01-22,2024-01-26,40,4,False,simulation
PO-SIM-0001945,S004,P0016,Furniture,SUP-03,2024-01-22,2024-01-27,11,5,False,simulation
PO-SIM-0001946,S004,P0018,Furniture,SUP-03,2024-01-22,2024-01-27,53,5,False,simulation
PO-SIM-0001947,S004,P0019,Clothing,SUP-01,2024-01-22,2024-01-25,27,3,False,simulation
PO-SIM-0001948,S004,P0020,Furniture,SUP-03,2024-01-22,2024-01-27,7,5,False,simulation
PO-SIM-0001949,S005,P0001,Groceries,SUP-04,2024-01-22,2024-01-28,12,6,True,simulation
PO-SIM-0001950,S005,P0003,Toys,SUP-05,2024-01-22,2024-01-25,80,3,False,simulation
PO-SIM-0001951,S005,P0008,Groceries,SUP-04,2024-01-22,2024-01-28,42,6,False,simulation
PO-SIM-0001952,S005,P0009,Groceries,SUP-04,2024-01-22,2024-01-28,162,6,True,simulation
PO-SIM-0001953,S005,P0017,Toys,SUP-05,2024-01-22,2024-01-25,139,3,False,simulation
PO-SIM-0001954,S005,P0018,Clothing,SUP-01,2024-01-22,2024-01-25,214,3,False,simulation
PO-SIM-0001955,S005,P0020,Toys,SUP-05,2024-01-22,2024-01-25,67,3,False,simulation
PO-SIM-0001956,S001,P0008,Electronics,SUP-02,2024-01-23,2024-01-27,83,4,False,simulation
PO-SIM-0001957,S001,P0013,Toys,SUP-05,2024-01-23,2024-01-26,47,3,False,simulation
PO-SIM-0001958,S001,P0015,Toys,SUP-05,2024-01-23,2024-01-26,38,3,False,simulation
PO-SIM-0001959,S001,P0019,Furniture,SUP-03,2024-01-23,2024-01-28,8,5,False,simulation
PO-SIM-0001960,S002,P0006,Clothing,SUP-01,2024-01-23,2024-01-26,24,3,False,simulation
PO-SIM-0001961,S002,P0008,Groceries,SUP-04,2024-01-23,2024-01-29,85,6,False,simulation
PO-SIM-0001962,S002,P0018,Clothing,SUP-01,2024-01-23,2024-01-26,26,3,False,simulation
PO-SIM-0001963,S003,P0003,Electronics,SUP-02,2024-01-23,2024-01-27,54,4,False,simulation
PO-SIM-0001964,S003,P0006,Toys,SUP-05,2024-01-23,2024-01-26,69,3,False,simulation
PO-SIM-0001965,S003,P0007,Groceries,SUP-04,2024-01-23,2024-01-29,90,6,False,simulation
PO-SIM-0001966,S003,P0009,Groceries,SUP-04,2024-01-23,2024-01-29,46,6,False,simulation
PO-SIM-0001967,S003,P0010,Groceries,SUP-04,2024-01-23,2024-01-29,7,6,False,simulation
PO-SIM-0001968,S004,P0002,Groceries,SUP-04,2024-01-23,2024-01-29,103,6,False,simulation
PO-SIM-0001969,S004,P0005,Clothing,SUP-01,2024-01-23,2024-01-26,33,3,False,simulation
PO-SIM-0001970,S004,P0006,Groceries,SUP-04,2024-01-23,2024-01-29,112,6,False,simulation
PO-SIM-0001971,S004,P0008,Furniture,SUP-03,2024-01-23,2024-01-28,24,5,False,simulation
PO-SIM-0001972,S004,P0010,Groceries,SUP-04,2024-01-23,2024-01-29,16,6,False,simulation
PO-SIM-0001973,S004,P0012,Electronics,SUP-02,2024-01-23,2024-01-27,19,4,False,simulation
PO-SIM-0001974,S005,P0004,Groceries,SUP-04,2024-01-23,2024-01-29,62,6,False,simulation
PO-SIM-0001975,S005,P0017,Toys,SUP-05,2024-01-23,2024-01-26,20,3,False,simulation
PO-SIM-0001976,S001,P0002,Clothing,SUP-01,2024-01-24,2024-01-27,45,3,False,simulation
PO-SIM-0001977,S001,P0006,Toys,SUP-05,2024-01-24,2024-01-27,32,3,False,simulation
PO-SIM-0001978,S001,P0008,Electronics,SUP-02,2024-01-24,2024-01-28,86,4,False,simulation
PO-SIM-0001979,S001,P0015,Toys,SUP-05,2024-01-24,2024-01-27,18,3,False,simulation
PO-SIM-0001980,S001,P0016,Groceries,SUP-04,2024-01-24,2024-01-30,60,6,False,simulation
PO-SIM-0001981,S001,P0017,Toys,SUP-05,2024-01-24,2024-01-27,55,3,False,simulation
PO-SIM-0001982,S001,P0019,Furniture,SUP-03,2024-01-24,2024-01-29,49,5,False,simulation
PO-SIM-0001983,S002,P0003,Groceries,SUP-04,2024-01-24,2024-01-30,10,6,False,simulation
PO-SIM-0001984,S002,P0006,Clothing,SUP-01,2024-01-24,2024-01-27,101,3,False,simulation
PO-SIM-0001985,S002,P0008,Groceries,SUP-04,2024-01-24,2024-01-30,79,6,False,simulation
PO-SIM-0001986,S002,P0010,Groceries,SUP-04,2024-01-24,2024-01-30,138,6,False,simulation
PO-SIM-0001987,S002,P0018,Clothing,SUP-01,2024-01-24,2024-01-27,61,3,False,simulation
PO-SIM-0001988,S003,P0001,Toys,SUP-05,2024-01-24,2024-01-27,36,3,False,simulation
PO-SIM-0001989,S003,P0003,Electronics,SUP-02,2024-01-24,2024-01-28,39,4,False,simulation
PO-SIM-0001990,S003,P0009,Groceries,SUP-04,2024-01-24,2024-01-30,61,6,False,simulation
PO-SIM-0001991,S003,P0010,Groceries,SUP-04,2024-01-24,2024-01-30,37,6,False,simulation
PO-SIM-0001992,S003,P0019,Groceries,SUP-04,2024-01-24,2024-01-30,67,6,False,simulation
PO-SIM-0001993,S004,P0005,Clothing,SUP-01,2024-01-24,2024-01-27,34,3,False,simulation
PO-SIM-0001994,S004,P0008,Furniture,SUP-03,2024-01-24,2024-01-29,24,5,False,simulation
PO-SIM-0001995,S005,P0002,Electronics,SUP-02,2024-01-24,2024-01-28,45,4,False,simulation
PO-SIM-0001996,S005,P0003,Toys,SUP-05,2024-01-24,2024-01-27,30,3,False,simulation
PO-SIM-0001997,S005,P0004,Groceries,SUP-04,2024-01-24,2024-01-30,33,6,False,simulation
PO-SIM-0001998,S005,P0008,Groceries,SUP-04,2024-01-24,2024-01-30,69,6,False,simulation
PO-SIM-0001999,S005,P0010,Groceries,SUP-04,2024-01-24,2024-01-30,41,6,False,simulation
PO-SIM-0002000,S005,P0016,Toys,SUP-05,2024-01-24,2024-01-27,77,3,False,simulation
PO-SIM-0002001,S005,P0017,Toys,SUP-05,2024-01-24,2024-01-27,114,3,False,simulation
PO-SIM-0002002,S005,P0020,Toys,SUP-05,2024-01-24,2024-01-27,69,3,False,simulation
PO-SIM-0002003,S001,P0002,Clothing,SUP-01,2024-01-25,2024-01-28,7,3,False,simulation
PO-SIM-0002004,S001,P0008,Electronics,SUP-02,2024-01-25,2024-01-29,21,4,False,simulation
PO-SIM-0002005,S001,P0009,Clothing,SUP-01,2024-01-25,2024-01-28,107,3,False,simulation
PO-SIM-0002006,S001,P0013,Toys,SUP-05,2024-01-25,2024-01-28,105,3,False,simulation
PO-SIM-0002007,S001,P0015,Toys,SUP-05,2024-01-25,2024-01-28,64,3,False,simulation
PO-SIM-0002008,S001,P0018,Groceries,SUP-04,2024-01-25,2024-01-31,55,6,False,simulation
PO-SIM-0002009,S002,P0006,Clothing,SUP-01,2024-01-25,2024-01-28,89,3,False,simulation
PO-SIM-0002010,S002,P0008,Groceries,SUP-04,2024-01-25,2024-01-31,38,6,False,simulation
PO-SIM-0002011,S002,P0009,Groceries,SUP-04,2024-01-25,2024-01-31,163,6,False,simulation
PO-SIM-0002012,S002,P0010,Groceries,SUP-04,2024-01-25,2024-01-31,4,6,False,simulation
PO-SIM-0002013,S002,P0018,Clothing,SUP-01,2024-01-25,2024-01-28,57,3,False,simulation
PO-SIM-0002014,S003,P0006,Toys,SUP-05,2024-01-25,2024-01-28,1,3,False,simulation
PO-SIM-0002015,S003,P0009,Groceries,SUP-04,2024-01-25,2024-01-31,24,6,False,simulation
PO-SIM-0002016,S003,P0011,Electronics,SUP-02,2024-01-25,2024-01-29,36,4,False,simulation
PO-SIM-0002017,S003,P0017,Furniture,SUP-03,2024-01-25,2024-01-30,19,5,False,simulation
PO-SIM-0002018,S003,P0019,Groceries,SUP-04,2024-01-25,2024-01-31,89,6,False,simulation
PO-SIM-0002019,S004,P0002,Groceries,SUP-04,2024-01-25,2024-01-31,81,6,False,simulation
PO-SIM-0002020,S004,P0005,Clothing,SUP-01,2024-01-25,2024-01-28,1,3,False,simulation
PO-SIM-0002021,S004,P0006,Groceries,SUP-04,2024-01-25,2024-01-31,4,6,False,simulation
PO-SIM-0002022,S004,P0008,Furniture,SUP-03,2024-01-25,2024-01-30,2,5,False,simulation
PO-SIM-0002023,S004,P0009,Clothing,SUP-01,2024-01-25,2024-01-28,158,3,True,simulation
PO-SIM-0002024,S004,P0012,Electronics,SUP-02,2024-01-25,2024-01-29,63,4,False,simulation
PO-SIM-0002025,S004,P0018,Furniture,SUP-03,2024-01-25,2024-01-30,7,5,False,simulation
PO-SIM-0002026,S004,P0019,Clothing,SUP-01,2024-01-25,2024-01-28,55,3,False,simulation
PO-SIM-0002027,S005,P0001,Groceries,SUP-04,2024-01-25,2024-01-31,135,6,False,simulation
PO-SIM-0002028,S005,P0004,Groceries,SUP-04,2024-01-25,2024-01-31,18,6,False,simulation
PO-SIM-0002029,S005,P0008,Groceries,SUP-04,2024-01-25,2024-01-31,10,6,False,simulation
PO-SIM-0002030,S005,P0013,Groceries,SUP-04,2024-01-25,2024-01-31,81,6,False,simulation
PO-SIM-0002031,S005,P0017,Toys,SUP-05,2024-01-25,2024-01-28,61,3,False,simulation
PO-SIM-0002032,S005,P0018,Clothing,SUP-01,2024-01-25,2024-01-28,36,3,False,simulation
PO-SIM-0002033,S001,P0002,Clothing,SUP-01,2024-01-26,2024-01-29,129,3,False,simulation
PO-SIM-0002034,S001,P0015,Toys,SUP-05,2024-01-26,2024-01-29,35,3,False,simulation
PO-SIM-0002035,S001,P0017,Toys,SUP-05,2024-01-26,2024-01-29,82,3,False,simulation
PO-SIM-0002036,S002,P0007,Toys,SUP-05,2024-01-26,2024-01-29,114,3,False,simulation
PO-SIM-0002037,S002,P0008,Groceries,SUP-04,2024-01-26,2024-02-01,55,6,False,simulation
PO-SIM-0002038,S002,P0018,Clothing,SUP-01,2024-01-26,2024-01-29,63,3,False,simulation
PO-SIM-0002039,S003,P0003,Electronics,SUP-02,2024-01-26,2024-01-30,29,4,False,simulation
PO-SIM-0002040,S003,P0006,Toys,SUP-05,2024-01-26,2024-01-29,63,3,False,simulation
PO-SIM-0002041,S003,P0010,Groceries,SUP-04,2024-01-26,2024-02-01,3,6,False,simulation
PO-SIM-0002042,S003,P0019,Groceries,SUP-04,2024-01-26,2024-02-01,38,6,False,simulation
PO-SIM-0002043,S004,P0005,Clothing,SUP-01,2024-01-26,2024-01-29,101,3,False,simulation
PO-SIM-0002044,S004,P0006,Groceries,SUP-04,2024-01-26,2024-02-01,161,6,False,simulation
PO-SIM-0002045,S004,P0008,Furniture,SUP-03,2024-01-26,2024-01-31,1,5,False,simulation
PO-SIM-0002046,S004,P0010,Groceries,SUP-04,2024-01-26,2024-02-01,4,6,False,simulation
PO-SIM-0002047,S004,P0014,Furniture,SUP-03,2024-01-26,2024-01-31,3,5,False,simulation
PO-SIM-0002048,S004,P0015,Furniture,SUP-03,2024-01-26,2024-01-31,5,5,False,simulation
PO-SIM-0002049,S004,P0017,Clothing,SUP-01,2024-01-26,2024-01-29,21,3,False,simulation
PO-SIM-0002050,S004,P0018,Furniture,SUP-03,2024-01-26,2024-01-31,7,5,False,simulation
PO-SIM-0002051,S004,P0019,Clothing,SUP-01,2024-01-26,2024-01-29,89,3,False,simulation
PO-SIM-0002052,S005,P0003,Toys,SUP-05,2024-01-26,2024-01-29,29,3,True,simulation
PO-SIM-0002053,S005,P0004,Groceries,SUP-04,2024-01-26,2024-02-01,58,6,False,simulation
PO-SIM-0002054,S005,P0005,Groceries,SUP-04,2024-01-26,2024-02-01,122,6,False,simulation
PO-SIM-0002055,S005,P0013,Groceries,SUP-04,2024-01-26,2024-02-01,153,6,False,simulation
PO-SIM-0002056,S005,P0014,Furniture,SUP-03,2024-01-26,2024-01-31,27,5,False,simulation
PO-SIM-0002057,S005,P0015,Groceries,SUP-04,2024-01-26,2024-02-01,29,6,False,simulation
PO-SIM-0002058,S005,P0018,Clothing,SUP-01,2024-01-26,2024-01-29,28,3,False,simulation
PO-SIM-0002059,S005,P0019,Furniture,SUP-03,2024-01-26,2024-01-31,41,5,False,simulation
PO-SIM-0002060,S005,P0020,Toys,SUP-05,2024-01-26,2024-01-29,47,3,False,simulation
PO-SIM-0002061,S001,P0002,Clothing,SUP-01,2024-01-27,2024-01-30,15,3,False,simulation
PO-SIM-0002062,S001,P0008,Electronics,SUP-02,2024-01-27,2024-01-31,17,4,False,simulation
PO-SIM-0002063,S001,P0009,Clothing,SUP-01,2024-01-27,2024-01-30,12,3,False,simulation
PO-SIM-0002064,S001,P0010,Furniture,SUP-03,2024-01-27,2024-02-01,51,5,False,simulation
PO-SIM-0002065,S001,P0013,Toys,SUP-05,2024-01-27,2024-01-30,59,3,False,simulation
PO-SIM-0002066,S001,P0015,Toys,SUP-05,2024-01-27,2024-01-30,10,3,False,simulation
PO-SIM-0002067,S001,P0017,Toys,SUP-05,2024-01-27,2024-01-30,78,3,False,simulation
PO-SIM-0002068,S002,P0006,Clothing,SUP-01,2024-01-27,2024-01-30,71,3,False,simulation
PO-SIM-0002069,S002,P0008,Groceries,SUP-04,2024-01-27,2024-02-02,129,6,False,simulation
PO-SIM-0002070,S002,P0010,Groceries,SUP-04,2024-01-27,2024-02-02,126,6,False,simulation
PO-SIM-0002071,S002,P0016,Clothing,SUP-01,2024-01-27,2024-01-30,24,3,False,simulation
PO-SIM-0002072,S002,P0018,Clothing,SUP-01,2024-01-27,2024-01-30,42,3,False,simulation
PO-SIM-0002073,S003,P0003,Electronics,SUP-02,2024-01-27,2024-01-31,14,4,False,simulation
PO-SIM-0002074,S003,P0006,Toys,SUP-05,2024-01-27,2024-01-30,21,3,False,simulation
PO-SIM-0002075,S003,P0009,Groceries,SUP-04,2024-01-27,2024-02-02,84,6,False,simulation
PO-SIM-0002076,S003,P0010,Groceries,SUP-04,2024-01-27,2024-02-02,63,6,False,simulation
PO-SIM-0002077,S003,P0019,Groceries,SUP-04,2024-01-27,2024-02-02,3,6,False,simulation
PO-SIM-0002078,S004,P0002,Groceries,SUP-04,2024-01-27,2024-02-02,84,6,False,simulation
PO-SIM-0002079,S004,P0005,Clothing,SUP-01,2024-01-27,2024-01-30,94,3,False,simulation
PO-SIM-0002080,S004,P0007,Groceries,SUP-04,2024-01-27,2024-02-02,98,6,False,simulation
PO-SIM-0002081,S004,P0018,Furniture,SUP-03,2024-01-27,2024-02-01,13,5,False,simulation
PO-SIM-0002082,S005,P0007,Groceries,SUP-04,2024-01-27,2024-02-02,50,6,False,simulation
PO-SIM-0002083,S005,P0008,Groceries,SUP-04,2024-01-27,2024-02-02,92,6,False,simulation
PO-SIM-0002084,S001,P0008,Electronics,SUP-02,2024-01-28,2024-02-01,104,4,False,simulation
PO-SIM-0002085,S001,P0013,Toys,SUP-05,2024-01-28,2024-01-31,39,3,False,simulation
PO-SIM-0002086,S001,P0015,Toys,SUP-05,2024-01-28,2024-01-31,10,3,False,simulation
PO-SIM-0002087,S001,P0017,Toys,SUP-05,2024-01-28,2024-01-31,81,3,False,simulation
PO-SIM-0002088,S002,P0003,Groceries,SUP-04,2024-01-28,2024-02-03,39,6,False,simulation
PO-SIM-0002089,S002,P0006,Clothing,SUP-01,2024-01-28,2024-01-31,17,3,False,simulation
PO-SIM-0002090,S002,P0010,Groceries,SUP-04,2024-01-28,2024-02-03,6,6,False,simulation
PO-SIM-0002091,S002,P0011,Groceries,SUP-04,2024-01-28,2024-02-03,26,6,False,simulation
PO-SIM-0002092,S002,P0017,Toys,SUP-05,2024-01-28,2024-01-31,1,3,False,simulation
PO-SIM-0002093,S003,P0001,Toys,SUP-05,2024-01-28,2024-01-31,12,3,False,simulation
PO-SIM-0002094,S003,P0003,Electronics,SUP-02,2024-01-28,2024-02-01,69,4,False,simulation
PO-SIM-0002095,S003,P0006,Toys,SUP-05,2024-01-28,2024-01-31,47,3,False,simulation
PO-SIM-0002096,S003,P0008,Clothing,SUP-01,2024-01-28,2024-01-31,18,3,False,simulation
PO-SIM-0002097,S003,P0010,Groceries,SUP-04,2024-01-28,2024-02-03,13,6,False,simulation
PO-SIM-0002098,S003,P0019,Groceries,SUP-04,2024-01-28,2024-02-03,65,6,False,simulation
PO-SIM-0002099,S004,P0004,Groceries,SUP-04,2024-01-28,2024-02-03,165,6,False,simulation
PO-SIM-0002100,S004,P0007,Groceries,SUP-04,2024-01-28,2024-02-03,188,6,False,simulation
PO-SIM-0002101,S004,P0012,Electronics,SUP-02,2024-01-28,2024-02-01,87,4,False,simulation
PO-SIM-0002102,S004,P0014,Furniture,SUP-03,2024-01-28,2024-02-02,91,5,False,simulation
PO-SIM-0002103,S004,P0016,Furniture,SUP-03,2024-01-28,2024-02-02,24,5,False,simulation
PO-SIM-0002104,S004,P0017,Clothing,SUP-01,2024-01-28,2024-01-31,82,3,False,simulation
PO-SIM-0002105,S004,P0018,Furniture,SUP-03,2024-01-28,2024-02-02,26,5,False,simulation
PO-SIM-0002106,S005,P0002,Electronics,SUP-02,2024-01-28,2024-02-01,37,4,False,simulation
PO-SIM-0002107,S005,P0003,Toys,SUP-05,2024-01-28,2024-01-31,38,3,False,simulation
PO-SIM-0002108,S005,P0004,Groceries,SUP-04,2024-01-28,2024-02-03,66,6,False,simulation
PO-SIM-0002109,S005,P0008,Groceries,SUP-04,2024-01-28,2024-02-03,35,6,False,simulation
PO-SIM-0002110,S005,P0011,Electronics,SUP-02,2024-01-28,2024-02-01,33,4,False,simulation
PO-SIM-0002111,S005,P0015,Groceries,SUP-04,2024-01-28,2024-02-03,42,6,False,simulation
PO-SIM-0002112,S005,P0017,Toys,SUP-05,2024-01-28,2024-01-31,21,3,False,simulation
PO-SIM-0002113,S005,P0018,Clothing,SUP-01,2024-01-28,2024-01-31,65,3,False,simulation
PO-SIM-0002114,S005,P0020,Toys,SUP-05,2024-01-28,2024-01-31,66,3,False,simulation
PO-SIM-0002115,S001,P0002,Clothing,SUP-01,2024-01-29,2024-02-01,12,3,True,simulation
PO-SIM-0002116,S001,P0007,Groceries,SUP-04,2024-01-29,2024-02-04,35,6,False,simulation
PO-SIM-0002117,S001,P0008,Electronics,SUP-02,2024-01-29,2024-02-02,14,4,False,simulation
PO-SIM-0002118,S001,P0009,Clothing,SUP-01,2024-01-29,2024-02-01,68,3,False,simulation
PO-SIM-0002119,S001,P0013,Toys,SUP-05,2024-01-29,2024-02-01,43,3,False,simulation
PO-SIM-0002120,S001,P0015,Toys,SUP-05,2024-01-29,2024-02-01,65,3,False,simulation
PO-SIM-0002121,S001,P0019,Furniture,SUP-03,2024-01-29,2024-02-03,13,5,False,simulation
PO-SIM-0002122,S002,P0010,Groceries,SUP-04,2024-01-29,2024-02-04,32,6,False,simulation
PO-SIM-0002123,S003,P0002,Groceries,SUP-04,2024-01-29,2024-02-04,41,6,False,simulation
PO-SIM-0002124,S003,P0009,Groceries,SUP-04,2024-01-29,2024-02-04,96,6,False,simulation
PO-SIM-0002125,S003,P0010,Groceries,SUP-04,2024-01-29,2024-02-04,17,6,False,simulation
PO-SIM-0002126,S004,P0008,Furniture,SUP-03,2024-01-29,2024-02-03,12,5,False,simulation
PO-SIM-0002127,S004,P0012,Electronics,SUP-02,2024-01-29,2024-02-02,1,4,False,simulation
PO-SIM-0002128,S004,P0017,Clothing,SUP-01,2024-01-29,2024-02-01,63,3,False,simulation
PO-SIM-0002129,S005,P0001,Groceries,SUP-04,2024-01-29,2024-02-04,46,6,False,simulation
PO-SIM-0002130,S005,P0004,Groceries,SUP-04,2024-01-29,2024-02-04,4,6,False,simulation
PO-SIM-0002131,S005,P0007,Groceries,SUP-04,2024-01-29,2024-02-04,17,6,False,simulation
PO-SIM-0002132,S005,P0008,Groceries,SUP-04,2024-01-29,2024-02-04,16,6,False,simulation
PO-SIM-0002133,S005,P0017,Toys,SUP-05,2024-01-29,2024-02-01,10,3,False,simulation
PO-SIM-0002134,S005,P0018,Clothing,SUP-01,2024-01-29,2024-02-01,63,3,False,simulation
PO-SIM-0002135,S005,P0019,Furniture,SUP-03,2024-01-29,2024-02-03,54,5,False,simulation
PO-SIM-0002136,S001,P0002,Clothing,SUP-01,2024-01-30,2024-02-02,10,3,False,simulation
PO-SIM-0002137,S001,P0009,Clothing,SUP-01,2024-01-30,2024-02-02,3,3,False,simulation
PO-SIM-0002138,S001,P0013,Toys,SUP-05,2024-01-30,2024-02-02,35,3,False,simulation
PO-SIM-0002139,S001,P0015,Toys,SUP-05,2024-01-30,2024-02-02,42,3,False,simulation
PO-SIM-0002140,S002,P0004,Groceries,SUP-04,2024-01-30,2024-02-05,16,6,False,simulation
PO-SIM-0002141,S002,P0006,Clothing,SUP-01,2024-01-30,2024-02-02,35,3,False,simulation
PO-SIM-0002142,S002,P0008,Groceries,SUP-04,2024-01-30,2024-02-05,53,6,False,simulation
PO-SIM-0002143,S002,P0011,Groceries,SUP-04,2024-01-30,2024-02-05,39,6,False,simulation
PO-SIM-0002144,S002,P0013,Groceries,SUP-04,2024-01-30,2024-02-05,23,6,False,simulation
PO-SIM-0002145,S002,P0016,Clothing,SUP-01,2024-01-30,2024-02-02,45,3,False,simulation
PO-SIM-0002146,S002,P0018,Clothing,SUP-01,2024-01-30,2024-02-02,94,3,False,simulation
PO-SIM-0002147,S003,P0003,Electronics,SUP-02,2024-01-30,2024-02-03,35,4,False,simulation
PO-SIM-0002148,S003,P0006,Toys,SUP-05,2024-01-30,2024-02-02,8,3,False,simulation
PO-SIM-0002149,S003,P0009,Groceries,SUP-04,2024-01-30,2024-02-05,36,6,False,simulation
PO-SIM-0002150,S003,P0010,Groceries,SUP-04,2024-01-30,2024-02-05,54,6,False,simulation
PO-SIM-0002151,S003,P0011,Electronics,SUP-02,2024-01-30,2024-02-03,1,4,False,simulation
PO-SIM-0002152,S003,P0019,Groceries,SUP-04,2024-01-30,2024-02-05,53,6,False,simulation
PO-SIM-0002153,S003,P0020,Clothing,SUP-01,2024-01-30,2024-02-02,35,3,False,simulation
PO-SIM-0002154,S004,P0006,Groceries,SUP-04,2024-01-30,2024-02-05,19,6,False,simulation
PO-SIM-0002155,S004,P0020,Furniture,SUP-03,2024-01-30,2024-02-04,18,5,False,simulation
PO-SIM-0002156,S005,P0010,Groceries,SUP-04,2024-01-30,2024-02-05,2,6,False,simulation
PO-SIM-0002157,S005,P0017,Toys,SUP-05,2024-01-30,2024-02-02,5,3,False,simulation
